/*
SQLyog Community v13.1.1 (64 bit)
MySQL - 10.1.37-MariaDB : Database - new_ticket
*********************************************************************
*/

/*!40101 SET NAMES utf8 */;

/*!40101 SET SQL_MODE=''*/;

/*!40014 SET @OLD_UNIQUE_CHECKS=@@UNIQUE_CHECKS, UNIQUE_CHECKS=0 */;
/*!40014 SET @OLD_FOREIGN_KEY_CHECKS=@@FOREIGN_KEY_CHECKS, FOREIGN_KEY_CHECKS=0 */;
/*!40101 SET @OLD_SQL_MODE=@@SQL_MODE, SQL_MODE='NO_AUTO_VALUE_ON_ZERO' */;
/*!40111 SET @OLD_SQL_NOTES=@@SQL_NOTES, SQL_NOTES=0 */;
CREATE DATABASE /*!32312 IF NOT EXISTS*/`new_ticket` /*!40100 DEFAULT CHARACTER SET utf8 COLLATE utf8_bin */;

USE `new_ticket`;

/*Table structure for table `account_payment_gateways` */

DROP TABLE IF EXISTS `account_payment_gateways`;

CREATE TABLE `account_payment_gateways` (
  `id` int(10) unsigned NOT NULL AUTO_INCREMENT,
  `account_id` int(10) unsigned NOT NULL,
  `payment_gateway_id` int(10) unsigned NOT NULL,
  `config` text COLLATE utf8_unicode_ci NOT NULL,
  `deleted_at` timestamp NULL DEFAULT NULL,
  `created_at` timestamp NULL DEFAULT NULL,
  `updated_at` timestamp NULL DEFAULT NULL,
  PRIMARY KEY (`id`),
  KEY `account_payment_gateways_payment_gateway_id_foreign` (`payment_gateway_id`),
  KEY `account_payment_gateways_account_id_foreign` (`account_id`),
  CONSTRAINT `account_payment_gateways_account_id_foreign` FOREIGN KEY (`account_id`) REFERENCES `accounts` (`id`) ON DELETE CASCADE,
  CONSTRAINT `account_payment_gateways_payment_gateway_id_foreign` FOREIGN KEY (`payment_gateway_id`) REFERENCES `payment_gateways` (`id`) ON DELETE CASCADE
) ENGINE=InnoDB AUTO_INCREMENT=3 DEFAULT CHARSET=utf8 COLLATE=utf8_unicode_ci;

/*Data for the table `account_payment_gateways` */

insert  into `account_payment_gateways`(`id`,`account_id`,`payment_gateway_id`,`config`,`deleted_at`,`created_at`,`updated_at`) values 
(1,1,1,'[]',NULL,'2020-04-20 05:08:06','2020-04-20 05:08:06'),
(2,2,1,'[]',NULL,'2020-05-20 23:42:53','2020-05-20 23:42:53');

/*Table structure for table `accounts` */

DROP TABLE IF EXISTS `accounts`;

CREATE TABLE `accounts` (
  `id` int(10) unsigned NOT NULL AUTO_INCREMENT,
  `first_name` varchar(255) COLLATE utf8_unicode_ci NOT NULL,
  `last_name` varchar(255) COLLATE utf8_unicode_ci NOT NULL,
  `email` varchar(255) COLLATE utf8_unicode_ci NOT NULL,
  `timezone_id` int(10) unsigned DEFAULT NULL,
  `date_format_id` int(10) unsigned DEFAULT NULL,
  `datetime_format_id` int(10) unsigned DEFAULT NULL,
  `currency_id` int(10) unsigned DEFAULT NULL,
  `created_at` timestamp NULL DEFAULT NULL,
  `updated_at` timestamp NULL DEFAULT NULL,
  `deleted_at` timestamp NULL DEFAULT NULL,
  `name` varchar(255) COLLATE utf8_unicode_ci DEFAULT NULL,
  `last_ip` varchar(255) COLLATE utf8_unicode_ci DEFAULT NULL,
  `last_login_date` timestamp NULL DEFAULT NULL,
  `address1` varchar(255) COLLATE utf8_unicode_ci DEFAULT NULL,
  `address2` varchar(255) COLLATE utf8_unicode_ci DEFAULT NULL,
  `city` varchar(255) COLLATE utf8_unicode_ci DEFAULT NULL,
  `state` varchar(255) COLLATE utf8_unicode_ci DEFAULT NULL,
  `postal_code` varchar(255) COLLATE utf8_unicode_ci DEFAULT NULL,
  `country_id` int(10) unsigned DEFAULT NULL,
  `email_footer` text COLLATE utf8_unicode_ci,
  `is_active` tinyint(1) NOT NULL DEFAULT '0',
  `is_banned` tinyint(1) NOT NULL DEFAULT '0',
  `is_beta` tinyint(1) NOT NULL DEFAULT '0',
  `stripe_access_token` varchar(55) COLLATE utf8_unicode_ci DEFAULT NULL,
  `stripe_refresh_token` varchar(55) COLLATE utf8_unicode_ci DEFAULT NULL,
  `stripe_secret_key` varchar(55) COLLATE utf8_unicode_ci DEFAULT NULL,
  `stripe_publishable_key` varchar(55) COLLATE utf8_unicode_ci DEFAULT NULL,
  `stripe_data_raw` text COLLATE utf8_unicode_ci,
  `payment_gateway_id` int(10) unsigned NOT NULL DEFAULT '1',
  PRIMARY KEY (`id`),
  KEY `accounts_timezone_id_foreign` (`timezone_id`),
  KEY `accounts_date_format_id_foreign` (`date_format_id`),
  KEY `accounts_datetime_format_id_foreign` (`datetime_format_id`),
  KEY `accounts_currency_id_foreign` (`currency_id`),
  KEY `accounts_payment_gateway_id_foreign` (`payment_gateway_id`),
  CONSTRAINT `accounts_currency_id_foreign` FOREIGN KEY (`currency_id`) REFERENCES `currencies` (`id`),
  CONSTRAINT `accounts_date_format_id_foreign` FOREIGN KEY (`date_format_id`) REFERENCES `date_formats` (`id`),
  CONSTRAINT `accounts_datetime_format_id_foreign` FOREIGN KEY (`datetime_format_id`) REFERENCES `date_formats` (`id`),
  CONSTRAINT `accounts_payment_gateway_id_foreign` FOREIGN KEY (`payment_gateway_id`) REFERENCES `payment_gateways` (`id`),
  CONSTRAINT `accounts_timezone_id_foreign` FOREIGN KEY (`timezone_id`) REFERENCES `timezones` (`id`)
) ENGINE=InnoDB AUTO_INCREMENT=5 DEFAULT CHARSET=utf8 COLLATE=utf8_unicode_ci;

/*Data for the table `accounts` */

insert  into `accounts`(`id`,`first_name`,`last_name`,`email`,`timezone_id`,`date_format_id`,`datetime_format_id`,`currency_id`,`created_at`,`updated_at`,`deleted_at`,`name`,`last_ip`,`last_login_date`,`address1`,`address2`,`city`,`state`,`postal_code`,`country_id`,`email_footer`,`is_active`,`is_banned`,`is_beta`,`stripe_access_token`,`stripe_refresh_token`,`stripe_secret_key`,`stripe_publishable_key`,`stripe_data_raw`,`payment_gateway_id`) values 
(1,'XXXX','XXXX','admin@ticket.com',15,NULL,NULL,2,'2020-04-06 20:54:26','2020-05-29 15:42:16',NULL,NULL,NULL,NULL,NULL,NULL,NULL,NULL,NULL,NULL,NULL,0,0,0,NULL,NULL,NULL,NULL,NULL,1),
(2,'Eric','Anderson','eric@eca1.net',15,NULL,NULL,1,'2020-04-25 07:25:53','2020-05-20 23:44:32',NULL,NULL,NULL,NULL,NULL,NULL,NULL,NULL,NULL,NULL,NULL,0,0,0,NULL,NULL,NULL,NULL,NULL,1),
(3,'minamidaro111','','minamidaro@hotmail.com',30,NULL,NULL,2,'2020-05-17 21:12:02','2020-05-17 21:12:02',NULL,NULL,NULL,NULL,NULL,NULL,NULL,NULL,NULL,NULL,NULL,0,0,0,NULL,NULL,NULL,NULL,NULL,1),
(4,'sexyduo','duo','iwhisprr@clubwhisprrz.com',30,NULL,NULL,2,'2020-05-22 09:39:27','2020-05-22 09:39:27',NULL,NULL,NULL,NULL,NULL,NULL,NULL,NULL,NULL,NULL,NULL,0,0,0,NULL,NULL,NULL,NULL,NULL,1);

/*Table structure for table `affiliates` */

DROP TABLE IF EXISTS `affiliates`;

CREATE TABLE `affiliates` (
  `id` int(10) unsigned NOT NULL AUTO_INCREMENT,
  `name` varchar(125) COLLATE utf8_unicode_ci NOT NULL,
  `visits` int(11) NOT NULL,
  `tickets_sold` int(11) NOT NULL,
  `sales_volume` decimal(10,2) NOT NULL DEFAULT '0.00',
  `last_visit` timestamp NOT NULL DEFAULT CURRENT_TIMESTAMP ON UPDATE CURRENT_TIMESTAMP,
  `account_id` int(10) unsigned NOT NULL,
  `event_id` int(10) unsigned NOT NULL,
  `created_at` timestamp NULL DEFAULT NULL,
  `updated_at` timestamp NULL DEFAULT NULL,
  PRIMARY KEY (`id`),
  KEY `affiliates_event_id_foreign` (`event_id`),
  KEY `affiliates_account_id_index` (`account_id`),
  CONSTRAINT `affiliates_account_id_foreign` FOREIGN KEY (`account_id`) REFERENCES `accounts` (`id`) ON DELETE CASCADE,
  CONSTRAINT `affiliates_event_id_foreign` FOREIGN KEY (`event_id`) REFERENCES `events` (`id`) ON DELETE CASCADE
) ENGINE=InnoDB AUTO_INCREMENT=2 DEFAULT CHARSET=utf8 COLLATE=utf8_unicode_ci;

/*Data for the table `affiliates` */

insert  into `affiliates`(`id`,`name`,`visits`,`tickets_sold`,`sales_volume`,`last_visit`,`account_id`,`event_id`,`created_at`,`updated_at`) values 
(1,'joinus',2,1,25.00,'2020-05-17 00:38:14',1,1,'2020-05-17 00:37:03','2020-05-17 00:38:14');

/*Table structure for table `attendees` */

DROP TABLE IF EXISTS `attendees`;

CREATE TABLE `attendees` (
  `id` int(10) unsigned NOT NULL AUTO_INCREMENT,
  `order_id` int(10) unsigned NOT NULL,
  `event_id` int(10) unsigned NOT NULL,
  `ticket_id` int(10) unsigned DEFAULT NULL,
  `first_name` varchar(255) COLLATE utf8_unicode_ci NOT NULL,
  `last_name` varchar(255) COLLATE utf8_unicode_ci NOT NULL,
  `email` varchar(255) COLLATE utf8_unicode_ci NOT NULL,
  `private_reference_number` varchar(15) COLLATE utf8_unicode_ci NOT NULL,
  `created_at` timestamp NULL DEFAULT NULL,
  `updated_at` timestamp NULL DEFAULT NULL,
  `deleted_at` timestamp NULL DEFAULT NULL,
  `is_cancelled` tinyint(1) NOT NULL DEFAULT '0',
  `has_arrived` tinyint(1) NOT NULL DEFAULT '0',
  `arrival_time` datetime DEFAULT NULL,
  `account_id` int(10) unsigned NOT NULL,
  `reference_index` int(11) NOT NULL DEFAULT '0',
  `is_refunded` tinyint(1) NOT NULL DEFAULT '0',
  `second_name` varchar(255) COLLATE utf8_unicode_ci DEFAULT NULL,
  `business_name` varchar(255) COLLATE utf8_unicode_ci DEFAULT NULL,
  `checkin_at` text COLLATE utf8_unicode_ci,
  `checkout_at` text COLLATE utf8_unicode_ci,
  `clear_checkin_at` text COLLATE utf8_unicode_ci,
  `second_last_name` varchar(255) COLLATE utf8_unicode_ci DEFAULT NULL,
  `photo_path` varchar(255) COLLATE utf8_unicode_ci DEFAULT NULL,
  `period_in` double DEFAULT NULL,
  PRIMARY KEY (`id`),
  KEY `attendees_order_id_index` (`order_id`),
  KEY `attendees_event_id_index` (`event_id`),
  KEY `attendees_ticket_id_index` (`ticket_id`),
  KEY `attendees_private_reference_number_index` (`private_reference_number`),
  KEY `attendees_account_id_index` (`account_id`),
  CONSTRAINT `attendees_account_id_foreign` FOREIGN KEY (`account_id`) REFERENCES `accounts` (`id`) ON DELETE CASCADE,
  CONSTRAINT `attendees_event_id_foreign` FOREIGN KEY (`event_id`) REFERENCES `events` (`id`) ON DELETE CASCADE,
  CONSTRAINT `attendees_order_id_foreign` FOREIGN KEY (`order_id`) REFERENCES `orders` (`id`) ON DELETE CASCADE,
  CONSTRAINT `attendees_ticket_id_foreign` FOREIGN KEY (`ticket_id`) REFERENCES `tickets` (`id`) ON DELETE CASCADE
) ENGINE=InnoDB AUTO_INCREMENT=84 DEFAULT CHARSET=utf8 COLLATE=utf8_unicode_ci;

/*Data for the table `attendees` */

insert  into `attendees`(`id`,`order_id`,`event_id`,`ticket_id`,`first_name`,`last_name`,`email`,`private_reference_number`,`created_at`,`updated_at`,`deleted_at`,`is_cancelled`,`has_arrived`,`arrival_time`,`account_id`,`reference_index`,`is_refunded`,`second_name`,`business_name`,`checkin_at`,`checkout_at`,`clear_checkin_at`,`second_last_name`,`photo_path`,`period_in`) values 
(1,1,1,6,'Eric & Jamie','Anderson','','c34HsggCg2pGTjA','2020-04-21 21:14:35','2020-05-26 16:14:34',NULL,0,0,'2020-05-26 16:14:34',1,1,0,NULL,'new couple','2020-05-26 16:14:26',NULL,'2020-05-26 16:14:34',NULL,NULL,NULL),
(2,1,1,7,'ard','aa','ccc@qq.com','ZcIPJMxjsZAb4Yv','2020-04-21 21:14:35','2020-07-01 00:33:31',NULL,0,1,'2020-07-01 00:33:31',1,2,0,'dddd','jamie','2020-05-27 18:47:02 2020-06-18 05:30:05 2020-06-30 04:42:07 2020-07-01 00:20:09','2020-05-27 16:09:41 2020-06-12 18:57:02 2020-06-17 05:23:26 2020-06-30 04:20:56 2020-06-30 04:45:41 2020-07-01 00:33:31','2020-05-18 03:18:09','aaaa','http://localhost/Whisprrz_Wevents/public/user_content/user_photos/user_image-9a30ce47e46c9a58961eff997a2e25cd.jpg',1033667),
(3,1,1,2,'Eric & Jamie','Anderson','e@eca1.net','MpLfgdSTn3DjYwn','2020-04-21 21:14:35','2020-06-27 10:23:38',NULL,0,1,'2020-06-21 09:08:51',1,3,0,NULL,'fun069cpl','2020-05-17 04:03:03 2020-06-13 02:20:50 2020-06-13 07:25:48 2020-06-17 08:30:04','2020-05-17 01:39:08 2020-06-12 18:40:36 2020-06-14 08:12:28 2020-06-21 09:08:51',NULL,NULL,'http://localhost/Whisprrz_Wevents_new/public/user_content/user_photos/user_image-051740cd7e9c3a8ae79ec82ad0bb8c41.jpg',437127),
(4,2,1,9,'Eric & Jamie','Anderson','e@eca1.net','K75Nb8ccqWeAwKy','2020-04-21 21:21:21','2020-07-01 00:16:58',NULL,0,1,'2020-07-01 00:16:58',1,1,0,'cc','fun069cpl','2020-05-16 15:19:28 2020-06-13 02:31:07 2020-06-13 02:32:52 2020-06-13 02:35:06 2020-06-13 02:50:42 2020-06-13 03:00:35 2020-06-13 03:02:27 2020-06-13 03:05:12 2020-06-13 03:07:50 2020-06-13 03:09:55 2020-06-13 03:13:48 2020-06-13 03:15:17 2020-06-13 03:16:18 2020-06-13 03:16:29 2020-06-13 04:17:47 2020-06-13 06:50:23 2020-06-13 06:53:39 2020-06-13 06:54:12 2020-06-13 06:54:14 2020-06-13 06:58:10 2020-06-13 06:58:36 2020-06-13 06:59:11 2020-06-13 07:04:01 2020-06-13 07:06:00 2020-06-13 07:10:07 2020-06-13 07:11:14 2020-06-13 07:11:50 2020-06-13 07:12:15 2020-06-13 07:12:53 2020-06-13 07:13:19 2020-06-13 07:15:26 2020-06-13 07:19:51 2020-06-13 07:20:23 2020-06-13 07:21:06 2020-06-13 07:25:03 2020-06-13 07:25:49 2020-06-13 07:30:18 2020-06-13 07:31:27 2020-06-13 07:31:30 2020-06-13 07:33:04 2020-06-13 07:33:37 2020-06-13 07:35:18 2020-06-13 07:36:33 2020-06-13 07:38:20 2020-06-13 07:38:24 2020-06-13 07:38:28 2020-06-13 07:39:29 2020-06-13 07:41:12 2020-06-13 07:41:49 2020-06-13 07:44:52 2020-06-13 07:46:02 2020-06-13 07:51:03 2020-06-13 07:52:32 2020-06-13 07:57:29 2020-06-13 08:02:01 2020-06-13 08:04:38 2020-06-13 08:04:49 2020-06-14 02:16:46 2020-06-14 02:21:24 2020-06-14 02:22:10 2020-06-14 02:24:49 2020-06-14 02:28:07 2020-06-14 02:31:48 2020-06-14 08:11:58 2020-06-14 08:12:51 2020-06-14 08:15:13 2020-06-14 08:15:30 2020-06-14 08:23:34 2020-06-14 08:28:11 2020-06-14 09:25:45 2020-06-14 09:37:12 2020-06-14 09:38:28 2020-06-14 09:39:15 2020-06-14 09:40:13 2020-06-17 06:43:26 2020-06-17 09:17:06 2020-06-17 09:33:16 2020-06-18 05:42:21 2020-06-18 05:50:56 2020-06-18 07:50:02 2020-06-18 08:55:41 2020-06-30 21:53:18',' 2020-06-13 02:30:18 2020-06-13 02:32:14 2020-06-13 02:37:45 2020-06-13 02:58:55 2020-06-13 03:00:39 2020-06-13 03:03:23 2020-06-13 03:05:34 2020-06-13 03:08:03 2020-06-13 03:10:50 2020-06-13 03:14:06 2020-06-13 03:15:20 2020-06-13 03:16:29 2020-06-13 03:26:30 2020-06-13 04:18:55 2020-06-13 06:50:49 2020-06-13 06:53:51 2020-06-13 06:54:12 2020-06-13 06:58:07 2020-06-13 06:58:36 2020-06-13 06:59:07 2020-06-13 07:03:59 2020-06-13 07:04:33 2020-06-13 07:10:03 2020-06-13 07:11:12 2020-06-13 07:11:48 2020-06-13 07:12:13 2020-06-13 07:12:52 2020-06-13 07:13:18 2020-06-13 07:15:24 2020-06-13 07:19:49 2020-06-13 07:20:21 2020-06-13 07:21:04 2020-06-13 07:25:01 2020-06-13 07:25:47 2020-06-13 07:30:16 2020-06-13 07:31:25 2020-06-13 07:31:27 2020-06-13 07:33:02 2020-06-13 07:33:36 2020-06-13 07:35:15 2020-06-13 07:36:31 2020-06-13 07:37:19 2020-06-13 07:38:24 2020-06-13 07:38:27 2020-06-13 07:39:25 2020-06-13 07:41:11 2020-06-13 07:41:47 2020-06-13 07:44:50 2020-06-13 07:46:00 2020-06-13 07:50:58 2020-06-13 07:52:29 2020-06-13 07:57:27 2020-06-13 08:01:59 2020-06-13 08:04:37 2020-06-13 08:04:47 2020-06-14 02:16:34 2020-06-14 02:21:19 2020-06-14 02:22:06 2020-06-14 02:24:43 2020-06-14 02:28:02 2020-06-14 02:31:35 2020-06-14 02:31:44 2020-06-14 02:32:11 2020-06-14 08:12:31 2020-06-14 08:28:06 2020-06-14 08:28:30 2020-06-14 09:26:04 2020-06-14 09:27:00 2020-06-14 09:37:24 2020-06-14 09:38:43 2020-06-14 09:40:17 2020-06-17 09:10:20 2020-06-17 09:32:46 2020-06-17 09:33:50 2020-06-18 05:45:46 2020-06-18 07:34:26 2020-06-18 08:55:30 2020-06-18 10:21:08 2020-07-01 00:16:57','2020-06-14 02:19:12 2020-06-14 02:21:31 2020-06-14 02:24:39 2020-06-14 02:25:55 2020-06-14 02:28:00 2020-06-14 02:31:41 2020-06-14 08:27:37 2020-06-14 09:26:33 2020-06-14 09:37:40 2020-06-14 09:39:29','dd','http://localhost/Whisprrz_Wevents_new/public/user_content/user_photos/user_image-b0b8425251b33e33d3a866e4b66a7b6b.jpg',33881),
(5,2,1,9,'r','r','eric@eca1.net','3JfWty69NoWi9hS','2020-04-21 21:21:21','2020-06-30 21:44:54',NULL,0,1,'2020-06-30 21:44:54',1,2,0,'ccc001','whisprrz','2020-06-04 06:55:51 2020-06-17 06:37:27 2020-06-18 08:56:36','2020-05-16 15:19:26 2020-06-17 06:43:13 2020-06-30 21:44:54','2020-05-16 15:20:59','ccc002','http://localhost/Whisprrz_Wevents_new/public/user_content/user_photos/user_image-e481a9112c46500e223049f8a5817f63.jpg',1083244),
(6,3,1,9,'e','e','ericeca1@yahoo.com','4sXNyM6y1vgJOVi','2020-04-22 00:50:34','2020-04-26 16:06:27',NULL,1,0,NULL,1,1,0,NULL,NULL,NULL,NULL,NULL,NULL,NULL,NULL),
(7,4,3,11,'cui','gao','cuigao@gmail.com','g6Mcx13jzV8f4sn','2020-04-23 17:14:49','2020-05-14 04:51:40',NULL,0,1,'2020-05-14 04:51:40',1,1,0,NULL,'',NULL,NULL,NULL,NULL,NULL,NULL),
(8,5,2,4,'minami','huzi','minamimuke@hotmail.com','18WeOSZxWGnmUll','2020-04-25 02:03:12','2020-05-14 17:49:05',NULL,0,1,'2020-05-14 17:49:05',1,1,0,NULL,NULL,NULL,NULL,NULL,NULL,NULL,NULL),
(9,6,2,4,'minami','huzi1','minamihuzi@hotmail.com','i8PhdECI1oy1han','2020-04-25 02:21:24','2020-05-14 04:49:07',NULL,0,1,'2020-05-14 04:49:07',1,1,0,NULL,NULL,NULL,NULL,NULL,NULL,NULL,NULL),
(10,6,2,5,'minami','muke','minamimuke@hotmail.com','bFoDpXgHMCajOpz','2020-04-25 02:21:24','2020-05-12 10:26:36',NULL,0,1,'2020-05-12 10:26:36',1,2,0,NULL,NULL,NULL,NULL,NULL,NULL,NULL,NULL),
(11,7,2,5,'minami','huzi','minamihuzi@hotmail.com','EO06WwYYjX1ij9W','2020-04-25 02:26:53','2020-05-14 04:49:20',NULL,0,1,'2020-05-14 04:49:20',1,1,0,NULL,NULL,NULL,NULL,NULL,NULL,NULL,NULL),
(12,8,2,4,'asdf','asdf','minamihuzi@hotmail.com','xzJuUA4J17S4xdh','2020-04-25 02:39:40','2020-05-12 10:26:20',NULL,0,1,'2020-05-12 10:26:20',1,1,0,NULL,NULL,NULL,NULL,NULL,NULL,NULL,NULL),
(13,9,2,4,'minami','huzi','minamihuzi@hotmail.com','ZjRLVXDXseibE4G','2020-04-25 02:54:13','2020-04-25 02:54:13',NULL,0,0,NULL,1,1,0,NULL,NULL,NULL,NULL,NULL,NULL,NULL,NULL),
(14,10,2,5,'minami','huzi','minamihuzi@hotmail.com','XNxBHkcLUyxLCGr','2020-04-25 07:31:53','2020-04-25 07:31:53',NULL,0,0,NULL,1,1,0,NULL,NULL,NULL,NULL,NULL,NULL,NULL,NULL),
(15,11,2,4,'minami','huzi','minamihuzi@hotmail.com','8dleCmR9z6Nxizy','2020-04-25 07:34:31','2020-04-25 07:34:31',NULL,0,0,NULL,1,1,0,NULL,NULL,NULL,NULL,NULL,NULL,NULL,NULL),
(16,12,2,4,'minami','huzi','minamihuzi@hotmail.com','4Qhetq7JMXYzswi','2020-04-25 07:36:03','2020-04-25 07:36:03',NULL,0,0,NULL,1,1,0,NULL,NULL,NULL,NULL,NULL,NULL,NULL,NULL),
(17,13,2,4,'minami','huzi','minamihuzi@hotmail.com','A16emEVuE1BZlio','2020-04-25 07:40:17','2020-04-25 07:40:17',NULL,0,0,NULL,1,1,0,NULL,NULL,NULL,NULL,NULL,NULL,NULL,NULL),
(18,14,2,4,'minami','huzi','minamihuzi@hotmail.com','Ez37kaqwwBrtyC2','2020-04-25 07:41:39','2020-05-14 17:49:27',NULL,0,1,'2020-05-14 17:49:27',1,1,0,NULL,NULL,NULL,NULL,NULL,NULL,NULL,NULL),
(19,15,2,4,'minami','huzi','minamihuzi@hotmail.com','xwgh2wjGRdkslom','2020-04-26 08:33:02','2020-04-26 08:33:02',NULL,0,0,NULL,1,1,0,NULL,NULL,NULL,NULL,NULL,NULL,NULL,NULL),
(20,16,2,5,'minami','muke','minamimuke@hotmail.com','ibcQ8kQE8hi9KbC','2020-04-26 08:44:31','2020-04-26 08:44:31',NULL,0,0,NULL,1,1,0,NULL,NULL,NULL,NULL,NULL,NULL,NULL,NULL),
(21,17,2,4,'minami','daro','minamihuzi@hotmail.com','BFg4WlF6M5pLWmT','2020-04-26 09:02:25','2020-05-14 17:49:11',NULL,0,1,'2020-05-14 17:49:11',1,1,0,NULL,NULL,NULL,NULL,NULL,NULL,NULL,NULL),
(22,18,2,4,'muke','huzi','minamimuke@hotmail.com','24HXQtY5OZVfDei','2020-04-26 09:12:37','2020-04-26 09:12:37',NULL,0,0,NULL,1,1,0,NULL,NULL,NULL,NULL,NULL,NULL,NULL,NULL),
(23,19,2,4,'minami','muke','minamihuzi@hotmail.com','Mz9acPdrTiusTuV','2020-04-26 09:28:37','2020-04-26 09:28:37',NULL,0,0,NULL,1,1,0,NULL,NULL,NULL,NULL,NULL,NULL,NULL,NULL),
(24,20,2,4,'minami','huzi','minamihuzi@hotmail.com','FaNlvYzsoA7T8pA','2020-04-27 12:43:21','2020-04-27 12:43:21',NULL,0,0,NULL,1,1,0,NULL,NULL,NULL,NULL,NULL,NULL,NULL,NULL),
(26,22,2,5,'minami','Alexandr','minamihuzi@hotmail.com','c77hqtEHReRA0Z0','2020-04-27 15:01:11','2020-04-27 15:01:11',NULL,0,0,NULL,1,1,0,NULL,NULL,NULL,NULL,NULL,NULL,NULL,NULL),
(27,22,2,5,'minami','daro','minamihuzi@hotmail.com','7aXrppy4g0JenT9','2020-04-27 15:01:11','2020-04-27 15:01:11',NULL,0,0,NULL,1,2,0,NULL,NULL,NULL,NULL,NULL,NULL,NULL,NULL),
(28,23,3,10,'Alex','minami','minamimuke@hotmail.com','8Vdt5JfARbdNjQp','2020-04-27 15:16:34','2020-05-09 15:21:42',NULL,0,1,'2020-05-09 15:21:42',1,1,0,NULL,NULL,NULL,NULL,NULL,NULL,NULL,NULL),
(29,24,3,10,'eric','minami','e@eca1.net','6lBpdMS3brggkrN','2020-04-27 15:24:06','2020-05-14 22:03:44',NULL,0,2,'2020-05-14 22:03:44',1,1,0,NULL,'',NULL,NULL,NULL,NULL,NULL,NULL),
(30,25,2,4,'minami','test1','minamimuke@hotmail.com','qZJqdzWDuwJcdiM','2020-04-27 15:48:34','2020-04-27 15:48:34',NULL,0,0,NULL,1,1,0,NULL,NULL,NULL,NULL,NULL,NULL,NULL,NULL),
(31,26,3,10,'minami','Eric','ericeca1@yahoo.com','WHsr7AOGtczRnyo','2020-04-27 16:25:46','2020-04-27 16:25:46',NULL,0,0,NULL,1,1,0,NULL,NULL,NULL,NULL,NULL,NULL,NULL,NULL),
(32,26,3,10,'minami','Charles','ericeca1@yahoo.com','Dn3C1R4MjN06MXX','2020-04-27 16:25:46','2020-04-27 16:25:46',NULL,0,0,NULL,1,2,0,NULL,NULL,NULL,NULL,NULL,NULL,NULL,NULL),
(33,27,1,12,'minami','muke','minamidaro@hotmail.com','OUaVBBvJL2O8ASf','2020-04-30 13:10:25','2020-05-19 01:45:30',NULL,0,1,'2020-05-19 01:45:30',1,1,0,NULL,'cuigao','2020-05-19 01:45:30',NULL,'2020-05-16 09:18:16',NULL,NULL,NULL),
(34,28,1,2,'wei','mui','weimuribyol@hotmail.com','iUUEIQvhjMGhFCc','2020-04-30 13:29:34','2020-05-16 09:18:12',NULL,0,0,'2020-05-16 09:18:12',1,1,0,NULL,'cuigao',NULL,NULL,'2020-05-16 09:18:12',NULL,NULL,NULL),
(35,29,1,2,'wei','mui','weimuribyol@hotmail.com','HfXVQsR2WISDCpQ','2020-04-30 13:46:42','2020-06-27 10:13:33',NULL,0,1,'2020-05-14 14:35:55',1,1,0,NULL,'cuigao',NULL,NULL,NULL,NULL,'http://localhost/Whisprrz_Wevents_new/public/user_content/user_photos/user_image-952376e7dde3de5acdb95ecaef391ff4.jpg',NULL),
(36,30,1,2,'wei','mui','weimuribyol@hotmail.com','HPf3SC0gpFJ6fJx','2020-04-30 14:01:39','2020-06-30 04:24:28',NULL,0,1,'2020-06-30 04:24:28',1,1,0,NULL,'cuigao',' 2020-06-18 08:55:35',' 2020-06-30 04:24:28',NULL,NULL,'http://localhost/Whisprrz_Wevents_new/public/user_content/user_photos/user_image-20abedfafd76248986acd9fbe4b19749.jpg',1020533),
(37,31,1,2,'Eric','Anderson','eric@eca1.net','NpnSxOmb97jqvN3','2020-05-04 02:06:52','2020-06-27 10:03:35',NULL,0,2,'2020-06-18 08:55:58',1,1,0,NULL,'jamie','2020-05-17 23:10:30 2020-06-18 08:55:58','2020-05-17 23:10:23',NULL,NULL,'',NULL),
(38,32,4,17,'Eric','Anderson','eric@eca1.net','3uoihELS2naMaIj','2020-05-15 01:04:18','2020-05-16 13:49:39',NULL,0,2,'2020-05-16 13:49:39',1,1,0,NULL,'','2020-05-16 13:49:36','2020-05-16 13:49:39','2020-05-16 13:48:47',NULL,NULL,NULL),
(39,33,1,2,'Eric','Anderson','eric@eca1.net','RApzD9Xj65mlQhM','2020-05-16 04:49:52','2020-06-27 10:13:08',NULL,0,2,'2020-06-18 08:55:24',1,1,0,'','EEE999','2020-05-27 19:01:01 2020-06-17 08:38:47 2020-06-18 08:55:24','2020-05-27 16:04:21 2020-06-17 09:10:56','2020-05-27 16:00:10','','http://localhost/Whisprrz_Wevents_new/public/user_content/user_photos/user_image-2c50393157f4b2f118bc3f1ab22a1cd7.jpg',1929),
(40,34,1,12,'','','','fCXNLJ7S2VrYScX','2020-05-17 00:38:14','2020-05-27 16:08:08',NULL,0,1,'2020-05-27 16:08:08',1,1,0,NULL,NULL,'2020-05-27 16:08:08','2020-05-27 16:08:05',NULL,NULL,NULL,NULL),
(41,1,1,1,'first','last','cc@first.com','PgCyhdiCure2veD','2020-05-17 09:57:48','2020-05-17 09:57:48',NULL,0,0,'2020-05-17 09:57:48',1,1,0,NULL,'username',NULL,NULL,NULL,NULL,NULL,NULL),
(42,1,1,1,'nnn','mmm','cc2@pp.com','uAtRE4i3YSgtM5b','2020-05-17 22:07:28','2020-05-17 22:07:28',NULL,0,0,'2020-05-17 22:07:28',1,0,0,NULL,'nnsscc',NULL,NULL,NULL,NULL,NULL,NULL),
(43,1,1,1,'first_nme','last_name','minamimuke@hotmail.com','DnDiwYOZ0a4oWud','2020-05-18 12:30:44','2020-05-18 12:30:44',NULL,0,0,'2020-05-18 12:30:44',1,1,0,NULL,'user mmmke',NULL,NULL,NULL,NULL,NULL,NULL),
(44,1,1,1,'first_nme','last_name','minamimuke@hotmail.com','iNR1Nlw5RFXZvhj','2020-05-18 12:34:56','2020-05-18 12:34:56',NULL,0,0,'2020-05-18 12:34:56',1,1,0,NULL,'user mmmke',NULL,NULL,NULL,NULL,NULL,NULL),
(45,1,1,1,'','','','7UAEOwbKnettdPn','2020-05-18 15:57:03','2020-05-18 15:57:03',NULL,0,0,'2020-05-18 15:57:03',1,1,0,NULL,'',NULL,NULL,NULL,NULL,NULL,NULL),
(46,1,1,1,'','','','FcZwAsBQDfMMYrA','2020-05-18 15:57:06','2020-05-18 15:57:06',NULL,0,0,'2020-05-18 15:57:06',1,1,0,NULL,'',NULL,NULL,NULL,NULL,NULL,NULL),
(47,1,1,1,'','','','j4n34AHfQ8oSzms','2020-05-18 18:14:07','2020-05-18 18:14:07',NULL,0,0,'2020-05-18 18:14:07',1,1,0,NULL,'',NULL,NULL,NULL,NULL,NULL,NULL),
(48,1,1,1,'Eric','Anderson','eric@eca1.net','E7vAnYWwmkyoSaL','2020-05-18 18:14:31','2020-06-17 08:23:40',NULL,0,1,'2020-06-17 08:23:40',1,1,0,NULL,'Eric Anderson',NULL,NULL,NULL,NULL,NULL,NULL),
(49,1,1,1,'gEric','Anderson','eric@eca1.net','cbYJGFoxenJEuuK','2020-05-18 18:16:37','2020-05-19 02:50:29',NULL,0,1,'2020-05-19 02:50:29',1,1,0,NULL,'Eric Anderson','2020-05-19 02:50:29','2020-05-19 01:34:20',NULL,NULL,NULL,NULL),
(50,1,1,1,'deric','danderson','g@gmail.com','Ed4FUXKzebGPq1Y','2020-05-20 15:32:48','2020-05-20 15:32:48',NULL,0,0,'2020-05-20 15:32:48',2,1,0,NULL,'ttest',NULL,NULL,NULL,NULL,NULL,NULL),
(51,35,14,25,'Dug','Grad','e@eca1.net','X1M8wrgaerHAcJN','2020-05-20 23:53:17','2020-05-21 20:38:53',NULL,0,1,'2020-05-21 20:38:53',2,1,0,NULL,'kik','2020-05-21 20:38:53','2020-05-21 19:50:33','2020-05-21 16:57:05',NULL,NULL,NULL),
(52,1,1,1,'','','','bwbJUh7pMcmKnZD','2020-05-22 19:17:59','2020-05-22 19:17:59',NULL,0,0,'2020-05-22 19:17:59',1,1,0,NULL,'',NULL,NULL,NULL,NULL,NULL,NULL),
(53,36,1,12,'minami','111','minamimuke@hotmail.com','z4yfrJmXKVrh7HV','2020-05-24 18:40:07','2020-05-24 18:40:07',NULL,0,0,NULL,1,1,0,NULL,'sdfsd',NULL,NULL,NULL,NULL,NULL,NULL),
(54,37,1,26,'ff','ddd','ee@pp.com','9tnMrjwq3q4tIC8','2020-05-25 03:07:40','2020-05-25 03:07:40',NULL,0,0,NULL,1,1,0,NULL,'ddd',NULL,NULL,NULL,NULL,NULL,NULL),
(55,38,1,12,'second-name1','second-last1','minamimuke33333@hotmail.com','BZStXZoZurQlqjB','2020-05-25 06:26:54','2020-06-18 05:53:14',NULL,0,1,'2020-06-18 05:53:14',1,1,0,NULL,'wwww--name',NULL,NULL,NULL,NULL,NULL,NULL),
(56,41,1,12,'cc-first','cc-last','cc@cc.com','p8Fs8mqSyexSqro','2020-05-25 07:35:48','2020-05-25 07:35:48',NULL,0,0,NULL,1,1,0,NULL,'wwww--name',NULL,NULL,NULL,NULL,NULL,NULL),
(57,42,1,19,'first-bottom','last-bottom','first@second.com','RhGlFyjQDZ3MrQ4','2020-05-25 07:52:56','2020-05-25 07:52:56',NULL,0,0,NULL,1,1,0,'second-first second-last','first@second.co',NULL,NULL,NULL,NULL,NULL,NULL),
(58,1,1,1,'first','last','cc@pp.commm','HBv801GVyIIZ35c','2020-05-26 14:44:13','2020-05-26 14:44:13',NULL,0,0,'2020-05-26 14:44:13',1,1,0,NULL,'user_namemmm',NULL,NULL,NULL,NULL,NULL,NULL),
(59,1,1,1,'','','','Ne5O0E6XDIUQ33v','2020-05-26 14:53:25','2020-06-18 05:51:15',NULL,0,1,'2020-06-18 05:51:15',1,1,0,NULL,'',NULL,NULL,NULL,NULL,NULL,NULL),
(60,1,1,1,'FFF','LLL','ddd@uuu.com','xkdj2cjH7MLNC4q','2020-05-27 13:16:46','2020-05-27 13:16:46',NULL,0,0,'2020-05-27 13:16:46',1,1,0,'','UUU',NULL,NULL,NULL,NULL,NULL,NULL),
(61,1,1,1,'QQQ','WWW','DDD@ppp.com','dMjN4LCqM8gbHZx','2020-05-27 13:32:53','2020-05-27 13:32:53',NULL,0,0,'2020-05-27 13:32:53',1,1,0,'TTT','SSDDDD',NULL,NULL,NULL,'TTT',NULL,NULL),
(62,1,1,1,'PPO','OOP','ww@qq.com','t64qm3UZKVbc309','2020-05-27 13:35:47','2020-05-27 13:35:47',NULL,0,0,'2020-05-27 13:35:47',1,1,0,'CCCP1','UUU2',NULL,NULL,NULL,'CCCP2',NULL,NULL),
(63,1,1,1,'PPP','OOO','eee@pp.commm','s10ye1xLP9EyXiS','2020-05-27 13:52:05','2020-05-27 13:52:05',NULL,0,0,'2020-05-27 13:52:05',1,1,0,'','UUOO',NULL,NULL,NULL,'',NULL,NULL),
(64,1,1,1,'PPP','333','www@pp.com','e2qzXNJ9KQ7z1fv','2020-05-27 14:00:30','2020-05-27 14:00:30',NULL,0,0,'2020-05-27 14:00:30',1,1,0,'','9999',NULL,NULL,NULL,'',NULL,NULL),
(65,1,1,1,'PPP','333','www@pp.com','Iabc0nUokTjjo2s','2020-05-27 14:00:37','2020-05-27 14:00:37',NULL,0,0,'2020-05-27 14:00:37',1,1,0,'','9999',NULL,NULL,NULL,'',NULL,NULL),
(66,1,1,1,'PPP','kkk','www@pp.comoo','GKStvamrZkNkRW1','2020-05-27 14:03:12','2020-06-14 08:12:10',NULL,0,1,'2020-06-14 08:12:10',1,1,0,'','jjjj',NULL,' 2020-06-14 08:12:10',NULL,'',NULL,NULL),
(67,1,1,1,'111','333','pp@qq.com','YnAFN2YRaf7Anlw','2020-05-27 14:15:01','2020-06-01 06:18:04',NULL,0,1,'2020-06-01 06:18:04',1,1,0,NULL,'444',' 2020-06-01 06:14:42 2020-06-01 06:17:26 2020-06-01 06:17:51 2020-06-01 06:18:04',' 2020-06-01 06:15:04 2020-06-01 06:18:00','2020-06-01 06:17:42',NULL,NULL,NULL),
(68,44,1,1,'FFF','999','pp@cc.comm','tMo8qpan332eqil','2020-05-27 14:17:38','2020-06-21 09:14:08',NULL,0,1,'2020-06-21 09:14:08',1,1,0,NULL,'666','2020-05-31 09:54:52 2020-06-13 04:20:00 2020-06-13 06:58:15 2020-06-13 06:59:14 2020-06-13 07:04:06 2020-06-13 07:06:04 2020-06-13 08:04:51 2020-06-13 15:14:22 2020-06-17 08:39:58 2020-06-17 08:41:10 2020-06-18 08:56:25',' 2020-06-13 02:23:40 2020-06-13 04:19:56 2020-06-13 04:20:07 2020-06-13 06:58:35 2020-06-13 07:03:37 2020-06-13 07:05:59 2020-06-13 08:04:40 2020-06-13 15:14:13 2020-06-17 08:40:20 2020-06-17 09:12:05 2020-06-21 09:14:08','2020-06-13 15:16:33',NULL,'https://whisprrz.com/Whisprrz_Wevents/public/user_content/organiser_images/club4play-logo-.jpg',290232.40972222225),
(69,47,1,36,'999','888','ppp@qq.com','EIXC96AOwAfbm1C','2020-05-27 14:40:02','2020-06-21 09:15:43',NULL,0,1,'2020-06-21 09:15:43',1,1,0,'777','123456789','2020-05-27 16:08:15 2020-06-13 02:22:49 2020-06-14 08:12:01 2020-06-17 06:43:33 2020-06-17 07:10:40 2020-06-17 08:14:23 2020-06-18 07:52:10','2020-05-27 16:08:15 2020-06-13 02:23:53 2020-06-13 06:58:12 2020-06-14 08:12:30 2020-06-17 06:43:41 2020-06-17 08:13:03 2020-06-17 08:19:29 2020-06-21 09:15:43',NULL,'666','https://whisprrz.com/Whisprrz_Wevents/public/user_content/organiser_images/club4play-logo-.jpg',268299),
(70,48,1,37,'mmm','999','ppp@tt.com','qu5oOl0PHHC4V7p','2020-05-27 15:32:56','2020-06-08 13:26:59',NULL,0,1,'2020-06-01 06:14:35',1,1,0,'','777',' 2020-06-01 06:14:35',NULL,NULL,'','',NULL),
(71,49,1,26,'KK11','KK22','ee@pp.com','efSyt8cgosu1rns','2020-05-27 18:31:44','2020-06-08 13:27:02',NULL,0,1,'2020-05-27 18:35:31',1,1,0,'','KK112233','2020-05-27 18:35:31',NULL,NULL,'','',NULL),
(72,50,1,36,'','','','e5DdObEzvPWgdEP','2020-05-27 18:33:59','2020-06-17 07:47:24',NULL,0,1,'2020-06-17 07:47:24',1,1,0,NULL,NULL,'2020-05-27 18:35:10','2020-05-27 18:36:11 2020-06-17 07:47:24',NULL,NULL,'',NULL),
(73,51,1,38,'22','222','22@pp.com','wXasacwxeZyaGGj','2020-05-27 19:00:50','2020-06-08 13:09:06',NULL,1,1,'2020-05-27 19:00:50',1,1,0,'','22',NULL,NULL,NULL,'','http://localhost/Whisprrz_Wevents_new/public/user_content/user_photos/user_image-7a3b03481a0f358d7d6033de65ff5973.jpg',NULL),
(74,52,1,39,'TT','LL','cc@pp.com','WcB9PQo9JL455ZU','2020-05-28 02:51:45','2020-06-18 07:42:21',NULL,0,2,'2020-06-18 07:42:21',1,1,0,'','UUU',' 2020-06-17 07:45:13 2020-06-17 07:59:45 2020-06-17 07:59:56 2020-06-17 08:15:35 2020-06-18 05:52:52 2020-06-18 07:42:21',' 2020-06-14 08:12:09 2020-06-17 07:46:21 2020-06-17 07:59:48 2020-06-17 08:12:57 2020-06-17 08:29:30 2020-06-18 05:52:58',NULL,'','http://localhost/Whisprrz_Wevents_new/public/user_content/user_photos/user_image-56997cb8cdc0e3ee2311582eb888fe64.jpg',1693),
(75,53,1,40,'FFF','LLL','sss@pp.commm','qB051P0cPtnfxv6','2020-05-28 13:24:20','2020-06-08 08:36:24',NULL,0,0,'2020-05-28 13:24:20',1,1,0,'','UUUU',NULL,NULL,NULL,'','',NULL),
(76,54,1,41,'FFPP1','FFLL1','ppp@qq.com','Aj3j0cooTuVptEh','2020-05-28 13:28:05','2020-06-18 07:51:57',NULL,0,1,'2020-06-18 07:51:57',1,1,0,'ccFF','PPPFFFTTT','2020-05-31 09:39:18 2020-06-13 15:13:46 2020-06-14 08:10:16 2020-06-14 08:12:04 2020-06-14 08:15:43 2020-06-14 08:18:09 2020-06-17 08:04:59 2020-06-17 08:09:22 2020-06-17 08:15:45 2020-06-17 08:19:09 2020-06-17 08:23:58 2020-06-18 05:43:39 2020-06-18 05:52:43',' 2020-06-14 08:12:32 2020-06-17 08:06:59 2020-06-17 08:12:51 2020-06-17 08:16:03 2020-06-17 08:23:25 2020-06-18 05:40:37 2020-06-18 05:50:33 2020-06-18 07:51:56',' 2020-06-17 06:43:56','ccPP','http://localhost/Whisprrz_Wevents_new/public/user_content/user_photos/user_image-17b748c70d1842dbc969a10d5d7530d1.jpg',84769),
(77,55,36,42,'FFF','LLLFFF','aa@pp.com','m8PIVYq7sJgAYE1','2020-05-29 05:58:55','2020-06-09 12:57:18',NULL,0,0,NULL,1,1,0,NULL,'UU',NULL,NULL,NULL,NULL,'http://localhost/Whisprrz_Wevents_new/public/user_content/user_photos/user_image-c20fa244650e87371b8063b470612f36.jpg',NULL),
(78,56,1,43,'FFF','LLL','ccc@pp.com','KhQ1owpfKYU4FYG','2020-05-31 09:55:35','2020-06-15 10:20:20',NULL,0,1,'2020-05-31 09:55:35',1,1,0,'','UUU',NULL,NULL,NULL,'','http://localhost/Whisprrz_Wevents_new/public/user_content/user_photos/user_image-018c02d667c3da1253c8ce0b997fa1f0.png',NULL),
(79,57,1,44,'ff','33','f@p.com','Un75qhu2i0LBzpS','2020-05-31 17:18:17','2020-05-31 17:18:17',NULL,0,0,NULL,1,1,0,NULL,'dfd',NULL,NULL,NULL,NULL,NULL,NULL),
(80,58,1,45,'FFF','LLL','mmm@cc.com','rzLtRQ4yTWY47Bg','2020-06-04 06:43:33','2020-06-04 06:43:33',NULL,0,0,'2020-06-04 06:43:33',1,1,0,'','UUU999',NULL,NULL,NULL,'',NULL,NULL),
(81,59,1,46,'FFF01','LLL01','mm@ppp000.com','Ri1hpmBvrtJ6jbf','2020-06-04 06:48:15','2020-06-04 06:48:15',NULL,0,0,'2020-06-04 06:48:15',1,1,0,'','UUUFFF',NULL,NULL,NULL,'',NULL,NULL),
(82,60,1,47,'FFF','LLL01','mmm@cc.com','8ROvqJBC1yMZMvI','2020-06-04 06:50:25','2020-06-04 06:50:25',NULL,0,0,'2020-06-04 06:50:25',1,1,0,'','UUU999',NULL,NULL,NULL,'',NULL,NULL),
(83,61,1,48,'FF002','LL002','mm@ppp000.com','Qv2Dz5LH5VXmYBm','2020-06-04 06:53:52','2020-06-04 06:53:52',NULL,0,0,'2020-06-04 06:53:52',1,1,0,'','UUU002',NULL,NULL,NULL,'',NULL,NULL);

/*Table structure for table `checkin_log` */

DROP TABLE IF EXISTS `checkin_log`;

CREATE TABLE `checkin_log` (
  `id` bigint(20) NOT NULL AUTO_INCREMENT,
  `order_id` int(11) DEFAULT NULL,
  `event_id` int(11) DEFAULT NULL,
  `ticket_id` int(11) DEFAULT NULL,
  `attendees_id` int(11) DEFAULT NULL,
  `checkin_at` datetime DEFAULT NULL,
  `checkout_at` datetime DEFAULT NULL,
  `clear_checkin_at` datetime DEFAULT NULL,
  `period_check` float DEFAULT NULL,
  `account_id` int(11) DEFAULT NULL,
  PRIMARY KEY (`id`)
) ENGINE=InnoDB DEFAULT CHARSET=utf8 COLLATE=utf8_bin;

/*Data for the table `checkin_log` */

/*Table structure for table `checkin_logs` */

DROP TABLE IF EXISTS `checkin_logs`;

CREATE TABLE `checkin_logs` (
  `id` int(20) NOT NULL AUTO_INCREMENT,
  `order_id` int(20) DEFAULT NULL,
  `event_id` int(20) DEFAULT NULL,
  `ticket_id` int(20) DEFAULT NULL,
  `attendee_id` int(20) DEFAULT NULL,
  `created_at` datetime DEFAULT NULL,
  `updated_at` datetime DEFAULT NULL,
  `clear_checkin_at` datetime DEFAULT NULL,
  `period_check` float DEFAULT NULL,
  `account_id` int(20) DEFAULT NULL,
  `checkin_at` datetime DEFAULT NULL,
  `checkout_at` datetime DEFAULT NULL,
  `deleted_at` datetime DEFAULT NULL,
  PRIMARY KEY (`id`)
) ENGINE=InnoDB AUTO_INCREMENT=285 DEFAULT CHARSET=utf8 COLLATE=utf8_bin;

/*Data for the table `checkin_logs` */

insert  into `checkin_logs`(`id`,`order_id`,`event_id`,`ticket_id`,`attendee_id`,`created_at`,`updated_at`,`clear_checkin_at`,`period_check`,`account_id`,`checkin_at`,`checkout_at`,`deleted_at`) values 
(9,2,1,9,4,'2020-06-13 02:35:06','2020-06-13 02:35:06',NULL,NULL,NULL,'2020-06-13 02:35:06',NULL,NULL),
(10,2,1,9,4,'2020-06-13 02:37:45','2020-06-13 02:37:45',NULL,NULL,NULL,NULL,'2020-06-13 02:37:45',NULL),
(11,2,1,9,4,'2020-06-13 02:50:42','2020-06-13 02:50:42',NULL,NULL,NULL,'2020-06-13 02:50:42',NULL,NULL),
(12,2,1,9,4,'2020-06-13 02:58:55','2020-06-13 02:58:55',NULL,NULL,NULL,NULL,'2020-06-13 02:58:55',NULL),
(13,2,1,9,4,'2020-06-13 03:00:34','2020-06-13 03:00:34',NULL,NULL,NULL,'2020-06-13 03:00:34',NULL,NULL),
(14,2,1,9,4,'2020-06-13 03:00:35','2020-06-13 03:00:35',NULL,NULL,NULL,'2020-06-13 03:00:35',NULL,NULL),
(15,2,1,9,4,'2020-06-13 03:00:39','2020-06-13 03:00:39',NULL,1533,NULL,'2020-06-13 02:35:06','2020-06-13 03:00:39',NULL),
(16,2,1,9,4,'2020-06-13 03:02:27','2020-06-13 03:02:27',NULL,NULL,NULL,'2020-06-13 03:02:27',NULL,NULL),
(17,2,1,9,4,'2020-06-13 03:03:23','2020-06-13 03:03:23',NULL,56,NULL,'2020-06-13 03:02:27','2020-06-13 03:03:23',NULL),
(18,2,1,9,4,'2020-06-13 03:05:12','2020-06-13 03:05:12',NULL,NULL,NULL,'2020-06-13 03:05:12',NULL,NULL),
(19,2,1,9,4,'2020-06-13 03:05:34','2020-06-13 03:05:34',NULL,22,NULL,'2020-06-13 03:05:12','2020-06-13 03:05:34',NULL),
(20,2,1,9,4,'2020-06-13 03:07:50','2020-06-13 03:07:50',NULL,NULL,NULL,'2020-06-13 03:07:50',NULL,NULL),
(21,2,1,9,4,'2020-06-13 03:07:50','2020-06-13 03:07:50',NULL,NULL,NULL,'2020-06-13 03:07:50',NULL,NULL),
(22,2,1,9,4,'2020-06-13 03:08:03','2020-06-13 03:08:03',NULL,13,NULL,'2020-06-13 03:07:50','2020-06-13 03:08:03',NULL),
(23,2,1,9,4,'2020-06-13 03:09:55','2020-06-13 03:09:55',NULL,NULL,NULL,'2020-06-13 03:09:55',NULL,NULL),
(24,2,1,9,4,'2020-06-13 03:10:23','2020-06-13 03:10:23',NULL,28,NULL,'2020-06-13 03:09:55','2020-06-13 03:10:23',NULL),
(25,2,1,9,4,'2020-06-13 03:10:50','2020-06-13 03:10:50',NULL,55,NULL,'2020-06-13 03:09:55','2020-06-13 03:10:50',NULL),
(26,2,1,9,4,'2020-06-13 03:13:48','2020-06-13 03:13:48',NULL,NULL,NULL,'2020-06-13 03:13:48',NULL,NULL),
(27,2,1,9,4,'2020-06-13 03:14:06','2020-06-13 03:14:06',NULL,18,NULL,'2020-06-13 03:13:48','2020-06-13 03:14:06',NULL),
(28,2,1,9,4,'2020-06-13 03:15:17','2020-06-13 03:15:17',NULL,NULL,NULL,'2020-06-13 03:15:17',NULL,NULL),
(29,2,1,9,4,'2020-06-13 03:15:17','2020-06-13 03:15:17',NULL,NULL,NULL,'2020-06-13 03:15:17',NULL,NULL),
(30,2,1,9,4,'2020-06-13 03:15:20','2020-06-13 03:15:20',NULL,3,NULL,'2020-06-13 03:15:17','2020-06-13 03:15:20',NULL),
(31,2,1,9,4,'2020-06-13 03:15:20','2020-06-13 03:15:20',NULL,3,NULL,'2020-06-13 03:15:17','2020-06-13 03:15:20',NULL),
(32,2,1,9,4,'2020-06-13 03:16:18','2020-06-13 03:16:18',NULL,NULL,NULL,'2020-06-13 03:16:18',NULL,NULL),
(33,2,1,9,4,'2020-06-13 03:16:29','2020-06-13 03:16:29',NULL,11,NULL,'2020-06-13 03:16:18','2020-06-13 03:16:29',NULL),
(34,2,1,9,4,'2020-06-13 03:16:29','2020-06-13 03:16:29',NULL,NULL,NULL,'2020-06-13 03:16:29',NULL,NULL),
(35,2,1,9,4,'2020-06-13 03:26:30','2020-06-13 03:26:30',NULL,601,NULL,'2020-06-13 03:16:29','2020-06-13 03:26:30',NULL),
(36,2,1,9,4,'2020-06-13 04:17:47','2020-06-13 04:17:47',NULL,NULL,NULL,'2020-06-13 04:17:47',NULL,NULL),
(37,2,1,9,4,'2020-06-13 04:17:47','2020-06-13 04:17:47',NULL,NULL,NULL,'2020-06-13 04:17:47',NULL,NULL),
(38,2,1,9,4,'2020-06-13 04:18:55','2020-06-13 04:18:55',NULL,68,NULL,'2020-06-13 04:17:47','2020-06-13 04:18:55',NULL),
(39,44,1,1,68,'2020-06-13 04:19:56','2020-06-13 04:19:56',NULL,NULL,NULL,NULL,'2020-06-13 04:19:56',NULL),
(41,44,1,1,68,'2020-06-13 04:20:00','2020-06-13 04:20:00',NULL,NULL,NULL,'2020-06-13 04:20:00',NULL,NULL),
(42,44,1,1,68,'2020-06-13 04:20:08','2020-06-13 04:20:08',NULL,7,NULL,'2020-06-13 04:20:00','2020-06-13 04:20:07',NULL),
(43,2,1,9,4,'2020-06-13 06:50:23','2020-06-13 06:50:23',NULL,NULL,NULL,'2020-06-13 06:50:23',NULL,NULL),
(44,2,1,9,4,'2020-06-13 06:50:49','2020-06-13 06:50:49',NULL,26,NULL,'2020-06-13 06:50:23','2020-06-13 06:50:49',NULL),
(45,2,1,9,4,'2020-06-13 06:53:39','2020-06-13 06:53:39',NULL,NULL,NULL,'2020-06-13 06:53:39',NULL,NULL),
(46,2,1,9,4,'2020-06-13 06:53:51','2020-06-13 06:53:51',NULL,12,NULL,'2020-06-13 06:53:39','2020-06-13 06:53:51',NULL),
(47,2,1,9,4,'2020-06-13 06:54:12','2020-06-13 06:54:12',NULL,NULL,NULL,'2020-06-13 06:54:12',NULL,NULL),
(48,2,1,9,4,'2020-06-13 06:54:12','2020-06-13 06:54:12',NULL,0,NULL,'2020-06-13 06:54:12','2020-06-13 06:54:12',NULL),
(49,2,1,9,4,'2020-06-13 06:54:14','2020-06-13 06:54:14',NULL,NULL,NULL,'2020-06-13 06:54:14',NULL,NULL),
(50,2,1,9,4,'2020-06-13 06:58:07','2020-06-13 06:58:07',NULL,233,NULL,'2020-06-13 06:54:14','2020-06-13 06:58:07',NULL),
(51,2,1,9,4,'2020-06-13 06:58:10','2020-06-13 06:58:10',NULL,NULL,NULL,'2020-06-13 06:58:10',NULL,NULL),
(52,47,1,36,69,'2020-06-13 06:58:12','2020-06-13 06:58:12',NULL,NULL,NULL,NULL,'2020-06-13 06:58:12',NULL),
(53,44,1,1,68,'2020-06-13 06:58:15','2020-06-13 06:58:15',NULL,NULL,NULL,'2020-06-13 06:58:15',NULL,NULL),
(54,44,1,1,68,'2020-06-13 06:58:35','2020-06-13 06:58:35',NULL,20,NULL,'2020-06-13 06:58:15','2020-06-13 06:58:35',NULL),
(55,2,1,9,4,'2020-06-13 06:58:36','2020-06-13 06:58:36',NULL,26,NULL,'2020-06-13 06:58:10','2020-06-13 06:58:36',NULL),
(56,2,1,9,4,'2020-06-13 06:58:36','2020-06-13 06:58:36',NULL,NULL,NULL,'2020-06-13 06:58:36',NULL,NULL),
(57,2,1,9,4,'2020-06-13 06:59:07','2020-06-13 06:59:07',NULL,31,NULL,'2020-06-13 06:58:36','2020-06-13 06:59:07',NULL),
(58,2,1,9,4,'2020-06-13 06:59:11','2020-06-13 06:59:11',NULL,NULL,NULL,'2020-06-13 06:59:11',NULL,NULL),
(59,44,1,1,68,'2020-06-13 06:59:14','2020-06-13 06:59:14',NULL,NULL,NULL,'2020-06-13 06:59:14',NULL,NULL),
(60,44,1,1,68,'2020-06-13 07:03:37','2020-06-13 07:03:37',NULL,263,NULL,'2020-06-13 06:59:14','2020-06-13 07:03:37',NULL),
(61,2,1,9,4,'2020-06-13 07:03:59','2020-06-13 07:03:59',NULL,288,NULL,'2020-06-13 06:59:11','2020-06-13 07:03:59',NULL),
(62,2,1,9,4,'2020-06-13 07:04:01','2020-06-13 07:04:01',NULL,NULL,NULL,'2020-06-13 07:04:01',NULL,NULL),
(63,44,1,1,68,'2020-06-13 07:04:06','2020-06-13 07:04:06',NULL,NULL,NULL,'2020-06-13 07:04:06',NULL,NULL),
(64,2,1,9,4,'2020-06-13 07:04:33','2020-06-13 07:04:33',NULL,32,NULL,'2020-06-13 07:04:01','2020-06-13 07:04:33',NULL),
(65,44,1,1,68,'2020-06-13 07:05:59','2020-06-13 07:05:59',NULL,113,NULL,'2020-06-13 07:04:06','2020-06-13 07:05:59',NULL),
(66,2,1,9,4,'2020-06-13 07:06:00','2020-06-13 07:06:00',NULL,NULL,NULL,'2020-06-13 07:06:00',NULL,NULL),
(67,44,1,1,68,'2020-06-13 07:06:04','2020-06-13 07:06:04',NULL,NULL,NULL,'2020-06-13 07:06:04',NULL,NULL),
(68,2,1,9,4,'2020-06-13 07:10:03','2020-06-13 07:10:03',NULL,243,NULL,'2020-06-13 07:06:00','2020-06-13 07:10:03',NULL),
(69,2,1,9,4,'2020-06-13 07:10:07','2020-06-13 07:10:07',NULL,NULL,NULL,'2020-06-13 07:10:07',NULL,NULL),
(70,2,1,9,4,'2020-06-13 07:11:12','2020-06-13 07:11:12',NULL,65,NULL,'2020-06-13 07:10:07','2020-06-13 07:11:12',NULL),
(71,2,1,9,4,'2020-06-13 07:11:14','2020-06-13 07:11:14',NULL,NULL,NULL,'2020-06-13 07:11:14',NULL,NULL),
(72,2,1,9,4,'2020-06-13 07:11:48','2020-06-13 07:11:48',NULL,34,NULL,'2020-06-13 07:11:14','2020-06-13 07:11:48',NULL),
(73,2,1,9,4,'2020-06-13 07:11:50','2020-06-13 07:11:50',NULL,NULL,NULL,'2020-06-13 07:11:50',NULL,NULL),
(74,2,1,9,4,'2020-06-13 07:12:13','2020-06-13 07:12:13',NULL,23,NULL,'2020-06-13 07:11:50','2020-06-13 07:12:13',NULL),
(75,2,1,9,4,'2020-06-13 07:12:15','2020-06-13 07:12:15',NULL,NULL,NULL,'2020-06-13 07:12:15',NULL,NULL),
(76,2,1,9,4,'2020-06-13 07:12:52','2020-06-13 07:12:52',NULL,37,NULL,'2020-06-13 07:12:15','2020-06-13 07:12:52',NULL),
(77,2,1,9,4,'2020-06-13 07:12:53','2020-06-13 07:12:53',NULL,NULL,NULL,'2020-06-13 07:12:53',NULL,NULL),
(78,2,1,9,4,'2020-06-13 07:13:18','2020-06-13 07:13:18',NULL,25,NULL,'2020-06-13 07:12:53','2020-06-13 07:13:18',NULL),
(79,2,1,9,4,'2020-06-13 07:13:19','2020-06-13 07:13:19',NULL,NULL,NULL,'2020-06-13 07:13:19',NULL,NULL),
(80,2,1,9,4,'2020-06-13 07:15:24','2020-06-13 07:15:24',NULL,125,NULL,'2020-06-13 07:13:19','2020-06-13 07:15:24',NULL),
(81,2,1,9,4,'2020-06-13 07:15:24','2020-06-13 07:15:24',NULL,125,NULL,'2020-06-13 07:13:19','2020-06-13 07:15:24',NULL),
(82,2,1,9,4,'2020-06-13 07:15:26','2020-06-13 07:15:26',NULL,NULL,NULL,'2020-06-13 07:15:26',NULL,NULL),
(83,2,1,9,4,'2020-06-13 07:19:49','2020-06-13 07:19:49',NULL,263,NULL,'2020-06-13 07:15:26','2020-06-13 07:19:49',NULL),
(84,2,1,9,4,'2020-06-13 07:19:51','2020-06-13 07:19:51',NULL,NULL,NULL,'2020-06-13 07:19:51',NULL,NULL),
(85,2,1,9,4,'2020-06-13 07:20:21','2020-06-13 07:20:21',NULL,30,NULL,'2020-06-13 07:19:51','2020-06-13 07:20:21',NULL),
(86,2,1,9,4,'2020-06-13 07:20:21','2020-06-13 07:20:21',NULL,30,NULL,'2020-06-13 07:19:51','2020-06-13 07:20:21',NULL),
(87,2,1,9,4,'2020-06-13 07:20:23','2020-06-13 07:20:23',NULL,NULL,NULL,'2020-06-13 07:20:23',NULL,NULL),
(88,2,1,9,4,'2020-06-13 07:21:04','2020-06-13 07:21:04',NULL,41,NULL,'2020-06-13 07:20:23','2020-06-13 07:21:04',NULL),
(89,2,1,9,4,'2020-06-13 07:21:04','2020-06-13 07:21:04',NULL,41,NULL,'2020-06-13 07:20:23','2020-06-13 07:21:04',NULL),
(90,2,1,9,4,'2020-06-13 07:21:06','2020-06-13 07:21:06',NULL,NULL,NULL,'2020-06-13 07:21:06',NULL,NULL),
(91,2,1,9,4,'2020-06-13 07:25:01','2020-06-13 07:25:01',NULL,235,NULL,'2020-06-13 07:21:06','2020-06-13 07:25:01',NULL),
(92,2,1,9,4,'2020-06-13 07:25:03','2020-06-13 07:25:03',NULL,NULL,NULL,'2020-06-13 07:25:03',NULL,NULL),
(93,2,1,9,4,'2020-06-13 07:25:47','2020-06-13 07:25:47',NULL,44,NULL,'2020-06-13 07:25:03','2020-06-13 07:25:47',NULL),
(94,1,1,2,3,'2020-06-13 07:25:48','2020-06-13 07:25:48',NULL,NULL,NULL,'2020-06-13 07:25:48',NULL,NULL),
(95,2,1,9,4,'2020-06-13 07:25:49','2020-06-13 07:25:49',NULL,NULL,NULL,'2020-06-13 07:25:49',NULL,NULL),
(96,2,1,9,4,'2020-06-13 07:30:16','2020-06-13 07:30:16',NULL,267,NULL,'2020-06-13 07:25:49','2020-06-13 07:30:16',NULL),
(97,2,1,9,4,'2020-06-13 07:30:18','2020-06-13 07:30:18',NULL,NULL,NULL,'2020-06-13 07:30:18',NULL,NULL),
(98,2,1,9,4,'2020-06-13 07:31:25','2020-06-13 07:31:25',NULL,67,NULL,'2020-06-13 07:30:18','2020-06-13 07:31:25',NULL),
(99,2,1,9,4,'2020-06-13 07:31:27','2020-06-13 07:31:27',NULL,NULL,NULL,'2020-06-13 07:31:27',NULL,NULL),
(100,2,1,9,4,'2020-06-13 07:31:27','2020-06-13 07:31:27',NULL,0,NULL,'2020-06-13 07:31:27','2020-06-13 07:31:27',NULL),
(101,2,1,9,4,'2020-06-13 07:31:30','2020-06-13 07:31:30',NULL,NULL,NULL,'2020-06-13 07:31:30',NULL,NULL),
(102,2,1,9,4,'2020-06-13 07:33:02','2020-06-13 07:33:02',NULL,92,NULL,'2020-06-13 07:31:30','2020-06-13 07:33:02',NULL),
(103,2,1,9,4,'2020-06-13 07:33:04','2020-06-13 07:33:04',NULL,NULL,NULL,'2020-06-13 07:33:04',NULL,NULL),
(104,2,1,9,4,'2020-06-13 07:33:36','2020-06-13 07:33:36',NULL,32,NULL,'2020-06-13 07:33:04','2020-06-13 07:33:36',NULL),
(105,2,1,9,4,'2020-06-13 07:33:37','2020-06-13 07:33:37',NULL,NULL,NULL,'2020-06-13 07:33:37',NULL,NULL),
(106,2,1,9,4,'2020-06-13 07:35:15','2020-06-13 07:35:15',NULL,98,NULL,'2020-06-13 07:33:37','2020-06-13 07:35:15',NULL),
(107,2,1,9,4,'2020-06-13 07:35:18','2020-06-13 07:35:18',NULL,NULL,NULL,'2020-06-13 07:35:18',NULL,NULL),
(108,2,1,9,4,'2020-06-13 07:36:31','2020-06-13 07:36:31',NULL,73,NULL,'2020-06-13 07:35:18','2020-06-13 07:36:31',NULL),
(109,2,1,9,4,'2020-06-13 07:36:33','2020-06-13 07:36:33',NULL,NULL,NULL,'2020-06-13 07:36:33',NULL,NULL),
(110,2,1,9,4,'2020-06-13 07:37:19','2020-06-13 07:37:19',NULL,46,NULL,'2020-06-13 07:36:33','2020-06-13 07:37:19',NULL),
(111,2,1,9,4,'2020-06-13 07:38:20','2020-06-13 07:38:20',NULL,NULL,NULL,'2020-06-13 07:38:20',NULL,NULL),
(112,2,1,9,4,'2020-06-13 07:38:24','2020-06-13 07:38:24',NULL,4,NULL,'2020-06-13 07:38:20','2020-06-13 07:38:24',NULL),
(113,2,1,9,4,'2020-06-13 07:38:24','2020-06-13 07:38:24',NULL,NULL,NULL,'2020-06-13 07:38:24',NULL,NULL),
(114,2,1,9,4,'2020-06-13 07:38:27','2020-06-13 07:38:27',NULL,3,NULL,'2020-06-13 07:38:24','2020-06-13 07:38:27',NULL),
(115,2,1,9,4,'2020-06-13 07:38:28','2020-06-13 07:38:28',NULL,NULL,NULL,'2020-06-13 07:38:28',NULL,NULL),
(116,2,1,9,4,'2020-06-13 07:39:25','2020-06-13 07:39:25',NULL,57,NULL,'2020-06-13 07:38:28','2020-06-13 07:39:25',NULL),
(117,2,1,9,4,'2020-06-13 07:39:29','2020-06-13 07:39:29',NULL,NULL,NULL,'2020-06-13 07:39:29',NULL,NULL),
(118,2,1,9,4,'2020-06-13 07:41:11','2020-06-13 07:41:11',NULL,18365,NULL,'2020-06-13 02:35:06','2020-06-13 07:41:11',NULL),
(119,2,1,9,4,'2020-06-13 07:41:12','2020-06-13 07:41:12',NULL,NULL,NULL,'2020-06-13 07:41:12',NULL,NULL),
(120,2,1,9,4,'2020-06-13 07:41:47','2020-06-13 07:41:47',NULL,18401,NULL,'2020-06-13 02:35:06','2020-06-13 07:41:47',NULL),
(121,2,1,9,4,'2020-06-13 07:41:49','2020-06-13 07:41:49',NULL,NULL,NULL,'2020-06-13 07:41:49',NULL,NULL),
(122,2,1,9,4,'2020-06-13 07:44:50','2020-06-13 07:44:50',NULL,18584,NULL,'2020-06-13 02:35:06','2020-06-13 07:44:50',NULL),
(123,2,1,9,4,'2020-06-13 07:44:52','2020-06-13 07:44:52',NULL,NULL,NULL,'2020-06-13 07:44:52',NULL,NULL),
(124,2,1,9,4,'2020-06-13 07:46:00','2020-06-13 07:46:00',NULL,18654,NULL,'2020-06-13 02:35:06','2020-06-13 07:46:00',NULL),
(125,2,1,9,4,'2020-06-13 07:46:02','2020-06-13 07:46:02',NULL,NULL,NULL,'2020-06-13 07:46:02',NULL,NULL),
(126,2,1,9,4,'2020-06-13 07:50:58','2020-06-13 07:50:58',NULL,18952,NULL,'2020-06-13 07:35:06','2020-06-13 07:50:58',NULL),
(127,2,1,9,4,'2020-06-13 07:51:03','2020-06-13 07:51:03',NULL,NULL,NULL,'2020-06-13 07:51:03',NULL,NULL),
(128,2,1,9,4,'2020-06-13 07:52:29','2020-06-13 07:52:29',NULL,19043,NULL,'2020-06-13 02:35:06','2020-06-13 07:52:29',NULL),
(129,2,1,9,4,'2020-06-13 07:52:32','2020-06-13 07:52:32',NULL,NULL,NULL,'2020-06-13 07:52:32',NULL,NULL),
(130,2,1,9,4,'2020-06-13 07:57:27','2020-06-13 07:57:27',NULL,295,NULL,'2020-06-13 07:52:32','2020-06-13 07:57:27',NULL),
(131,2,1,9,4,'2020-06-13 07:57:29','2020-06-13 07:57:29',NULL,NULL,NULL,'2020-06-13 07:57:29',NULL,NULL),
(132,2,1,9,4,'2020-06-13 08:01:59','2020-06-13 08:01:59',NULL,270,NULL,'2020-06-13 07:57:29','2020-06-13 08:01:59',NULL),
(133,2,1,9,4,'2020-06-13 08:02:01','2020-06-13 08:02:01',NULL,NULL,NULL,'2020-06-13 08:02:01',NULL,NULL),
(134,2,1,9,4,'2020-06-13 08:02:01','2020-06-13 08:02:01',NULL,NULL,NULL,'2020-06-13 08:02:01',NULL,NULL),
(135,2,1,9,4,'2020-06-13 08:04:37','2020-06-13 08:04:37',NULL,0.0433333,NULL,'2020-06-13 08:02:01','2020-06-13 08:04:37',NULL),
(136,2,1,9,4,'2020-06-13 08:04:38','2020-06-13 08:04:38',NULL,NULL,NULL,'2020-06-13 08:04:38',NULL,NULL),
(137,44,1,1,68,'2020-06-13 08:04:40','2020-06-13 08:04:40',NULL,0.976667,NULL,'2020-06-13 07:06:04','2020-06-13 08:04:40',NULL),
(138,2,1,9,4,'2020-06-13 08:04:47','2020-06-13 08:04:47',NULL,0.0025,NULL,'2020-06-13 08:04:38','2020-06-13 08:04:47',NULL),
(139,2,1,9,4,'2020-06-13 08:04:49','2020-06-13 08:04:49',NULL,NULL,NULL,'2020-06-13 08:04:49',NULL,NULL),
(140,44,1,1,68,'2020-06-13 08:04:51','2020-06-13 08:04:51',NULL,NULL,NULL,'2020-06-13 08:04:51',NULL,NULL),
(141,54,1,41,76,'2020-06-13 15:13:46','2020-06-13 15:13:46',NULL,NULL,NULL,'2020-06-13 15:13:46',NULL,NULL),
(142,44,1,1,68,'2020-06-13 15:14:13','2020-06-13 15:14:13',NULL,25762,NULL,'2020-06-13 08:04:51','2020-06-13 15:14:13',NULL),
(143,44,1,1,68,'2020-06-13 15:14:22','2020-06-13 15:14:22',NULL,NULL,NULL,'2020-06-13 15:14:22',NULL,NULL),
(144,2,1,9,4,'2020-06-14 02:16:34','2020-06-14 02:16:34',NULL,65505,NULL,'2020-06-13 08:04:49','2020-06-14 02:16:34',NULL),
(145,2,1,9,4,'2020-06-14 02:16:46','2020-06-14 02:16:46',NULL,NULL,NULL,'2020-06-14 02:16:46',NULL,NULL),
(146,2,1,9,4,'2020-06-14 02:21:19','2020-06-14 02:21:19',NULL,273,NULL,'2020-06-14 02:16:46','2020-06-14 02:21:19',NULL),
(147,2,1,9,4,'2020-06-14 02:21:24','2020-06-14 02:21:24',NULL,NULL,NULL,'2020-06-14 02:21:24',NULL,NULL),
(148,2,1,9,4,'2020-06-14 02:21:31','2020-06-14 02:21:31','2020-06-14 02:21:31',NULL,NULL,NULL,NULL,NULL),
(149,2,1,9,4,'2020-06-14 02:22:06','2020-06-14 02:22:06',NULL,0,NULL,NULL,'2020-06-14 02:22:06',NULL),
(150,2,1,9,4,'2020-06-14 02:22:10','2020-06-14 02:22:10',NULL,NULL,NULL,'2020-06-14 02:22:10',NULL,NULL),
(151,2,1,9,4,'2020-06-14 02:24:39','2020-06-14 02:24:39','2020-06-14 02:24:39',NULL,NULL,NULL,NULL,NULL),
(152,2,1,9,4,'2020-06-14 02:24:43','2020-06-14 02:24:43',NULL,1592100000,NULL,NULL,'2020-06-14 02:24:43',NULL),
(153,2,1,9,4,'2020-06-14 02:24:49','2020-06-14 02:24:49',NULL,NULL,NULL,'2020-06-14 02:24:49',NULL,NULL),
(154,2,1,9,4,'2020-06-14 02:25:55','2020-06-14 02:25:55','2020-06-14 02:25:55',NULL,NULL,NULL,NULL,NULL),
(155,2,1,9,4,'2020-06-14 02:28:00','2020-06-14 02:28:00','2020-06-14 02:28:00',0.000001,NULL,NULL,NULL,NULL),
(156,2,1,9,4,'2020-06-14 02:28:02','2020-06-14 02:28:02',NULL,1592100000,NULL,NULL,'2020-06-14 02:28:02',NULL),
(157,2,1,9,4,'2020-06-14 02:28:07','2020-06-14 02:28:07',NULL,NULL,NULL,'2020-06-14 02:28:07',NULL,NULL),
(158,2,1,9,4,'2020-06-14 02:31:35','2020-06-14 02:31:35',NULL,208,NULL,'2020-06-14 02:28:07','2020-06-14 02:31:35',NULL),
(159,2,1,9,4,'2020-06-14 02:31:41','2020-06-14 02:31:41','2020-06-14 02:31:41',0.000001,NULL,NULL,NULL,NULL),
(160,2,1,9,4,'2020-06-14 02:31:44','2020-06-14 02:31:44',NULL,217,NULL,'2020-06-14 02:28:07','2020-06-14 02:31:44',NULL),
(161,2,1,9,4,'2020-06-14 02:31:48','2020-06-14 02:31:48',NULL,NULL,NULL,'2020-06-14 02:31:48',NULL,NULL),
(162,2,1,9,4,'2020-06-14 02:32:11','2020-06-14 02:32:11',NULL,23,NULL,'2020-06-14 02:31:48','2020-06-14 02:32:11',NULL),
(163,54,1,41,76,'2020-06-14 08:10:16','2020-06-14 08:10:16',NULL,NULL,NULL,'2020-06-14 08:10:16',NULL,NULL),
(164,2,1,9,4,'2020-06-14 08:11:58','2020-06-14 08:11:58',NULL,NULL,NULL,'2020-06-14 08:11:58',NULL,NULL),
(165,47,1,36,69,'2020-06-14 08:12:01','2020-06-14 08:12:01',NULL,NULL,NULL,'2020-06-14 08:12:01',NULL,NULL),
(166,54,1,41,76,'2020-06-14 08:12:04','2020-06-14 08:12:04',NULL,NULL,NULL,'2020-06-14 08:12:04',NULL,NULL),
(167,52,1,39,74,'2020-06-14 08:12:09','2020-06-14 08:12:09',NULL,NULL,NULL,NULL,'2020-06-14 08:12:09',NULL),
(168,1,1,1,66,'2020-06-14 08:12:10','2020-06-14 08:12:10',NULL,NULL,NULL,NULL,'2020-06-14 08:12:10',NULL),
(169,1,1,2,3,'2020-06-14 08:12:28','2020-06-14 08:12:28',NULL,89200,NULL,'2020-06-13 07:25:48','2020-06-14 08:12:28',NULL),
(170,47,1,36,69,'2020-06-14 08:12:30','2020-06-14 08:12:30',NULL,29,NULL,'2020-06-14 08:12:01','2020-06-14 08:12:30',NULL),
(171,2,1,9,4,'2020-06-14 08:12:31','2020-06-14 08:12:31',NULL,33,NULL,'2020-06-14 08:11:58','2020-06-14 08:12:31',NULL),
(172,54,1,41,76,'2020-06-14 08:12:32','2020-06-14 08:12:32',NULL,28,NULL,'2020-06-14 08:12:04','2020-06-14 08:12:32',NULL),
(173,2,1,9,4,'2020-06-14 08:12:51','2020-06-14 08:12:51',NULL,NULL,NULL,'2020-06-14 08:12:51',NULL,NULL),
(174,2,1,9,4,'2020-06-14 08:15:13','2020-06-14 08:15:13',NULL,NULL,NULL,'2020-06-14 08:15:13',NULL,NULL),
(175,2,1,9,4,'2020-06-14 08:15:30','2020-06-14 08:15:30',NULL,NULL,NULL,'2020-06-14 08:15:30',NULL,NULL),
(176,54,1,41,76,'2020-06-14 08:15:43','2020-06-14 08:15:43',NULL,NULL,NULL,'2020-06-14 08:15:43',NULL,NULL),
(177,54,1,41,76,'2020-06-14 08:18:09','2020-06-14 08:18:09',NULL,NULL,NULL,'2020-06-14 08:18:09',NULL,NULL),
(178,2,1,9,4,'2020-06-14 08:23:34','2020-06-14 08:23:34',NULL,NULL,NULL,'2020-06-14 08:23:34',NULL,NULL),
(179,2,1,9,4,'2020-06-14 08:23:34','2020-06-14 08:23:34',NULL,NULL,NULL,'2020-06-14 08:23:34',NULL,NULL),
(180,2,1,9,4,'2020-06-14 08:27:37','2020-06-14 08:27:37','2020-06-14 08:27:37',0.000001,NULL,NULL,NULL,NULL),
(181,2,1,9,4,'2020-06-14 08:28:06','2020-06-14 08:28:06',NULL,272,NULL,'2020-06-14 08:23:34','2020-06-14 08:28:06',NULL),
(182,2,1,9,4,'2020-06-14 08:28:11','2020-06-14 08:28:11',NULL,NULL,NULL,'2020-06-14 08:28:11',NULL,NULL),
(183,2,1,9,4,'2020-06-14 08:28:30','2020-06-14 08:28:30',NULL,19,NULL,'2020-06-14 08:28:11','2020-06-14 08:28:30',NULL),
(184,2,1,9,4,'2020-06-14 09:25:45','2020-06-14 09:25:45',NULL,NULL,NULL,'2020-06-14 09:25:45',NULL,NULL),
(185,2,1,9,4,'2020-06-14 09:26:04','2020-06-14 09:26:04',NULL,19,NULL,'2020-06-14 09:25:45','2020-06-14 09:26:04',NULL),
(186,2,1,9,4,'2020-06-14 09:26:33','2020-06-14 09:26:33','2020-06-14 09:26:33',0.000001,NULL,NULL,NULL,NULL),
(187,2,1,9,4,'2020-06-14 09:27:00','2020-06-14 09:27:00',NULL,75,NULL,'2020-06-14 09:25:45','2020-06-14 09:27:00',NULL),
(188,2,1,9,4,'2020-06-14 09:37:12','2020-06-14 09:37:12',NULL,NULL,NULL,'2020-06-14 09:37:12',NULL,NULL),
(189,2,1,9,4,'2020-06-14 09:37:24','2020-06-14 09:37:24',NULL,12,NULL,'2020-06-14 09:37:12','2020-06-14 09:37:24',NULL),
(190,2,1,9,4,'2020-06-14 09:37:40','2020-06-14 09:37:40','2020-06-14 09:37:40',0.000001,NULL,NULL,NULL,NULL),
(191,2,1,9,4,'2020-06-14 09:37:58','2020-06-14 09:37:58',NULL,NULL,NULL,NULL,NULL,NULL),
(192,2,1,9,4,'2020-06-14 09:38:28','2020-06-14 09:38:28',NULL,NULL,NULL,'2020-06-14 09:38:28',NULL,NULL),
(193,2,1,9,4,'2020-06-14 09:38:43','2020-06-14 09:38:43',NULL,15,NULL,'2020-06-14 09:38:28','2020-06-14 09:38:43',NULL),
(194,2,1,9,4,'2020-06-14 09:39:15','2020-06-14 09:39:15',NULL,NULL,NULL,'2020-06-14 09:39:15',NULL,NULL),
(195,2,1,9,4,'2020-06-14 09:39:29','2020-06-14 09:39:29','2020-06-14 09:39:29',0.000001,NULL,NULL,NULL,NULL),
(196,2,1,9,4,'2020-06-14 09:39:56','2020-06-14 09:39:56',NULL,NULL,NULL,NULL,NULL,NULL),
(197,2,1,9,4,'2020-06-14 09:40:13','2020-06-14 09:40:13',NULL,NULL,NULL,'2020-06-14 09:40:13',NULL,NULL),
(198,2,1,9,4,'2020-06-14 09:40:17','2020-06-14 09:40:17',NULL,4,NULL,'2020-06-14 09:40:13','2020-06-14 09:40:17',NULL),
(199,1,1,7,2,'2020-06-17 05:23:26','2020-06-17 05:23:26',NULL,NULL,NULL,NULL,'2020-06-17 05:23:26',NULL),
(200,2,1,9,5,'2020-06-17 06:37:27','2020-06-17 06:37:27',NULL,NULL,NULL,'2020-06-17 06:37:27',NULL,NULL),
(201,2,1,9,5,'2020-06-17 06:43:13','2020-06-17 06:43:13',NULL,346,NULL,'2020-06-17 06:37:27','2020-06-17 06:43:13',NULL),
(202,2,1,9,4,'2020-06-17 06:43:26','2020-06-17 06:43:26',NULL,NULL,NULL,'2020-06-17 06:43:26',NULL,NULL),
(203,47,1,36,69,'2020-06-17 06:43:33','2020-06-17 06:43:33',NULL,NULL,NULL,'2020-06-17 06:43:33',NULL,NULL),
(204,47,1,36,69,'2020-06-17 06:43:41','2020-06-17 06:43:41',NULL,8,NULL,'2020-06-17 06:43:33','2020-06-17 06:43:41',NULL),
(205,54,1,41,76,'2020-06-17 06:43:56','2020-06-17 06:43:56','2020-06-17 06:43:56',0.000001,NULL,NULL,NULL,NULL),
(206,54,1,41,76,'2020-06-17 06:44:15','2020-06-17 06:44:15',NULL,NULL,NULL,NULL,NULL,NULL),
(207,47,1,36,69,'2020-06-17 07:10:40','2020-06-17 07:10:40',NULL,NULL,NULL,'2020-06-17 07:10:40',NULL,NULL),
(208,47,1,36,69,'2020-06-17 07:10:40','2020-06-17 07:10:40',NULL,NULL,NULL,'2020-06-17 07:10:40',NULL,NULL),
(209,52,1,39,74,'2020-06-17 07:45:13','2020-06-17 07:45:13',NULL,NULL,NULL,'2020-06-17 07:45:13',NULL,NULL),
(210,52,1,39,74,'2020-06-17 07:46:21','2020-06-17 07:46:21',NULL,68,NULL,'2020-06-17 07:45:13','2020-06-17 07:46:21',NULL),
(211,50,1,36,72,'2020-06-17 07:47:24','2020-06-17 07:47:24',NULL,NULL,NULL,NULL,'2020-06-17 07:47:24',NULL),
(212,52,1,39,74,'2020-06-17 07:59:45','2020-06-17 07:59:45',NULL,NULL,NULL,'2020-06-17 07:59:45',NULL,NULL),
(213,52,1,39,74,'2020-06-17 07:59:48','2020-06-17 07:59:48',NULL,3,NULL,'2020-06-17 07:59:45','2020-06-17 07:59:48',NULL),
(214,52,1,39,74,'2020-06-17 07:59:56','2020-06-17 07:59:56',NULL,NULL,NULL,'2020-06-17 07:59:56',NULL,NULL),
(215,54,1,41,76,'2020-06-17 08:04:59','2020-06-17 08:04:59',NULL,NULL,NULL,'2020-06-17 08:04:59',NULL,NULL),
(216,54,1,41,76,'2020-06-17 08:06:59','2020-06-17 08:06:59',NULL,120,NULL,'2020-06-17 08:04:59','2020-06-17 08:06:59',NULL),
(217,54,1,41,76,'2020-06-17 08:09:22','2020-06-17 08:09:22',NULL,NULL,NULL,'2020-06-17 08:09:22',NULL,NULL),
(218,54,1,41,76,'2020-06-17 08:12:51','2020-06-17 08:12:51',NULL,209,NULL,'2020-06-17 08:09:22','2020-06-17 08:12:51',NULL),
(219,52,1,39,74,'2020-06-17 08:12:57','2020-06-17 08:12:57',NULL,781,NULL,'2020-06-17 07:59:56','2020-06-17 08:12:57',NULL),
(220,47,1,36,69,'2020-06-17 08:13:03','2020-06-17 08:13:03',NULL,3743,NULL,'2020-06-17 07:10:40','2020-06-17 08:13:03',NULL),
(221,47,1,36,69,'2020-06-17 08:14:23','2020-06-17 08:14:23',NULL,NULL,NULL,'2020-06-17 08:14:23',NULL,NULL),
(222,52,1,39,74,'2020-06-17 08:15:35','2020-06-17 08:15:35',NULL,NULL,NULL,'2020-06-17 08:15:35',NULL,NULL),
(223,54,1,41,76,'2020-06-17 08:15:45','2020-06-17 08:15:45',NULL,NULL,NULL,'2020-06-17 08:15:45',NULL,NULL),
(224,54,1,41,76,'2020-06-17 08:16:03','2020-06-17 08:16:03',NULL,18,NULL,'2020-06-17 08:15:45','2020-06-17 08:16:03',NULL),
(225,54,1,41,76,'2020-06-17 08:19:09','2020-06-17 08:19:09',NULL,NULL,NULL,'2020-06-17 08:19:09',NULL,NULL),
(226,54,1,41,76,'2020-06-17 08:19:09','2020-06-17 08:19:09',NULL,NULL,NULL,'2020-06-17 08:19:09',NULL,NULL),
(227,47,1,36,69,'2020-06-17 08:19:29','2020-06-17 08:19:29',NULL,306,NULL,'2020-06-17 08:14:23','2020-06-17 08:19:29',NULL),
(228,44,1,1,68,'2020-06-17 08:21:19','2020-06-17 08:21:19',NULL,NULL,NULL,NULL,NULL,NULL),
(229,44,1,1,68,'2020-06-17 08:21:19','2020-06-17 08:21:19',NULL,NULL,NULL,NULL,NULL,NULL),
(230,54,1,41,76,'2020-06-17 08:23:25','2020-06-17 08:23:25',NULL,256,NULL,'2020-06-17 08:19:09','2020-06-17 08:23:25',NULL),
(231,54,1,41,76,'2020-06-17 08:23:25','2020-06-17 08:23:25',NULL,256,NULL,'2020-06-17 08:19:09','2020-06-17 08:23:25',NULL),
(232,1,1,1,48,'2020-06-17 08:23:40','2020-06-17 08:23:40',NULL,NULL,NULL,NULL,NULL,NULL),
(233,54,1,41,76,'2020-06-17 08:23:58','2020-06-17 08:23:58',NULL,NULL,NULL,'2020-06-17 08:23:58',NULL,NULL),
(234,54,1,41,76,'2020-06-17 08:23:58','2020-06-17 08:23:58',NULL,NULL,NULL,'2020-06-17 08:23:58',NULL,NULL),
(235,52,1,39,74,'2020-06-17 08:29:30','2020-06-17 08:29:30',NULL,835,NULL,'2020-06-17 08:15:35','2020-06-17 08:29:30',NULL),
(236,1,1,2,3,'2020-06-17 08:30:04','2020-06-17 08:30:04',NULL,NULL,NULL,'2020-06-17 08:30:04',NULL,NULL),
(237,33,1,2,39,'2020-06-17 08:38:47','2020-06-17 08:38:47',NULL,NULL,NULL,'2020-06-17 08:38:47',NULL,NULL),
(238,44,1,1,68,'2020-06-17 08:39:58','2020-06-17 08:39:58',NULL,NULL,NULL,'2020-06-17 08:39:58',NULL,NULL),
(239,44,1,1,68,'2020-06-17 08:40:20','2020-06-17 08:40:20',NULL,22,NULL,'2020-06-17 08:39:58','2020-06-17 08:40:20',NULL),
(240,44,1,1,68,'2020-06-17 08:41:10','2020-06-17 08:41:10',NULL,NULL,NULL,'2020-06-17 08:41:10',NULL,NULL),
(241,2,1,9,4,'2020-06-17 09:10:20','2020-06-17 09:10:20',NULL,8814,NULL,'2020-06-17 06:43:26','2020-06-17 09:10:20',NULL),
(242,33,1,2,39,'2020-06-17 09:10:56','2020-06-17 09:10:56',NULL,1929,NULL,'2020-06-17 08:38:47','2020-06-17 09:10:56',NULL),
(243,44,1,1,68,'2020-06-17 09:12:05','2020-06-17 09:12:05',NULL,1855,NULL,'2020-06-17 08:41:10','2020-06-17 09:12:05',NULL),
(244,2,1,9,4,'2020-06-17 09:17:06','2020-06-17 09:17:06',NULL,NULL,NULL,'2020-06-17 09:17:06',NULL,NULL),
(245,2,1,9,4,'2020-06-17 09:32:46','2020-06-17 09:32:46',NULL,940,NULL,'2020-06-17 09:17:06','2020-06-17 09:32:46',NULL),
(246,2,1,9,4,'2020-06-17 09:33:16','2020-06-17 09:33:16',NULL,NULL,NULL,'2020-06-17 09:33:16',NULL,NULL),
(247,2,1,9,4,'2020-06-17 09:33:50','2020-06-17 09:33:50',NULL,34,NULL,'2020-06-17 09:33:16','2020-06-17 09:33:50',NULL),
(248,1,1,7,2,'2020-06-18 05:30:05','2020-06-18 05:30:05',NULL,NULL,NULL,'2020-06-18 05:30:05',NULL,NULL),
(249,54,1,41,76,'2020-06-18 05:40:37','2020-06-18 05:40:37',NULL,76599,NULL,'2020-06-17 08:23:58','2020-06-18 05:40:37',NULL),
(250,2,1,9,4,'2020-06-18 05:42:21','2020-06-18 05:42:21',NULL,NULL,NULL,'2020-06-18 05:42:21',NULL,NULL),
(251,54,1,41,76,'2020-06-18 05:43:39','2020-06-18 05:43:39',NULL,NULL,NULL,'2020-06-18 05:43:39',NULL,NULL),
(252,2,1,9,4,'2020-06-18 05:45:46','2020-06-18 05:45:46',NULL,205,NULL,'2020-06-18 05:42:21','2020-06-18 05:45:46',NULL),
(253,54,1,41,76,'2020-06-18 05:50:33','2020-06-18 05:50:33',NULL,414,NULL,'2020-06-18 05:43:39','2020-06-18 05:50:33',NULL),
(254,2,1,9,4,'2020-06-18 05:50:56','2020-06-18 05:50:56',NULL,NULL,NULL,'2020-06-18 05:50:56',NULL,NULL),
(255,1,1,1,59,'2020-06-18 05:51:15','2020-06-18 05:51:15',NULL,NULL,NULL,NULL,NULL,NULL),
(256,54,1,41,76,'2020-06-18 05:52:43','2020-06-18 05:52:43',NULL,NULL,NULL,'2020-06-18 05:52:43',NULL,NULL),
(257,52,1,39,74,'2020-06-18 05:52:52','2020-06-18 05:52:52',NULL,NULL,NULL,'2020-06-18 05:52:52',NULL,NULL),
(258,52,1,39,74,'2020-06-18 05:52:58','2020-06-18 05:52:58',NULL,6,NULL,'2020-06-18 05:52:52','2020-06-18 05:52:58',NULL),
(259,38,1,12,55,'2020-06-18 05:53:14','2020-06-18 05:53:14',NULL,NULL,NULL,NULL,NULL,NULL),
(260,2,1,9,4,'2020-06-18 07:34:26','2020-06-18 07:34:26',NULL,6210,NULL,'2020-06-18 05:50:56','2020-06-18 07:34:26',NULL),
(261,52,1,39,74,'2020-06-18 07:42:21','2020-06-18 07:42:21',NULL,NULL,NULL,'2020-06-18 07:42:21',NULL,NULL),
(262,2,1,9,4,'2020-06-18 07:50:02','2020-06-18 07:50:02',NULL,NULL,NULL,'2020-06-18 07:50:02',NULL,NULL),
(263,54,1,41,76,'2020-06-18 07:51:56','2020-06-18 07:51:56',NULL,7153,NULL,'2020-06-18 05:52:43','2020-06-18 07:51:56',NULL),
(264,47,1,36,69,'2020-06-18 07:52:10','2020-06-18 07:52:10',NULL,NULL,NULL,'2020-06-18 07:52:10',NULL,NULL),
(265,33,1,2,39,'2020-06-18 08:55:24','2020-06-18 08:55:24',NULL,NULL,NULL,'2020-06-18 08:55:24',NULL,NULL),
(266,2,1,9,4,'2020-06-18 08:55:30','2020-06-18 08:55:30',NULL,3928,NULL,'2020-06-18 07:50:02','2020-06-18 08:55:30',NULL),
(267,30,1,2,36,'2020-06-18 08:55:35','2020-06-18 08:55:35',NULL,NULL,NULL,'2020-06-18 08:55:35',NULL,NULL),
(268,2,1,9,4,'2020-06-18 08:55:41','2020-06-18 08:55:41',NULL,NULL,NULL,'2020-06-18 08:55:41',NULL,NULL),
(269,31,1,2,37,'2020-06-18 08:55:58','2020-06-18 08:55:58',NULL,NULL,NULL,'2020-06-18 08:55:58',NULL,NULL),
(270,44,1,1,68,'2020-06-18 08:56:25','2020-06-18 08:56:25',NULL,NULL,NULL,'2020-06-18 08:56:25',NULL,NULL),
(271,2,1,9,5,'2020-06-18 08:56:36','2020-06-18 08:56:36',NULL,NULL,NULL,'2020-06-18 08:56:36',NULL,NULL),
(272,2,1,9,4,'2020-06-18 10:21:08','2020-06-18 10:21:08',NULL,5127,NULL,'2020-06-18 08:55:41','2020-06-18 10:21:08',NULL),
(273,1,1,2,3,'2020-06-21 09:08:51','2020-06-21 09:08:51',NULL,347927,NULL,'2020-06-17 08:30:04','2020-06-21 09:08:51',NULL),
(274,44,1,1,68,'2020-06-21 09:14:08','2020-06-21 09:14:08',NULL,260263,NULL,'2020-06-18 08:56:25','2020-06-21 09:14:08',NULL),
(275,47,1,36,69,'2020-06-21 09:15:43','2020-06-21 09:15:43',NULL,264213,NULL,'2020-06-18 07:52:10','2020-06-21 09:15:43',NULL),
(276,1,1,7,2,'2020-06-30 04:20:56','2020-06-30 04:20:56',NULL,1032650,NULL,'2020-06-18 05:30:05','2020-06-30 04:20:56',NULL),
(277,30,1,2,36,'2020-06-30 04:24:28','2020-06-30 04:24:28',NULL,1020530,NULL,'2020-06-18 08:55:35','2020-06-30 04:24:28',NULL),
(278,1,1,7,2,'2020-06-30 04:42:07','2020-06-30 04:42:07',NULL,NULL,NULL,'2020-06-30 04:42:07',NULL,NULL),
(279,1,1,7,2,'2020-06-30 04:45:41','2020-06-30 04:45:41',NULL,214,NULL,'2020-06-30 04:42:07','2020-06-30 04:45:41',NULL),
(280,2,1,9,5,'2020-06-30 21:44:54','2020-06-30 21:44:54',NULL,1082900,NULL,'2020-06-18 08:56:36','2020-06-30 21:44:54',NULL),
(281,2,1,9,4,'2020-06-30 21:53:18','2020-06-30 21:53:18',NULL,NULL,NULL,'2020-06-30 21:53:18',NULL,NULL),
(282,2,1,9,4,'2020-07-01 00:16:57','2020-07-01 00:16:57',NULL,8619,NULL,'2020-06-30 21:53:18','2020-07-01 00:16:57',NULL),
(283,1,1,7,2,'2020-07-01 00:20:09','2020-07-01 00:20:09',NULL,NULL,NULL,'2020-07-01 00:20:09',NULL,NULL),
(284,1,1,7,2,'2020-07-01 00:33:31','2020-07-01 00:33:31',NULL,802,NULL,'2020-07-01 00:20:09','2020-07-01 00:33:31',NULL);

/*Table structure for table `countries` */

DROP TABLE IF EXISTS `countries`;

CREATE TABLE `countries` (
  `id` int(11) NOT NULL,
  `capital` varchar(255) COLLATE utf8_unicode_ci DEFAULT NULL,
  `citizenship` varchar(255) COLLATE utf8_unicode_ci DEFAULT NULL,
  `country_code` varchar(3) COLLATE utf8_unicode_ci NOT NULL DEFAULT '',
  `currency` varchar(255) COLLATE utf8_unicode_ci DEFAULT NULL,
  `currency_code` varchar(255) COLLATE utf8_unicode_ci DEFAULT NULL,
  `currency_sub_unit` varchar(255) COLLATE utf8_unicode_ci DEFAULT NULL,
  `full_name` varchar(255) COLLATE utf8_unicode_ci DEFAULT NULL,
  `iso_3166_2` varchar(2) COLLATE utf8_unicode_ci NOT NULL DEFAULT '',
  `iso_3166_3` varchar(3) COLLATE utf8_unicode_ci NOT NULL DEFAULT '',
  `name` varchar(255) COLLATE utf8_unicode_ci NOT NULL DEFAULT '',
  `region_code` varchar(3) COLLATE utf8_unicode_ci NOT NULL DEFAULT '',
  `sub_region_code` varchar(3) COLLATE utf8_unicode_ci NOT NULL DEFAULT '',
  `eea` tinyint(1) NOT NULL DEFAULT '0',
  PRIMARY KEY (`id`),
  KEY `countries_id_index` (`id`)
) ENGINE=InnoDB DEFAULT CHARSET=utf8 COLLATE=utf8_unicode_ci;

/*Data for the table `countries` */

insert  into `countries`(`id`,`capital`,`citizenship`,`country_code`,`currency`,`currency_code`,`currency_sub_unit`,`full_name`,`iso_3166_2`,`iso_3166_3`,`name`,`region_code`,`sub_region_code`,`eea`) values 
(4,'Kabul','Afghan','004','afghani','AFN','pul','Islamic Republic of Afghanistan','AF','AFG','Afghanistan','142','034',0),
(8,'Tirana','Albanian','008','lek','ALL','(qindar (pl. qindarka))','Republic of Albania','AL','ALB','Albania','150','039',0),
(10,'Antartica','of Antartica','010','','','','Antarctica','AQ','ATA','Antarctica','','',0),
(12,'Algiers','Algerian','012','Algerian dinar','DZD','centime','Peoples Democratic Republic of Algeria','DZ','DZA','Algeria','002','015',0),
(16,'Pago Pago','American Samoan','016','US dollar','USD','cent','Territory of American','AS','ASM','American Samoa','009','061',0),
(20,'Andorra la Vella','Andorran','020','euro','EUR','cent','Principality of Andorra','AD','AND','Andorra','150','039',0),
(24,'Luanda','Angolan','024','kwanza','AOA','cntimo','Republic of Angola','AO','AGO','Angola','002','017',0),
(28,'St Johns','of Antigua and Barbuda','028','East Caribbean dollar','XCD','cent','Antigua and Barbuda','AG','ATG','Antigua and Barbuda','019','029',0),
(31,'Baku','Azerbaijani','031','Azerbaijani manat','AZN','kepik (inv.)','Republic of Azerbaijan','AZ','AZE','Azerbaijan','142','145',0),
(32,'Buenos Aires','Argentinian','032','Argentine peso','ARS','centavo','Argentine Republic','AR','ARG','Argentina','019','005',0),
(36,'Canberra','Australian','036','Australian dollar','AUD','cent','Commonwealth of Australia','AU','AUS','Australia','009','053',0),
(40,'Vienna','Austrian','040','euro','EUR','cent','Republic of Austria','AT','AUT','Austria','150','155',1),
(44,'Nassau','Bahamian','044','Bahamian dollar','BSD','cent','Commonwealth of the Bahamas','BS','BHS','Bahamas','019','029',0),
(48,'Manama','Bahraini','048','Bahraini dinar','BHD','fils (inv.)','Kingdom of Bahrain','BH','BHR','Bahrain','142','145',0),
(50,'Dhaka','Bangladeshi','050','taka (inv.)','BDT','poisha (inv.)','Peoples Republic of Bangladesh','BD','BGD','Bangladesh','142','034',0),
(51,'Yerevan','Armenian','051','dram (inv.)','AMD','luma','Republic of Armenia','AM','ARM','Armenia','142','145',0),
(52,'Bridgetown','Barbadian','052','Barbados dollar','BBD','cent','Barbados','BB','BRB','Barbados','019','029',0),
(56,'Brussels','Belgian','056','euro','EUR','cent','Kingdom of Belgium','BE','BEL','Belgium','150','155',1),
(60,'Hamilton','Bermudian','060','Bermuda dollar','BMD','cent','Bermuda','BM','BMU','Bermuda','019','021',0),
(64,'Thimphu','Bhutanese','064','ngultrum (inv.)','BTN','chhetrum (inv.)','Kingdom of Bhutan','BT','BTN','Bhutan','142','034',0),
(68,'Sucre (BO1)','Bolivian','068','boliviano','BOB','centavo','Plurinational State of Bolivia','BO','BOL','Bolivia, Plurinational State of','019','005',0),
(70,'Sarajevo','of Bosnia and Herzegovina','070','convertible mark','BAM','fening','Bosnia and Herzegovina','BA','BIH','Bosnia and Herzegovina','150','039',0),
(72,'Gaborone','Botswanan','072','pula (inv.)','BWP','thebe (inv.)','Republic of Botswana','BW','BWA','Botswana','002','018',0),
(74,'Bouvet island','of Bouvet island','074','','','','Bouvet Island','BV','BVT','Bouvet Island','','',0),
(76,'Brasilia','Brazilian','076','real (pl. reais)','BRL','centavo','Federative Republic of Brazil','BR','BRA','Brazil','019','005',0),
(84,'Belmopan','Belizean','084','Belize dollar','BZD','cent','Belize','BZ','BLZ','Belize','019','013',0),
(86,'Diego Garcia','Changosian','086','US dollar','USD','cent','British Indian Ocean Territory','IO','IOT','British Indian Ocean Territory','','',0),
(90,'Honiara','Solomon Islander','090','Solomon Islands dollar','SBD','cent','Solomon Islands','SB','SLB','Solomon Islands','009','054',0),
(92,'Road Town','British Virgin Islander;','092','US dollar','USD','cent','British Virgin Islands','VG','VGB','Virgin Islands, British','019','029',0),
(96,'Bandar Seri Begawan','Bruneian','096','Brunei dollar','BND','sen (inv.)','Brunei Darussalam','BN','BRN','Brunei Darussalam','142','035',0),
(100,'Sofia','Bulgarian','100','lev (pl. leva)','BGN','stotinka','Republic of Bulgaria','BG','BGR','Bulgaria','150','151',1),
(104,'Yangon','Burmese','104','kyat','MMK','pya','Union of Myanmar/','MM','MMR','Myanmar','142','035',0),
(108,'Bujumbura','Burundian','108','Burundi franc','BIF','centime','Republic of Burundi','BI','BDI','Burundi','002','014',0),
(112,'Minsk','Belarusian','112','Belarusian rouble','BYR','kopek','Republic of Belarus','BY','BLR','Belarus','150','151',0),
(116,'Phnom Penh','Cambodian','116','riel','KHR','sen (inv.)','Kingdom of Cambodia','KH','KHM','Cambodia','142','035',0),
(120,'Yaound','Cameroonian','120','CFA franc (BEAC)','XAF','centime','Republic of Cameroon','CM','CMR','Cameroon','002','017',0),
(124,'Ottawa','Canadian','124','Canadian dollar','CAD','cent','Canada','CA','CAN','Canada','019','021',0),
(132,'Praia','Cape Verdean','132','Cape Verde escudo','CVE','centavo','Republic of Cape Verde','CV','CPV','Cape Verde','002','011',0),
(136,'George Town','Caymanian','136','Cayman Islands dollar','KYD','cent','Cayman Islands','KY','CYM','Cayman Islands','019','029',0),
(140,'Bangui','Central African','140','CFA franc (BEAC)','XAF','centime','Central African Republic','CF','CAF','Central African Republic','002','017',0),
(144,'Colombo','Sri Lankan','144','Sri Lankan rupee','LKR','cent','Democratic Socialist Republic of Sri Lanka','LK','LKA','Sri Lanka','142','034',0),
(148,'NDjamena','Chadian','148','CFA franc (BEAC)','XAF','centime','Republic of Chad','TD','TCD','Chad','002','017',0),
(152,'Santiago','Chilean','152','Chilean peso','CLP','centavo','Republic of Chile','CL','CHL','Chile','019','005',0),
(156,'Beijing','Chinese','156','renminbi-yuan (inv.)','CNY','jiao (10)','Peoples Republic of China','CN','CHN','China','142','030',0),
(158,'Taipei','Taiwanese','158','new Taiwan dollar','TWD','fen (inv.)','Republic of China, Taiwan (TW1)','TW','TWN','Taiwan, Province of China','142','030',0),
(162,'Flying Fish Cove','Christmas Islander','162','Australian dollar','AUD','cent','Christmas Island Territory','CX','CXR','Christmas Island','','',0),
(166,'Bantam','Cocos Islander','166','Australian dollar','AUD','cent','Territory of Cocos (Keeling) Islands','CC','CCK','Cocos (Keeling) Islands','','',0),
(170,'Santa Fe de Bogot','Colombian','170','Colombian peso','COP','centavo','Republic of Colombia','CO','COL','Colombia','019','005',0),
(174,'Moroni','Comorian','174','Comorian franc','KMF','','Union of the Comoros','KM','COM','Comoros','002','014',0),
(175,'Mamoudzou','Mahorais','175','euro','EUR','cent','Departmental Collectivity of Mayotte','YT','MYT','Mayotte','002','014',0),
(178,'Brazzaville','Congolese','178','CFA franc (BEAC)','XAF','centime','Republic of the Congo','CG','COG','Congo','002','017',0),
(180,'Kinshasa','Congolese','180','Congolese franc','CDF','centime','Democratic Republic of the Congo','CD','COD','Congo, the Democratic Republic of the','002','017',0),
(184,'Avarua','Cook Islander','184','New Zealand dollar','NZD','cent','Cook Islands','CK','COK','Cook Islands','009','061',0),
(188,'San Jos','Costa Rican','188','Costa Rican coln (pl. colones)','CRC','cntimo','Republic of Costa Rica','CR','CRI','Costa Rica','019','013',0),
(191,'Zagreb','Croatian','191','kuna (inv.)','HRK','lipa (inv.)','Republic of Croatia','HR','HRV','Croatia','150','039',1),
(192,'Havana','Cuban','192','Cuban peso','CUP','centavo','Republic of Cuba','CU','CUB','Cuba','019','029',0),
(196,'Nicosia','Cypriot','196','euro','EUR','cent','Republic of Cyprus','CY','CYP','Cyprus','142','145',1),
(203,'Prague','Czech','203','Czech koruna (pl. koruny)','CZK','halr','Czech Republic','CZ','CZE','Czech Republic','150','151',1),
(204,'Porto Novo (BJ1)','Beninese','204','CFA franc (BCEAO)','XOF','centime','Republic of Benin','BJ','BEN','Benin','002','011',0),
(208,'Copenhagen','Danish','208','Danish krone','DKK','re (inv.)','Kingdom of Denmark','DK','DNK','Denmark','150','154',1),
(212,'Roseau','Dominican','212','East Caribbean dollar','XCD','cent','Commonwealth of Dominica','DM','DMA','Dominica','019','029',0),
(214,'Santo Domingo','Dominican','214','Dominican peso','DOP','centavo','Dominican Republic','DO','DOM','Dominican Republic','019','029',0),
(218,'Quito','Ecuadorian','218','US dollar','USD','cent','Republic of Ecuador','EC','ECU','Ecuador','019','005',0),
(222,'San Salvador','Salvadoran','222','Salvadorian coln (pl. colones)','SVC','centavo','Republic of El Salvador','SV','SLV','El Salvador','019','013',0),
(226,'Malabo','Equatorial Guinean','226','CFA franc (BEAC)','XAF','centime','Republic of Equatorial Guinea','GQ','GNQ','Equatorial Guinea','002','017',0),
(231,'Addis Ababa','Ethiopian','231','birr (inv.)','ETB','cent','Federal Democratic Republic of Ethiopia','ET','ETH','Ethiopia','002','014',0),
(232,'Asmara','Eritrean','232','nakfa','ERN','cent','State of Eritrea','ER','ERI','Eritrea','002','014',0),
(233,'Tallinn','Estonian','233','euro','EUR','cent','Republic of Estonia','EE','EST','Estonia','150','154',1),
(234,'Trshavn','Faeroese','234','Danish krone','DKK','re (inv.)','Faeroe Islands','FO','FRO','Faroe Islands','150','154',0),
(238,'Stanley','Falkland Islander','238','Falkland Islands pound','FKP','new penny','Falkland Islands','FK','FLK','Falkland Islands (Malvinas)','019','005',0),
(239,'King Edward Point (Grytviken)','of South Georgia and the South Sandwich Islands','239','','','','South Georgia and the South Sandwich Islands','GS','SGS','South Georgia and the South Sandwich Islands','','',0),
(242,'Suva','Fijian','242','Fiji dollar','FJD','cent','Republic of Fiji','FJ','FJI','Fiji','009','054',0),
(246,'Helsinki','Finnish','246','euro','EUR','cent','Republic of Finland','FI','FIN','Finland','150','154',1),
(248,'Mariehamn','land Islander','248','euro','EUR','cent','land Islands','AX','ALA','land Islands','150','154',0),
(250,'Paris','French','250','euro','EUR','cent','French Republic','FR','FRA','France','150','155',1),
(254,'Cayenne','Guianese','254','euro','EUR','cent','French Guiana','GF','GUF','French Guiana','019','005',0),
(258,'Papeete','Polynesian','258','CFP franc','XPF','centime','French Polynesia','PF','PYF','French Polynesia','009','061',0),
(260,'Port-aux-Francais','of French Southern and Antarctic Lands','260','euro','EUR','cent','French Southern and Antarctic Lands','TF','ATF','French Southern Territories','','',0),
(262,'Djibouti','Djiboutian','262','Djibouti franc','DJF','','Republic of Djibouti','DJ','DJI','Djibouti','002','014',0),
(266,'Libreville','Gabonese','266','CFA franc (BEAC)','XAF','centime','Gabonese Republic','GA','GAB','Gabon','002','017',0),
(268,'Tbilisi','Georgian','268','lari','GEL','tetri (inv.)','Georgia','GE','GEO','Georgia','142','145',0),
(270,'Banjul','Gambian','270','dalasi (inv.)','GMD','butut','Republic of the Gambia','GM','GMB','Gambia','002','011',0),
(275,NULL,'Palestinian','275',NULL,NULL,NULL,NULL,'PS','PSE','Palestinian Territory, Occupied','142','145',0),
(276,'Berlin','German','276','euro','EUR','cent','Federal Republic of Germany','DE','DEU','Germany','150','155',1),
(288,'Accra','Ghanaian','288','Ghana cedi','GHS','pesewa','Republic of Ghana','GH','GHA','Ghana','002','011',0),
(292,'Gibraltar','Gibraltarian','292','Gibraltar pound','GIP','penny','Gibraltar','GI','GIB','Gibraltar','150','039',0),
(296,'Tarawa','Kiribatian','296','Australian dollar','AUD','cent','Republic of Kiribati','KI','KIR','Kiribati','009','057',0),
(300,'Athens','Greek','300','euro','EUR','cent','Hellenic Republic','GR','GRC','Greece','150','039',1),
(304,'Nuuk','Greenlander','304','Danish krone','DKK','re (inv.)','Greenland','GL','GRL','Greenland','019','021',0),
(308,'St Georges','Grenadian','308','East Caribbean dollar','XCD','cent','Grenada','GD','GRD','Grenada','019','029',0),
(312,'Basse Terre','Guadeloupean','312','euro','EUR ','cent','Guadeloupe','GP','GLP','Guadeloupe','019','029',0),
(316,'Agaa (Hagta)','Guamanian','316','US dollar','USD','cent','Territory of Guam','GU','GUM','Guam','009','057',0),
(320,'Guatemala City','Guatemalan','320','quetzal (pl. quetzales)','GTQ','centavo','Republic of Guatemala','GT','GTM','Guatemala','019','013',0),
(324,'Conakry','Guinean','324','Guinean franc','GNF','','Republic of Guinea','GN','GIN','Guinea','002','011',0),
(328,'Georgetown','Guyanese','328','Guyana dollar','GYD','cent','Cooperative Republic of Guyana','GY','GUY','Guyana','019','005',0),
(332,'Port-au-Prince','Haitian','332','gourde','HTG','centime','Republic of Haiti','HT','HTI','Haiti','019','029',0),
(334,'Territory of Heard Island and McDonald Islands','of Territory of Heard Island and McDonald Islands','334','','','','Territory of Heard Island and McDonald Islands','HM','HMD','Heard Island and McDonald Islands','','',0),
(336,'Vatican City','of the Holy See/of the Vatican','336','euro','EUR','cent','the Holy See/ Vatican City State','VA','VAT','Holy See (Vatican City State)','150','039',0),
(340,'Tegucigalpa','Honduran','340','lempira','HNL','centavo','Republic of Honduras','HN','HND','Honduras','019','013',0),
(344,'(HK3)','Hong Kong Chinese','344','Hong Kong dollar','HKD','cent','Hong Kong Special Administrative Region of the Peoples Republic of China (HK2)','HK','HKG','Hong Kong','142','030',0),
(348,'Budapest','Hungarian','348','forint (inv.)','HUF','(fillr (inv.))','Republic of Hungary','HU','HUN','Hungary','150','151',1),
(352,'Reykjavik','Icelander','352','krna (pl. krnur)','ISK','','Republic of Iceland','IS','ISL','Iceland','150','154',1),
(356,'New Delhi','Indian','356','Indian rupee','INR','paisa','Republic of India','IN','IND','India','142','034',0),
(360,'Jakarta','Indonesian','360','Indonesian rupiah (inv.)','IDR','sen (inv.)','Republic of Indonesia','ID','IDN','Indonesia','142','035',0),
(364,'Tehran','Iranian','364','Iranian rial','IRR','(dinar) (IR1)','Islamic Republic of Iran','IR','IRN','Iran, Islamic Republic of','142','034',0),
(368,'Baghdad','Iraqi','368','Iraqi dinar','IQD','fils (inv.)','Republic of Iraq','IQ','IRQ','Iraq','142','145',0),
(372,'Dublin','Irish','372','euro','EUR','cent','Ireland (IE1)','IE','IRL','Ireland','150','154',1),
(376,'(IL1)','Israeli','376','shekel','ILS','agora','State of Israel','IL','ISR','Israel','142','145',0),
(380,'Rome','Italian','380','euro','EUR','cent','Italian Republic','IT','ITA','Italy','150','039',1),
(384,'Yamoussoukro (CI1)','Ivorian','384','CFA franc (BCEAO)','XOF','centime','Republic of Cte dIvoire','CI','CIV','Cte d\'Ivoire','002','011',0),
(388,'Kingston','Jamaican','388','Jamaica dollar','JMD','cent','Jamaica','JM','JAM','Jamaica','019','029',0),
(392,'Tokyo','Japanese','392','yen (inv.)','JPY','(sen (inv.)) (JP1)','Japan','JP','JPN','Japan','142','030',0),
(398,'Astana','Kazakh','398','tenge (inv.)','KZT','tiyn','Republic of Kazakhstan','KZ','KAZ','Kazakhstan','142','143',0),
(400,'Amman','Jordanian','400','Jordanian dinar','JOD','100 qirsh','Hashemite Kingdom of Jordan','JO','JOR','Jordan','142','145',0),
(404,'Nairobi','Kenyan','404','Kenyan shilling','KES','cent','Republic of Kenya','KE','KEN','Kenya','002','014',0),
(408,'Pyongyang','North Korean','408','North Korean won (inv.)','KPW','chun (inv.)','Democratic Peoples Republic of Korea','KP','PRK','Korea, Democratic People\'s Republic of','142','030',0),
(410,'Seoul','South Korean','410','South Korean won (inv.)','KRW','(chun (inv.))','Republic of Korea','KR','KOR','Korea, Republic of','142','030',0),
(414,'Kuwait City','Kuwaiti','414','Kuwaiti dinar','KWD','fils (inv.)','State of Kuwait','KW','KWT','Kuwait','142','145',0),
(417,'Bishkek','Kyrgyz','417','som','KGS','tyiyn','Kyrgyz Republic','KG','KGZ','Kyrgyzstan','142','143',0),
(418,'Vientiane','Lao','418','kip (inv.)','LAK','(at (inv.))','Lao Peoples Democratic Republic','LA','LAO','Lao People\'s Democratic Republic','142','035',0),
(422,'Beirut','Lebanese','422','Lebanese pound','LBP','(piastre)','Lebanese Republic','LB','LBN','Lebanon','142','145',0),
(426,'Maseru','Basotho','426','loti (pl. maloti)','LSL','sente','Kingdom of Lesotho','LS','LSO','Lesotho','002','018',0),
(428,'Riga','Latvian','428','euro','EUR','cent','Republic of Latvia','LV','LVA','Latvia','150','154',1),
(430,'Monrovia','Liberian','430','Liberian dollar','LRD','cent','Republic of Liberia','LR','LBR','Liberia','002','011',0),
(434,'Tripoli','Libyan','434','Libyan dinar','LYD','dirham','Socialist Peoples Libyan Arab Jamahiriya','LY','LBY','Libya','002','015',0),
(438,'Vaduz','Liechtensteiner','438','Swiss franc','CHF','centime','Principality of Liechtenstein','LI','LIE','Liechtenstein','150','155',1),
(440,'Vilnius','Lithuanian','440','euro','EUR','cent','Republic of Lithuania','LT','LTU','Lithuania','150','154',1),
(442,'Luxembourg','Luxembourger','442','euro','EUR','cent','Grand Duchy of Luxembourg','LU','LUX','Luxembourg','150','155',1),
(446,'Macao (MO3)','Macanese','446','pataca','MOP','avo','Macao Special Administrative Region of the Peoples Republic of China (MO2)','MO','MAC','Macao','142','030',0),
(450,'Antananarivo','Malagasy','450','ariary','MGA','iraimbilanja (inv.)','Republic of Madagascar','MG','MDG','Madagascar','002','014',0),
(454,'Lilongwe','Malawian','454','Malawian kwacha (inv.)','MWK','tambala (inv.)','Republic of Malawi','MW','MWI','Malawi','002','014',0),
(458,'Kuala Lumpur (MY1)','Malaysian','458','ringgit (inv.)','MYR','sen (inv.)','Malaysia','MY','MYS','Malaysia','142','035',0),
(462,'Mal','Maldivian','462','rufiyaa','MVR','laari (inv.)','Republic of Maldives','MV','MDV','Maldives','142','034',0),
(466,'Bamako','Malian','466','CFA franc (BCEAO)','XOF','centime','Republic of Mali','ML','MLI','Mali','002','011',0),
(470,'Valletta','Maltese','470','euro','EUR','cent','Republic of Malta','MT','MLT','Malta','150','039',1),
(474,'Fort-de-France','Martinican','474','euro','EUR','cent','Martinique','MQ','MTQ','Martinique','019','029',0),
(478,'Nouakchott','Mauritanian','478','ouguiya','MRO','khoum','Islamic Republic of Mauritania','MR','MRT','Mauritania','002','011',0),
(480,'Port Louis','Mauritian','480','Mauritian rupee','MUR','cent','Republic of Mauritius','MU','MUS','Mauritius','002','014',0),
(484,'Mexico City','Mexican','484','Mexican peso','MXN','centavo','United Mexican States','MX','MEX','Mexico','019','013',0),
(492,'Monaco','Monegasque','492','euro','EUR','cent','Principality of Monaco','MC','MCO','Monaco','150','155',0),
(496,'Ulan Bator','Mongolian','496','tugrik','MNT','mng (inv.)','Mongolia','MN','MNG','Mongolia','142','030',0),
(498,'Chisinau','Moldovan','498','Moldovan leu (pl. lei)','MDL','ban','Republic of Moldova','MD','MDA','Moldova, Republic of','150','151',0),
(499,'Podgorica','Montenegrin','499','euro','EUR','cent','Montenegro','ME','MNE','Montenegro','150','039',0),
(500,'Plymouth (MS2)','Montserratian','500','East Caribbean dollar','XCD','cent','Montserrat','MS','MSR','Montserrat','019','029',0),
(504,'Rabat','Moroccan','504','Moroccan dirham','MAD','centime','Kingdom of Morocco','MA','MAR','Morocco','002','015',0),
(508,'Maputo','Mozambican','508','metical','MZN','centavo','Republic of Mozambique','MZ','MOZ','Mozambique','002','014',0),
(512,'Muscat','Omani','512','Omani rial','OMR','baiza','Sultanate of Oman','OM','OMN','Oman','142','145',0),
(516,'Windhoek','Namibian','516','Namibian dollar','NAD','cent','Republic of Namibia','NA','NAM','Namibia','002','018',0),
(520,'Yaren','Nauruan','520','Australian dollar','AUD','cent','Republic of Nauru','NR','NRU','Nauru','009','057',0),
(524,'Kathmandu','Nepalese','524','Nepalese rupee','NPR','paisa (inv.)','Nepal','NP','NPL','Nepal','142','034',0),
(528,'Amsterdam (NL2)','Dutch','528','euro','EUR','cent','Kingdom of the Netherlands','NL','NLD','Netherlands','150','155',1),
(531,'Willemstad','Curaaoan','531','Netherlands Antillean guilder (CW1)','ANG','cent','Curaao','CW','CUW','Curaao','019','029',0),
(533,'Oranjestad','Aruban','533','Aruban guilder','AWG','cent','Aruba','AW','ABW','Aruba','019','029',0),
(534,'Philipsburg','Sint Maartener','534','Netherlands Antillean guilder (SX1)','ANG','cent','Sint Maarten','SX','SXM','Sint Maarten (Dutch part)','019','029',0),
(535,NULL,'of Bonaire, Sint Eustatius and Saba','535','US dollar','USD','cent',NULL,'BQ','BES','Bonaire, Sint Eustatius and Saba','019','029',0),
(540,'Nouma','New Caledonian','540','CFP franc','XPF','centime','New Caledonia','NC','NCL','New Caledonia','009','054',0),
(548,'Port Vila','Vanuatuan','548','vatu (inv.)','VUV','','Republic of Vanuatu','VU','VUT','Vanuatu','009','054',0),
(554,'Wellington','New Zealander','554','New Zealand dollar','NZD','cent','New Zealand','NZ','NZL','New Zealand','009','053',0),
(558,'Managua','Nicaraguan','558','crdoba oro','NIO','centavo','Republic of Nicaragua','NI','NIC','Nicaragua','019','013',0),
(562,'Niamey','Nigerien','562','CFA franc (BCEAO)','XOF','centime','Republic of Niger','NE','NER','Niger','002','011',0),
(566,'Abuja','Nigerian','566','naira (inv.)','NGN','kobo (inv.)','Federal Republic of Nigeria','NG','NGA','Nigeria','002','011',0),
(570,'Alofi','Niuean','570','New Zealand dollar','NZD','cent','Niue','NU','NIU','Niue','009','061',0),
(574,'Kingston','Norfolk Islander','574','Australian dollar','AUD','cent','Territory of Norfolk Island','NF','NFK','Norfolk Island','009','053',0),
(578,'Oslo','Norwegian','578','Norwegian krone (pl. kroner)','NOK','re (inv.)','Kingdom of Norway','NO','NOR','Norway','150','154',1),
(580,'Saipan','Northern Mariana Islander','580','US dollar','USD','cent','Commonwealth of the Northern Mariana Islands','MP','MNP','Northern Mariana Islands','009','057',0),
(581,'United States Minor Outlying Islands','of United States Minor Outlying Islands','581','US dollar','USD','cent','United States Minor Outlying Islands','UM','UMI','United States Minor Outlying Islands','','',0),
(583,'Palikir','Micronesian','583','US dollar','USD','cent','Federated States of Micronesia','FM','FSM','Micronesia, Federated States of','009','057',0),
(584,'Majuro','Marshallese','584','US dollar','USD','cent','Republic of the Marshall Islands','MH','MHL','Marshall Islands','009','057',0),
(585,'Melekeok','Palauan','585','US dollar','USD','cent','Republic of Palau','PW','PLW','Palau','009','057',0),
(586,'Islamabad','Pakistani','586','Pakistani rupee','PKR','paisa','Islamic Republic of Pakistan','PK','PAK','Pakistan','142','034',0),
(591,'Panama City','Panamanian','591','balboa','PAB','centsimo','Republic of Panama','PA','PAN','Panama','019','013',0),
(598,'Port Moresby','Papua New Guinean','598','kina (inv.)','PGK','toea (inv.)','Independent State of Papua New Guinea','PG','PNG','Papua New Guinea','009','054',0),
(600,'Asuncin','Paraguayan','600','guaran','PYG','cntimo','Republic of Paraguay','PY','PRY','Paraguay','019','005',0),
(604,'Lima','Peruvian','604','new sol','PEN','cntimo','Republic of Peru','PE','PER','Peru','019','005',0),
(608,'Manila','Filipino','608','Philippine peso','PHP','centavo','Republic of the Philippines','PH','PHL','Philippines','142','035',0),
(612,'Adamstown','Pitcairner','612','New Zealand dollar','NZD','cent','Pitcairn Islands','PN','PCN','Pitcairn','009','061',0),
(616,'Warsaw','Polish','616','zloty','PLN','grosz (pl. groszy)','Republic of Poland','PL','POL','Poland','150','151',1),
(620,'Lisbon','Portuguese','620','euro','EUR','cent','Portuguese Republic','PT','PRT','Portugal','150','039',1),
(624,'Bissau','Guinea-Bissau national','624','CFA franc (BCEAO)','XOF','centime','Republic of Guinea-Bissau','GW','GNB','Guinea-Bissau','002','011',0),
(626,'Dili','East Timorese','626','US dollar','USD','cent','Democratic Republic of East Timor','TL','TLS','Timor-Leste','142','035',0),
(630,'San Juan','Puerto Rican','630','US dollar','USD','cent','Commonwealth of Puerto Rico','PR','PRI','Puerto Rico','019','029',0),
(634,'Doha','Qatari','634','Qatari riyal','QAR','dirham','State of Qatar','QA','QAT','Qatar','142','145',0),
(638,'Saint-Denis','Reunionese','638','euro','EUR','cent','Runion','RE','REU','Runion','002','014',0),
(642,'Bucharest','Romanian','642','Romanian leu (pl. lei)','RON','ban (pl. bani)','Romania','RO','ROU','Romania','150','151',1),
(643,'Moscow','Russian','643','Russian rouble','RUB','kopek','Russian Federation','RU','RUS','Russian Federation','150','151',0),
(646,'Kigali','Rwandan; Rwandese','646','Rwandese franc','RWF','centime','Republic of Rwanda','RW','RWA','Rwanda','002','014',0),
(652,'Gustavia','of Saint Barthlemy','652','euro','EUR','cent','Collectivity of Saint Barthlemy','BL','BLM','Saint Barthlemy','019','029',0),
(654,'Jamestown','Saint Helenian','654','Saint Helena pound','SHP','penny','Saint Helena, Ascension and Tristan da Cunha','SH','SHN','Saint Helena, Ascension and Tristan da Cunha','002','011',0),
(659,'Basseterre','Kittsian; Nevisian','659','East Caribbean dollar','XCD','cent','Federation of Saint Kitts and Nevis','KN','KNA','Saint Kitts and Nevis','019','029',0),
(660,'The Valley','Anguillan','660','East Caribbean dollar','XCD','cent','Anguilla','AI','AIA','Anguilla','019','029',0),
(662,'Castries','Saint Lucian','662','East Caribbean dollar','XCD','cent','Saint Lucia','LC','LCA','Saint Lucia','019','029',0),
(663,'Marigot','of Saint Martin','663','euro','EUR','cent','Collectivity of Saint Martin','MF','MAF','Saint Martin (French part)','019','029',0),
(666,'Saint-Pierre','St-Pierrais; Miquelonnais','666','euro','EUR','cent','Territorial Collectivity of Saint Pierre and Miquelon','PM','SPM','Saint Pierre and Miquelon','019','021',0),
(670,'Kingstown','Vincentian','670','East Caribbean dollar','XCD','cent','Saint Vincent and the Grenadines','VC','VCT','Saint Vincent and the Grenadines','019','029',0),
(674,'San Marino','San Marinese','674','euro','EUR ','cent','Republic of San Marino','SM','SMR','San Marino','150','039',0),
(678,'So Tom','So Toman','678','dobra','STD','centavo','Democratic Republic of So Tom and Prncipe','ST','STP','Sao Tome and Principe','002','017',0),
(682,'Riyadh','Saudi Arabian','682','riyal','SAR','halala','Kingdom of Saudi Arabia','SA','SAU','Saudi Arabia','142','145',0),
(686,'Dakar','Senegalese','686','CFA franc (BCEAO)','XOF','centime','Republic of Senegal','SN','SEN','Senegal','002','011',0),
(688,'Belgrade','Serb','688','Serbian dinar','RSD','para (inv.)','Republic of Serbia','RS','SRB','Serbia','150','039',0),
(690,'Victoria','Seychellois','690','Seychelles rupee','SCR','cent','Republic of Seychelles','SC','SYC','Seychelles','002','014',0),
(694,'Freetown','Sierra Leonean','694','leone','SLL','cent','Republic of Sierra Leone','SL','SLE','Sierra Leone','002','011',0),
(702,'Singapore','Singaporean','702','Singapore dollar','SGD','cent','Republic of Singapore','SG','SGP','Singapore','142','035',0),
(703,'Bratislava','Slovak','703','euro','EUR','cent','Slovak Republic','SK','SVK','Slovakia','150','151',1),
(704,'Hanoi','Vietnamese','704','dong','VND','(10 ho','Socialist Republic of Vietnam','VN','VNM','Viet Nam','142','035',0),
(705,'Ljubljana','Slovene','705','euro','EUR','cent','Republic of Slovenia','SI','SVN','Slovenia','150','039',1),
(706,'Mogadishu','Somali','706','Somali shilling','SOS','cent','Somali Republic','SO','SOM','Somalia','002','014',0),
(710,'Pretoria (ZA1)','South African','710','rand','ZAR','cent','Republic of South Africa','ZA','ZAF','South Africa','002','018',0),
(716,'Harare','Zimbabwean','716','Zimbabwe dollar (ZW1)','ZWL','cent','Republic of Zimbabwe','ZW','ZWE','Zimbabwe','002','014',0),
(724,'Madrid','Spaniard','724','euro','EUR','cent','Kingdom of Spain','ES','ESP','Spain','150','039',1),
(728,'Juba','South Sudanese','728','South Sudanese pound','SSP','piaster','Republic of South Sudan','SS','SSD','South Sudan','002','015',0),
(729,'Khartoum','Sudanese','729','Sudanese pound','SDG','piastre','Republic of the Sudan','SD','SDN','Sudan','002','015',0),
(732,'Al aaiun','Sahrawi','732','Moroccan dirham','MAD','centime','Western Sahara','EH','ESH','Western Sahara','002','015',0),
(740,'Paramaribo','Surinamese','740','Surinamese dollar','SRD','cent','Republic of Suriname','SR','SUR','Suriname','019','005',0),
(744,'Longyearbyen','of Svalbard','744','Norwegian krone (pl. kroner)','NOK','re (inv.)','Svalbard and Jan Mayen','SJ','SJM','Svalbard and Jan Mayen','150','154',0),
(748,'Mbabane','Swazi','748','lilangeni','SZL','cent','Kingdom of Swaziland','SZ','SWZ','Swaziland','002','018',0),
(752,'Stockholm','Swedish','752','krona (pl. kronor)','SEK','re (inv.)','Kingdom of Sweden','SE','SWE','Sweden','150','154',1),
(756,'Berne','Swiss','756','Swiss franc','CHF','centime','Swiss Confederation','CH','CHE','Switzerland','150','155',1),
(760,'Damascus','Syrian','760','Syrian pound','SYP','piastre','Syrian Arab Republic','SY','SYR','Syrian Arab Republic','142','145',0),
(762,'Dushanbe','Tajik','762','somoni','TJS','diram','Republic of Tajikistan','TJ','TJK','Tajikistan','142','143',0),
(764,'Bangkok','Thai','764','baht (inv.)','THB','satang (inv.)','Kingdom of Thailand','TH','THA','Thailand','142','035',0),
(768,'Lom','Togolese','768','CFA franc (BCEAO)','XOF','centime','Togolese Republic','TG','TGO','Togo','002','011',0),
(772,'(TK2)','Tokelauan','772','New Zealand dollar','NZD','cent','Tokelau','TK','TKL','Tokelau','009','061',0),
(776,'Nukualofa','Tongan','776','paanga (inv.)','TOP','seniti (inv.)','Kingdom of Tonga','TO','TON','Tonga','009','061',0),
(780,'Port of Spain','Trinidadian; Tobagonian','780','Trinidad and Tobago dollar','TTD','cent','Republic of Trinidad and Tobago','TT','TTO','Trinidad and Tobago','019','029',0),
(784,'Abu Dhabi','Emirian','784','UAE dirham','AED','fils (inv.)','United Arab Emirates','AE','ARE','United Arab Emirates','142','145',0),
(788,'Tunis','Tunisian','788','Tunisian dinar','TND','millime','Republic of Tunisia','TN','TUN','Tunisia','002','015',0),
(792,'Ankara','Turk','792','Turkish lira (inv.)','TRY','kurus (inv.)','Republic of Turkey','TR','TUR','Turkey','142','145',0),
(795,'Ashgabat','Turkmen','795','Turkmen manat (inv.)','TMT','tenge (inv.)','Turkmenistan','TM','TKM','Turkmenistan','142','143',0),
(796,'Cockburn Town','Turks and Caicos Islander','796','US dollar','USD','cent','Turks and Caicos Islands','TC','TCA','Turks and Caicos Islands','019','029',0),
(798,'Funafuti','Tuvaluan','798','Australian dollar','AUD','cent','Tuvalu','TV','TUV','Tuvalu','009','061',0),
(800,'Kampala','Ugandan','800','Uganda shilling','UGX','cent','Republic of Uganda','UG','UGA','Uganda','002','014',0),
(804,'Kiev','Ukrainian','804','hryvnia','UAH','kopiyka','Ukraine','UA','UKR','Ukraine','150','151',0),
(807,'Skopje','of the former Yugoslav Republic of Macedonia','807','denar (pl. denars)','MKD','deni (inv.)','the former Yugoslav Republic of Macedonia','MK','MKD','Macedonia, the former Yugoslav Republic of','150','039',0),
(818,'Cairo','Egyptian','818','Egyptian pound','EGP','piastre','Arab Republic of Egypt','EG','EGY','Egypt','002','015',0),
(826,'London','British','826','pound sterling','GBP','penny (pl. pence)','United Kingdom of Great Britain and Northern Ireland','GB','GBR','United Kingdom','150','154',1),
(831,'St Peter Port','of Guernsey','831','Guernsey pound (GG2)','GGP (GG2)','penny (pl. pence)','Bailiwick of Guernsey','GG','GGY','Guernsey','150','154',0),
(832,'St Helier','of Jersey','832','Jersey pound (JE2)','JEP (JE2)','penny (pl. pence)','Bailiwick of Jersey','JE','JEY','Jersey','150','154',0),
(833,'Douglas','Manxman; Manxwoman','833','Manx pound (IM2)','IMP (IM2)','penny (pl. pence)','Isle of Man','IM','IMN','Isle of Man','150','154',0),
(834,'Dodoma (TZ1)','Tanzanian','834','Tanzanian shilling','TZS','cent','United Republic of Tanzania','TZ','TZA','Tanzania, United Republic of','002','014',0),
(840,'Washington DC','American','840','US dollar','USD','cent','United States of America','US','USA','United States','019','021',0),
(850,'Charlotte Amalie','US Virgin Islander','850','US dollar','USD','cent','United States Virgin Islands','VI','VIR','Virgin Islands, U.S.','019','029',0),
(854,'Ouagadougou','Burkinabe','854','CFA franc (BCEAO)','XOF','centime','Burkina Faso','BF','BFA','Burkina Faso','002','011',0),
(858,'Montevideo','Uruguayan','858','Uruguayan peso','UYU','centsimo','Eastern Republic of Uruguay','UY','URY','Uruguay','019','005',0),
(860,'Tashkent','Uzbek','860','sum (inv.)','UZS','tiyin (inv.)','Republic of Uzbekistan','UZ','UZB','Uzbekistan','142','143',0),
(862,'Caracas','Venezuelan','862','bolvar fuerte (pl. bolvares fuertes)','VEF','cntimo','Bolivarian Republic of Venezuela','VE','VEN','Venezuela, Bolivarian Republic of','019','005',0),
(876,'Mata-Utu','Wallisian; Futunan; Wallis and Futuna Islander','876','CFP franc','XPF','centime','Wallis and Futuna','WF','WLF','Wallis and Futuna','009','061',0),
(882,'Apia','Samoan','882','tala (inv.)','WST','sene (inv.)','Independent State of Samoa','WS','WSM','Samoa','009','061',0),
(887,'Sana','Yemenite','887','Yemeni rial','YER','fils (inv.)','Republic of Yemen','YE','YEM','Yemen','142','145',0),
(894,'Lusaka','Zambian','894','Zambian kwacha (inv.)','ZMW','ngwee (inv.)','Republic of Zambia','ZM','ZMB','Zambia','002','014',0);

/*Table structure for table `currencies` */

DROP TABLE IF EXISTS `currencies`;

CREATE TABLE `currencies` (
  `id` int(10) unsigned NOT NULL AUTO_INCREMENT,
  `title` varchar(255) COLLATE utf8_unicode_ci NOT NULL,
  `symbol_left` varchar(12) COLLATE utf8_unicode_ci NOT NULL,
  `symbol_right` varchar(12) COLLATE utf8_unicode_ci NOT NULL,
  `code` varchar(3) COLLATE utf8_unicode_ci NOT NULL,
  `decimal_place` int(11) NOT NULL,
  `value` double(15,8) NOT NULL,
  `decimal_point` varchar(3) COLLATE utf8_unicode_ci NOT NULL,
  `thousand_point` varchar(3) COLLATE utf8_unicode_ci NOT NULL,
  `status` int(11) NOT NULL,
  `created_at` timestamp NULL DEFAULT NULL,
  `updated_at` timestamp NULL DEFAULT NULL,
  PRIMARY KEY (`id`)
) ENGINE=InnoDB AUTO_INCREMENT=37 DEFAULT CHARSET=utf8 COLLATE=utf8_unicode_ci;

/*Data for the table `currencies` */

insert  into `currencies`(`id`,`title`,`symbol_left`,`symbol_right`,`code`,`decimal_place`,`value`,`decimal_point`,`thousand_point`,`status`,`created_at`,`updated_at`) values 
(1,'U.S. Dollar','$','','USD',2,1.00000000,'.',',',1,'2013-11-29 19:51:38','2013-11-29 19:51:38'),
(2,'Euro','','','EUR',2,0.74970001,'.',',',1,'2013-11-29 19:51:38','2013-11-29 19:51:38'),
(3,'Pound Sterling','','','GBP',2,0.62220001,'.',',',1,'2013-11-29 19:51:38','2013-11-29 19:51:38'),
(4,'Australian Dollar','$','','AUD',2,0.94790000,'.',',',1,'2013-11-29 19:51:38','2013-11-29 19:51:38'),
(5,'Canadian Dollar','$','','CAD',2,0.98500001,'.',',',1,'2013-11-29 19:51:38','2013-11-29 19:51:38'),
(6,'Czech Koruna','','K ','CZK',2,19.16900063,'.',',',1,'2013-11-29 19:51:38','2013-11-29 19:51:38'),
(7,'Danish Krone','kr ','','DKK',2,5.59420013,'.',',',1,'2013-11-29 19:51:38','2013-11-29 19:51:38'),
(8,'Hong Kong Dollar','$','','HKD',2,7.75290012,'.',',',1,'2013-11-29 19:51:38','2013-11-29 19:51:38'),
(9,'Hungarian Forint','Ft ','','HUF',2,221.27000427,'.',',',1,'2013-11-29 19:51:38','2013-11-29 19:51:38'),
(10,'Israeli New Sheqel','?','','ILS',2,3.73559999,'.',',',1,'2013-11-29 19:51:38','2013-11-29 19:51:38'),
(11,'Japanese Yen','','','JPY',2,88.76499939,'.',',',1,'2013-11-29 19:51:38','2013-11-29 19:51:38'),
(12,'Mexican Peso','$','','MXN',2,12.63899994,'.',',',1,'2013-11-29 19:51:38','2013-11-29 19:51:38'),
(13,'Norwegian Krone','kr ','','NOK',2,5.52229977,'.',',',1,'2013-11-29 19:51:38','2013-11-29 19:51:38'),
(14,'New Zealand Dollar','$','','NZD',2,1.18970001,'.',',',1,'2013-11-29 19:51:38','2013-11-29 19:51:38'),
(15,'Philippine Peso','Php ','','PHP',2,40.58000183,'.',',',1,'2013-11-29 19:51:38','2013-11-29 19:51:38'),
(16,'Polish Zloty','','z','PLN',2,3.08590007,',','.',1,'2013-11-29 19:51:38','2013-11-29 19:51:38'),
(17,'Singapore Dollar','$','','SGD',2,1.22560000,'.',',',1,'2013-11-29 19:51:38','2013-11-29 19:51:38'),
(18,'Swedish Krona','kr ','','SEK',2,6.45870018,'.',',',1,'2013-11-29 19:51:38','2013-11-29 19:51:38'),
(19,'Swiss Franc','CHF ','','CHF',2,0.92259997,'.',',',1,'2013-11-29 19:51:38','2013-11-29 19:51:38'),
(20,'Taiwan New Dollar','NT$','','TWD',2,28.95199966,'.',',',1,'2013-11-29 19:51:38','2013-11-29 19:51:38'),
(21,'Thai Baht','','','THB',2,30.09499931,'.',',',1,'2013-11-29 19:51:38','2013-11-29 19:51:38'),
(22,'Ukrainian hryvnia','','','UAH',2,0.00000000,'.',',',1,'2015-07-22 23:25:30','2015-07-22 23:25:30'),
(23,'Icelandic krna','kr ','','ISK',2,0.00000000,'.',',',1,'2015-07-22 23:25:30','2015-07-22 23:25:30'),
(24,'Croatian kuna','kn ','','HRK',2,0.00000000,'.',',',1,'2015-07-22 23:25:30','2015-07-22 23:25:30'),
(25,'Romanian leu','lei ','','RON',2,0.00000000,'.',',',1,'2015-07-22 23:25:30','2015-07-22 23:25:30'),
(26,'Bulgarian lev','.','','BGN',2,0.00000000,'.',',',1,'2015-07-22 23:25:30','2015-07-22 23:25:30'),
(27,'Turkish lira','','','TRY',2,0.00000000,'.',',',1,'2015-07-22 23:25:30','2015-07-22 23:25:30'),
(28,'Chilean peso','$','','CLP',2,0.00000000,'.',',',1,'2015-07-22 23:25:30','2015-07-22 23:25:30'),
(29,'South African rand','R','','ZAR',2,0.00000000,'.',',',1,'2015-07-22 23:25:30','2015-07-22 23:25:30'),
(30,'Brazilian real','R$','','BRL',2,0.00000000,'.',',',1,'2015-07-22 23:25:30','2015-07-22 23:25:30'),
(31,'Malaysian ringgit','RM ','','MYR',2,0.00000000,'.',',',1,'2015-07-22 23:25:30','2015-07-22 23:25:30'),
(32,'Russian ruble','','','RUB',2,0.00000000,'.',',',1,'2015-07-22 23:25:30','2015-07-22 23:25:30'),
(33,'Indonesian rupiah','Rp ','','IDR',2,0.00000000,'.',',',1,'2015-07-22 23:25:30','2015-07-22 23:25:30'),
(34,'Indian rupee','','','INR',2,0.00000000,'.',',',1,'2015-07-22 23:25:30','2015-07-22 23:25:30'),
(35,'Korean won','','','KRW',2,0.00000000,'.',',',1,'2015-07-22 23:25:30','2015-07-22 23:25:30'),
(36,'Renminbi','','','CNY',2,0.00000000,'.',',',1,'2015-07-22 23:25:30','2015-07-22 23:25:30');

/*Table structure for table `date_formats` */

DROP TABLE IF EXISTS `date_formats`;

CREATE TABLE `date_formats` (
  `id` int(10) unsigned NOT NULL AUTO_INCREMENT,
  `format` varchar(255) COLLATE utf8_unicode_ci NOT NULL,
  `picker_format` varchar(255) COLLATE utf8_unicode_ci NOT NULL,
  `label` varchar(255) COLLATE utf8_unicode_ci NOT NULL,
  PRIMARY KEY (`id`)
) ENGINE=InnoDB DEFAULT CHARSET=utf8 COLLATE=utf8_unicode_ci;

/*Data for the table `date_formats` */

/*Table structure for table `datetime_formats` */

DROP TABLE IF EXISTS `datetime_formats`;

CREATE TABLE `datetime_formats` (
  `id` int(10) unsigned NOT NULL AUTO_INCREMENT,
  `format` varchar(255) COLLATE utf8_unicode_ci NOT NULL,
  `picker_format` varchar(255) COLLATE utf8_unicode_ci NOT NULL,
  `label` varchar(255) COLLATE utf8_unicode_ci NOT NULL,
  PRIMARY KEY (`id`)
) ENGINE=InnoDB DEFAULT CHARSET=utf8 COLLATE=utf8_unicode_ci;

/*Data for the table `datetime_formats` */

/*Table structure for table `event_access_codes` */

DROP TABLE IF EXISTS `event_access_codes`;

CREATE TABLE `event_access_codes` (
  `id` int(10) unsigned NOT NULL AUTO_INCREMENT,
  `event_id` int(10) unsigned NOT NULL,
  `code` varchar(255) COLLATE utf8_unicode_ci NOT NULL DEFAULT '',
  `usage_count` int(10) unsigned NOT NULL DEFAULT '0',
  `created_at` timestamp NULL DEFAULT NULL,
  `updated_at` timestamp NULL DEFAULT NULL,
  `deleted_at` timestamp NULL DEFAULT NULL,
  PRIMARY KEY (`id`),
  KEY `event_access_codes_event_id_foreign` (`event_id`),
  CONSTRAINT `event_access_codes_event_id_foreign` FOREIGN KEY (`event_id`) REFERENCES `events` (`id`) ON DELETE CASCADE
) ENGINE=InnoDB AUTO_INCREMENT=3 DEFAULT CHARSET=utf8 COLLATE=utf8_unicode_ci;

/*Data for the table `event_access_codes` */

insert  into `event_access_codes`(`id`,`event_id`,`code`,`usage_count`,`created_at`,`updated_at`,`deleted_at`) values 
(1,1,'6ERE;FRDSSD',1,'2020-04-21 02:23:45','2020-05-15 22:56:27',NULL),
(2,4,'FUNINTHESUN',1,'2020-05-15 22:57:24','2020-05-15 22:58:39',NULL);

/*Table structure for table `event_images` */

DROP TABLE IF EXISTS `event_images`;

CREATE TABLE `event_images` (
  `id` int(10) unsigned NOT NULL AUTO_INCREMENT,
  `image_path` varchar(255) COLLATE utf8_unicode_ci NOT NULL,
  `created_at` timestamp NULL DEFAULT NULL,
  `updated_at` timestamp NULL DEFAULT NULL,
  `event_id` int(10) unsigned NOT NULL,
  `account_id` int(10) unsigned NOT NULL,
  `user_id` int(10) unsigned NOT NULL,
  PRIMARY KEY (`id`),
  KEY `event_images_event_id_foreign` (`event_id`),
  KEY `event_images_account_id_foreign` (`account_id`),
  KEY `event_images_user_id_foreign` (`user_id`),
  CONSTRAINT `event_images_account_id_foreign` FOREIGN KEY (`account_id`) REFERENCES `accounts` (`id`) ON DELETE CASCADE,
  CONSTRAINT `event_images_event_id_foreign` FOREIGN KEY (`event_id`) REFERENCES `events` (`id`) ON DELETE CASCADE,
  CONSTRAINT `event_images_user_id_foreign` FOREIGN KEY (`user_id`) REFERENCES `users` (`id`) ON DELETE CASCADE
) ENGINE=InnoDB AUTO_INCREMENT=20 DEFAULT CHARSET=utf8 COLLATE=utf8_unicode_ci;

/*Data for the table `event_images` */

insert  into `event_images`(`id`,`image_path`,`created_at`,`updated_at`,`event_id`,`account_id`,`user_id`) values 
(3,'user_content/event_images/event_image-02e190bec4557eca09cf6e5b4df8f8d2.jpg','2020-05-20 15:25:32','2020-05-20 15:25:32',14,2,2),
(6,'user_content/event_images/event_image-b8be5e3b70141d0ba3cec5fd9a191a7b.jpg','2020-05-25 10:17:40','2020-05-25 10:17:40',23,1,1),
(7,'user_content/event_images/event_image-0db61176d3588ddd75eb416fcc99613c.jpg','2020-05-25 11:14:46','2020-05-25 11:14:46',25,1,1),
(8,'user_content/event_images/event_image-b083877398ab8edd816812cc2bca0ae7.jpg','2020-05-25 11:15:04','2020-05-25 11:15:04',26,1,1),
(9,'user_content/event_images/event_image-e2db10e7f457c733634deaccfa043e2d.jpg','2020-05-25 11:17:06','2020-05-25 11:17:06',27,1,1),
(10,'user_content/event_images/event_image-2311e71ed0ad8b1821feceb1d909dff1.jpg','2020-05-25 11:17:59','2020-05-25 11:17:59',28,1,1),
(11,'user_content/event_images/event_image-1296fcbdb3fd8837e57959c2c21f3699.jpg','2020-05-25 11:19:24','2020-05-25 11:19:24',29,1,1),
(12,'user_content/event_images/event_image-acdf8ef8c4607ce48773784c4c57f690.jpg','2020-05-25 13:14:06','2020-05-25 13:14:06',30,1,1),
(13,'user_content/event_images/event_image-5b522d497d0f78e46fb69c96975c21d7.jpg','2020-05-25 13:14:54','2020-05-25 13:14:54',31,1,1),
(14,'user_content/event_images/event_image-b457ea3844f6cd46c86ca4a4fec131b0.jpg','2020-05-25 13:20:30','2020-05-25 13:20:30',32,1,1),
(15,'user_content/event_images/event_image-a359443508d6e5d4c7a5f5c354781ccd.jpg','2020-05-25 13:21:32','2020-05-25 13:21:32',33,1,1),
(16,'user_content/event_images/event_image-f022fb538203a14898d84010fed69ba8.jpg','2020-05-25 13:22:50','2020-05-25 13:22:50',34,1,1),
(17,'user_content/event_images/event_image-9fd6f47f4b2210dfedb95031a593c0ff.jpg','2020-05-25 13:26:27','2020-05-25 13:26:27',35,1,1),
(18,'user_content/event_images/event_image-206a5a4d24bb8b64aad9c89c9f374185.jpg','2020-06-04 07:17:08','2020-06-04 07:17:08',1,1,1),
(19,'user_content/event_images/event_image-22d075a0253436bca7925f85218d9504.jpg','2020-07-01 17:16:05','2020-07-01 17:16:05',38,1,1);

/*Table structure for table `event_question` */

DROP TABLE IF EXISTS `event_question`;

CREATE TABLE `event_question` (
  `id` int(10) unsigned NOT NULL AUTO_INCREMENT,
  `event_id` int(10) unsigned NOT NULL,
  `question_id` int(10) unsigned NOT NULL,
  PRIMARY KEY (`id`),
  KEY `event_question_event_id_index` (`event_id`),
  KEY `event_question_question_id_index` (`question_id`),
  CONSTRAINT `event_question_event_id_foreign` FOREIGN KEY (`event_id`) REFERENCES `events` (`id`) ON DELETE CASCADE,
  CONSTRAINT `event_question_question_id_foreign` FOREIGN KEY (`question_id`) REFERENCES `questions` (`id`) ON DELETE CASCADE
) ENGINE=InnoDB AUTO_INCREMENT=2 DEFAULT CHARSET=utf8 COLLATE=utf8_unicode_ci;

/*Data for the table `event_question` */

insert  into `event_question`(`id`,`event_id`,`question_id`) values 
(1,1,1);

/*Table structure for table `event_stats` */

DROP TABLE IF EXISTS `event_stats`;

CREATE TABLE `event_stats` (
  `id` int(10) unsigned NOT NULL AUTO_INCREMENT,
  `date` date NOT NULL,
  `views` int(11) NOT NULL DEFAULT '0',
  `unique_views` int(11) NOT NULL DEFAULT '0',
  `tickets_sold` int(11) NOT NULL DEFAULT '0',
  `sales_volume` decimal(13,2) NOT NULL DEFAULT '0.00',
  `organiser_fees_volume` decimal(13,2) NOT NULL DEFAULT '0.00',
  `event_id` int(10) unsigned NOT NULL,
  PRIMARY KEY (`id`),
  KEY `event_stats_id_index` (`id`),
  KEY `event_stats_event_id_index` (`event_id`),
  CONSTRAINT `event_stats_event_id_foreign` FOREIGN KEY (`event_id`) REFERENCES `events` (`id`) ON DELETE CASCADE
) ENGINE=InnoDB AUTO_INCREMENT=23 DEFAULT CHARSET=utf8 COLLATE=utf8_unicode_ci;

/*Data for the table `event_stats` */

insert  into `event_stats`(`id`,`date`,`views`,`unique_views`,`tickets_sold`,`sales_volume`,`organiser_fees_volume`,`event_id`) values 
(1,'2020-04-20',3,2,0,0.00,0.00,1),
(2,'2020-04-21',0,0,5,160.00,0.00,1),
(3,'2020-04-22',0,0,0,0.00,0.00,1),
(4,'2020-04-23',0,0,1,0.00,0.00,3),
(5,'2020-04-25',0,0,11,120.00,0.00,2),
(6,'2020-04-25',1,1,0,0.00,0.00,1),
(7,'2020-04-26',0,0,5,40.00,0.00,2),
(8,'2020-04-27',0,0,4,80.00,0.00,2),
(9,'2020-04-27',0,0,1,30.00,0.00,1),
(10,'2020-04-27',0,0,4,240.00,0.00,3),
(11,'2020-04-30',0,0,4,25.00,0.00,1),
(12,'2020-05-04',0,0,1,0.00,0.00,1),
(13,'2020-05-05',1,1,0,0.00,0.00,1),
(14,'2020-05-15',1,1,1,80.00,1.65,4),
(15,'2020-05-16',0,0,1,0.00,0.00,1),
(16,'2020-05-17',0,0,1,25.00,0.00,1),
(17,'2020-05-20',0,0,1,100.00,0.00,14),
(18,'2020-05-25',0,0,5,275.00,0.00,1),
(19,'2020-05-28',0,0,2,50.00,0.00,1),
(20,'2020-05-29',0,0,1,0.00,0.00,36),
(21,'2020-05-31',0,0,3,1230.00,0.00,1),
(22,'2020-06-01',0,0,1,50.00,0.00,1);

/*Table structure for table `events` */

DROP TABLE IF EXISTS `events`;

CREATE TABLE `events` (
  `id` int(10) unsigned NOT NULL AUTO_INCREMENT,
  `title` varchar(255) COLLATE utf8_unicode_ci NOT NULL,
  `location` varchar(255) COLLATE utf8_unicode_ci DEFAULT NULL,
  `bg_type` varchar(15) COLLATE utf8_unicode_ci NOT NULL DEFAULT 'color',
  `bg_color` varchar(255) COLLATE utf8_unicode_ci NOT NULL DEFAULT '#B23333',
  `bg_image_path` varchar(255) COLLATE utf8_unicode_ci DEFAULT NULL,
  `description` text COLLATE utf8_unicode_ci NOT NULL,
  `start_date` datetime DEFAULT NULL,
  `end_date` datetime DEFAULT NULL,
  `on_sale_date` datetime DEFAULT NULL,
  `account_id` int(10) unsigned NOT NULL,
  `user_id` int(10) unsigned NOT NULL,
  `currency_id` int(10) unsigned DEFAULT NULL,
  `sales_volume` decimal(13,2) NOT NULL DEFAULT '0.00',
  `organiser_fees_volume` decimal(13,2) NOT NULL DEFAULT '0.00',
  `organiser_fee_fixed` decimal(13,2) NOT NULL DEFAULT '0.00',
  `organiser_fee_percentage` decimal(4,3) NOT NULL DEFAULT '0.000',
  `organiser_id` int(10) unsigned NOT NULL,
  `venue_name` varchar(255) COLLATE utf8_unicode_ci NOT NULL,
  `venue_name_full` varchar(255) COLLATE utf8_unicode_ci DEFAULT NULL,
  `location_address` varchar(355) COLLATE utf8_unicode_ci DEFAULT NULL,
  `location_address_line_1` varchar(355) COLLATE utf8_unicode_ci NOT NULL,
  `location_address_line_2` varchar(355) COLLATE utf8_unicode_ci NOT NULL,
  `location_country` varchar(255) COLLATE utf8_unicode_ci DEFAULT NULL,
  `location_country_code` varchar(255) COLLATE utf8_unicode_ci DEFAULT NULL,
  `location_state` varchar(255) COLLATE utf8_unicode_ci NOT NULL,
  `location_post_code` varchar(255) COLLATE utf8_unicode_ci NOT NULL,
  `location_street_number` varchar(255) COLLATE utf8_unicode_ci DEFAULT NULL,
  `location_lat` varchar(255) COLLATE utf8_unicode_ci DEFAULT NULL,
  `location_long` varchar(255) COLLATE utf8_unicode_ci DEFAULT NULL,
  `location_google_place_id` varchar(255) COLLATE utf8_unicode_ci DEFAULT NULL,
  `pre_order_display_message` text COLLATE utf8_unicode_ci,
  `post_order_display_message` text COLLATE utf8_unicode_ci,
  `social_share_text` text COLLATE utf8_unicode_ci,
  `social_show_facebook` tinyint(1) NOT NULL DEFAULT '1',
  `social_show_linkedin` tinyint(1) NOT NULL DEFAULT '1',
  `social_show_twitter` tinyint(1) NOT NULL DEFAULT '1',
  `social_show_email` tinyint(1) NOT NULL DEFAULT '1',
  `social_show_googleplus` tinyint(1) NOT NULL DEFAULT '1',
  `location_is_manual` int(10) unsigned NOT NULL DEFAULT '0',
  `is_live` tinyint(1) NOT NULL DEFAULT '0',
  `created_at` timestamp NULL DEFAULT NULL,
  `updated_at` timestamp NULL DEFAULT NULL,
  `deleted_at` timestamp NULL DEFAULT NULL,
  `barcode_type` varchar(20) COLLATE utf8_unicode_ci NOT NULL DEFAULT 'QRCODE',
  `ticket_border_color` varchar(20) COLLATE utf8_unicode_ci NOT NULL DEFAULT '#000000',
  `ticket_bg_color` varchar(20) COLLATE utf8_unicode_ci NOT NULL DEFAULT '#FFFFFF',
  `ticket_text_color` varchar(20) COLLATE utf8_unicode_ci NOT NULL DEFAULT '#000000',
  `ticket_sub_text_color` varchar(20) COLLATE utf8_unicode_ci NOT NULL DEFAULT '#999999',
  `google_tag_manager_code` varchar(20) COLLATE utf8_unicode_ci DEFAULT NULL,
  `social_show_whatsapp` tinyint(1) NOT NULL DEFAULT '1',
  `questions_collection_type` varchar(10) COLLATE utf8_unicode_ci NOT NULL DEFAULT 'buyer',
  `checkout_timeout_after` int(11) NOT NULL DEFAULT '8',
  `is_1d_barcode_enabled` tinyint(1) NOT NULL DEFAULT '0',
  `enable_offline_payments` tinyint(1) NOT NULL DEFAULT '0',
  `offline_payment_instructions` text COLLATE utf8_unicode_ci,
  `event_image_position` varchar(255) COLLATE utf8_unicode_ci DEFAULT NULL,
  `status` tinyint(20) DEFAULT '0',
  `pdf_sign` int(20) DEFAULT NULL,
  `activate_sign` tinyint(20) DEFAULT NULL,
  `template` int(11) DEFAULT NULL,
  PRIMARY KEY (`id`),
  KEY `events_user_id_foreign` (`user_id`),
  KEY `events_currency_id_foreign` (`currency_id`),
  KEY `events_organiser_id_foreign` (`organiser_id`),
  KEY `events_account_id_index` (`account_id`),
  CONSTRAINT `events_account_id_foreign` FOREIGN KEY (`account_id`) REFERENCES `accounts` (`id`) ON DELETE CASCADE,
  CONSTRAINT `events_currency_id_foreign` FOREIGN KEY (`currency_id`) REFERENCES `currencies` (`id`),
  CONSTRAINT `events_organiser_id_foreign` FOREIGN KEY (`organiser_id`) REFERENCES `organisers` (`id`),
  CONSTRAINT `events_user_id_foreign` FOREIGN KEY (`user_id`) REFERENCES `users` (`id`) ON DELETE CASCADE
) ENGINE=InnoDB AUTO_INCREMENT=39 DEFAULT CHARSET=utf8 COLLATE=utf8_unicode_ci;

/*Data for the table `events` */

insert  into `events`(`id`,`title`,`location`,`bg_type`,`bg_color`,`bg_image_path`,`description`,`start_date`,`end_date`,`on_sale_date`,`account_id`,`user_id`,`currency_id`,`sales_volume`,`organiser_fees_volume`,`organiser_fee_fixed`,`organiser_fee_percentage`,`organiser_id`,`venue_name`,`venue_name_full`,`location_address`,`location_address_line_1`,`location_address_line_2`,`location_country`,`location_country_code`,`location_state`,`location_post_code`,`location_street_number`,`location_lat`,`location_long`,`location_google_place_id`,`pre_order_display_message`,`post_order_display_message`,`social_share_text`,`social_show_facebook`,`social_show_linkedin`,`social_show_twitter`,`social_show_email`,`social_show_googleplus`,`location_is_manual`,`is_live`,`created_at`,`updated_at`,`deleted_at`,`barcode_type`,`ticket_border_color`,`ticket_bg_color`,`ticket_text_color`,`ticket_sub_text_color`,`google_tag_manager_code`,`social_show_whatsapp`,`questions_collection_type`,`checkout_timeout_after`,`is_1d_barcode_enabled`,`enable_offline_payments`,`offline_payment_instructions`,`event_image_position`,`status`,`pdf_sign`,`activate_sign`,`template`) values 
(1,'Party World Presents',NULL,'image','#B23333','assets/images/public/EventPage/backgrounds\\10.jpg','Girl Club','2020-06-18 16:24:00','2020-08-19 16:24:00',NULL,1,1,2,1950.00,0.00,0.00,0.000,1,'Pembroke Whisprrz','','','12 Littlebrook Rd','','','','Pembroke','02359','','','','','','',NULL,1,1,1,1,1,1,0,'2020-04-18 16:24:48','2020-07-01 17:17:02',NULL,'QRCODE','#000000','#ffffff','#000000','#999999','',1,'buyer',8,1,1,'pay at door','right',2,NULL,1,30),
(2,'My new event',NULL,'image','#B23333','assets/images/public/EventPage/backgrounds/5.jpg','My new description.','2020-04-19 15:41:00','2020-05-19 15:41:00',NULL,1,1,1,240.00,0.00,0.00,0.000,1,'Whisprrz','','','','','','','','','','','','',NULL,NULL,NULL,1,1,1,1,1,1,1,'2020-04-19 15:41:51','2020-05-17 21:41:52','2020-05-17 21:41:52','QRCODE','#000000','#FFFFFF','#000000','#999999','',1,'buyer',8,0,0,NULL,NULL,0,NULL,NULL,NULL),
(3,'My girl event',NULL,'image','#B23333','assets/images/public/EventPage/backgrounds/5.jpg','girl description','2020-04-22 05:42:00','2020-05-22 05:42:00',NULL,1,1,1,240.00,0.00,0.00,0.000,1,'',NULL,NULL,'','',NULL,NULL,'','',NULL,NULL,NULL,NULL,NULL,NULL,NULL,1,1,1,1,1,1,0,'2020-04-22 05:43:03','2020-05-16 01:35:55','2020-05-16 01:35:55','QRCODE','#000000','#FFFFFF','#000000','#999999',NULL,1,'buyer',8,0,0,NULL,NULL,NULL,NULL,NULL,NULL),
(4,'Booze Cruise',NULL,'image','#B23333','assets/images/public/EventPage/backgrounds\\10.jpg','Fun in the sun','2020-05-20 21:00:00','2020-06-27 08:22:00',NULL,1,1,1,81.65,1.65,0.05,2.000,1,'Boston Cruise Lines','','','Boston Harbour','Boston','','','Boston','02359','','','','','Thank you for joining us','Thanks for purchase','',1,1,1,1,1,1,1,'2020-04-24 12:23:37','2020-05-16 15:25:41','2020-05-16 15:25:41','QRCODE','#1a1152','#7a3a3a','#120101','#faf7f7','',1,'buyer',8,1,0,'',NULL,0,NULL,NULL,NULL),
(5,'test event 2',NULL,'image','#B23333','assets/images/public/EventPage/backgrounds/5.jpg','test 2 ','2020-05-16 12:46:00','2020-06-17 12:46:00',NULL,1,1,1,0.00,0.00,0.00,0.000,1,'test_1.2',NULL,NULL,'12 Littlebrook Rd','',NULL,NULL,'Pembroke','02359',NULL,NULL,NULL,NULL,NULL,NULL,NULL,1,1,1,1,1,1,0,'2020-05-16 16:47:24','2020-05-16 19:21:10','2020-05-16 19:21:10','QRCODE','#000000','#FFFFFF','#000000','#999999',NULL,1,'buyer',8,0,0,NULL,NULL,NULL,NULL,NULL,NULL),
(6,'My EVent',NULL,'image','#B23333','assets/images/public/EventPage/backgrounds/5.jpg','desc','2020-05-17 05:17:00','2020-06-18 05:17:00',NULL,3,3,2,0.00,0.00,0.00,0.000,3,'',NULL,NULL,'','',NULL,NULL,'','',NULL,NULL,NULL,NULL,NULL,NULL,NULL,1,1,1,1,1,1,0,'2020-05-17 21:20:31','2020-05-17 21:20:31',NULL,'QRCODE','#000000','#FFFFFF','#000000','#999999',NULL,1,'buyer',8,0,0,NULL,NULL,NULL,NULL,NULL,NULL),
(7,'My Event',NULL,'image','#B23333','assets/images/public/EventPage/backgrounds/5.jpg','desc','2020-05-17 21:43:00','2020-06-17 21:43:00',NULL,1,1,1,0.00,0.00,0.00,0.000,1,'',NULL,NULL,'','',NULL,NULL,'','',NULL,NULL,NULL,NULL,NULL,NULL,NULL,1,1,1,1,1,1,1,'2020-05-17 21:43:23','2020-06-30 21:47:27',NULL,'QRCODE','#000000','#FFFFFF','#000000','#999999',NULL,1,'buyer',8,0,0,NULL,NULL,1,NULL,1,27),
(8,'test Event',NULL,'image','#B23333','assets/images/public/EventPage/backgrounds/5.jpg','event desc','2020-05-16 22:22:00','2020-06-17 22:23:00',NULL,1,1,1,0.00,0.00,0.00,0.000,1,'',NULL,NULL,'','',NULL,NULL,'','',NULL,NULL,NULL,NULL,NULL,NULL,NULL,1,1,1,1,1,1,0,'2020-05-17 22:23:16','2020-05-17 22:23:36','2020-05-17 22:23:36','QRCODE','#000000','#FFFFFF','#000000','#999999',NULL,1,'buyer',8,0,0,NULL,NULL,NULL,NULL,NULL,NULL),
(9,'first',NULL,'image','#B23333','assets/images/public/EventPage/backgrounds/5.jpg','first','2020-05-18 09:43:00','2020-06-19 09:43:00',NULL,1,1,1,0.00,0.00,0.00,0.000,1,'',NULL,NULL,'','',NULL,NULL,'','',NULL,NULL,NULL,NULL,NULL,NULL,NULL,1,1,1,1,1,1,0,'2020-05-19 09:45:10','2020-05-19 09:52:32','2020-05-19 09:52:32','QRCODE','#000000','#FFFFFF','#000000','#999999',NULL,1,'buyer',8,0,0,NULL,NULL,NULL,NULL,NULL,NULL),
(10,'second',NULL,'image','#B23333','assets/images/public/EventPage/backgrounds/5.jpg','first','2020-05-18 09:43:00','2020-06-19 09:43:00',NULL,1,1,1,0.00,0.00,0.00,0.000,1,'NewYork','','','','','','','','','','','','',NULL,NULL,NULL,1,1,1,1,1,1,0,'2020-05-19 09:45:21','2020-05-19 10:07:05','2020-05-19 10:07:05','QRCODE','#000000','#FFFFFF','#000000','#999999','',1,'buyer',8,0,0,NULL,NULL,NULL,NULL,NULL,NULL),
(11,'third',NULL,'image','#B23333','assets/images/public/EventPage/backgrounds/5.jpg','aaaa','2020-05-18 09:51:00','2020-06-19 09:51:00',NULL,1,1,1,0.00,0.00,0.00,0.000,1,'',NULL,NULL,'','',NULL,NULL,'','',NULL,NULL,NULL,NULL,NULL,NULL,NULL,1,1,1,1,1,1,0,'2020-05-19 09:52:06','2020-05-19 09:52:51','2020-05-19 09:52:51','QRCODE','#000000','#FFFFFF','#000000','#999999',NULL,1,'buyer',8,0,0,NULL,NULL,NULL,NULL,NULL,NULL),
(12,'aaa',NULL,'image','#B23333','assets/images/public/EventPage/backgrounds/5.jpg','aaa','2020-05-18 09:55:00','2020-05-19 09:55:00',NULL,1,1,1,0.00,0.00,0.00,0.000,1,'New York','','','','','','','','','','','','',NULL,NULL,NULL,1,1,1,1,1,1,1,'2020-05-19 09:57:55','2020-06-30 21:47:27',NULL,'QRCODE','#000000','#FFFFFF','#000000','#999999','',1,'buyer',8,0,0,NULL,NULL,0,NULL,0,29),
(13,'bbb',NULL,'image','#B23333','assets/images/public/EventPage/backgrounds/5.jpg','bbb','2020-05-18 09:55:00','2020-06-19 09:55:00',NULL,1,1,1,0.00,0.00,0.00,0.000,1,'',NULL,NULL,'','',NULL,NULL,'','',NULL,NULL,NULL,NULL,NULL,NULL,NULL,1,1,1,1,1,1,0,'2020-05-19 10:04:13','2020-05-19 10:07:20','2020-05-19 10:07:20','QRCODE','#000000','#FFFFFF','#000000','#999999',NULL,1,'buyer',8,0,0,NULL,NULL,NULL,NULL,NULL,NULL),
(14,'wevents ',NULL,'image','#B23333','assets/images/public/EventPage/backgrounds/11.jpg','Testing site5,20,20','2020-05-20 11:23:00','2020-06-20 11:23:00',NULL,2,2,1,100.00,0.00,0.00,0.000,4,'cabby shack','','','','','','','Plymouth  Ma.','02330','','','','','','',NULL,1,1,1,1,1,1,1,'2020-05-20 15:25:32','2020-05-21 15:00:22',NULL,'QRCODE','#000000','#ffffff','#000000','#999999','',1,'buyer',8,1,1,'Donation pay at door','right',1,NULL,NULL,NULL),
(15,'My Event',NULL,'image','#B23333','assets/images/public/EventPage/backgrounds/5.jpg','desc','2020-05-24 21:31:46','2020-05-28 21:31:52',NULL,1,1,1,0.00,0.00,0.00,0.000,1,'',NULL,NULL,'','',NULL,NULL,'','',NULL,NULL,NULL,NULL,NULL,NULL,NULL,1,1,1,1,1,1,0,'2020-05-24 13:22:39','2020-05-24 14:12:35','2020-05-24 14:12:35','QRCODE','#000000','#FFFFFF','#000000','#999999',NULL,1,'buyer',8,0,0,NULL,NULL,NULL,NULL,NULL,NULL),
(16,'My Event',NULL,'image','#B23333','assets/images/public/EventPage/backgrounds/5.jpg','desc','1970-01-01 00:00:00','1970-01-01 00:00:00',NULL,1,1,1,0.00,0.00,0.00,0.000,1,'',NULL,NULL,'','',NULL,NULL,'','',NULL,NULL,NULL,NULL,NULL,NULL,NULL,1,1,1,1,1,1,0,'2020-05-24 13:45:54','2020-05-25 10:54:38','2020-05-25 10:54:38','QRCODE','#000000','#FFFFFF','#000000','#999999',NULL,1,'buyer',8,0,0,NULL,NULL,NULL,NULL,NULL,NULL),
(17,'My Event',NULL,'image','#B23333','assets/images/public/EventPage/backgrounds/5.jpg','desc','2020-05-24 21:31:00','2020-05-24 21:31:00',NULL,1,1,1,0.00,0.00,0.00,0.000,1,'',NULL,NULL,'','',NULL,NULL,'','',NULL,NULL,NULL,NULL,NULL,NULL,NULL,1,1,1,1,1,1,0,'2020-05-24 13:46:46','2020-05-24 14:12:31','2020-05-24 14:12:31','QRCODE','#000000','#FFFFFF','#000000','#999999',NULL,1,'buyer',8,0,0,NULL,NULL,NULL,NULL,NULL,NULL),
(18,'Party World Presents',NULL,'image','#B23333','assets/images/public/EventPage/backgrounds/5.jpg','Girl Club','2020-05-18 16:24:00','2020-06-18 16:24:00',NULL,1,1,1,0.00,0.00,0.00,0.000,1,'Pembroke Whisprrz',NULL,NULL,'12 Littlebrook Rd','',NULL,NULL,'Pembroke','02359',NULL,NULL,NULL,NULL,NULL,NULL,NULL,1,1,1,1,1,1,0,'2020-05-24 13:47:34','2020-05-24 14:12:07','2020-05-24 14:12:07','QRCODE','#000000','#FFFFFF','#000000','#999999',NULL,1,'buyer',8,0,0,NULL,NULL,NULL,NULL,NULL,NULL),
(19,'My Event',NULL,'image','#B23333','assets/images/public/EventPage/backgrounds/5.jpg','desc','2020-05-17 21:43:00','2020-06-17 21:43:00',NULL,1,1,1,0.00,0.00,0.00,0.000,1,'',NULL,NULL,'','',NULL,NULL,'','',NULL,NULL,NULL,NULL,NULL,NULL,NULL,1,1,1,1,1,1,0,'2020-05-24 13:47:45','2020-05-24 14:12:02','2020-05-24 14:12:02','QRCODE','#000000','#FFFFFF','#000000','#999999',NULL,1,'buyer',8,0,0,NULL,NULL,NULL,NULL,NULL,NULL),
(20,'Party World Presents',NULL,'image','#B23333','assets/images/public/EventPage/backgrounds/5.jpg','Girl Club','2020-05-18 16:24:00','2020-06-18 16:24:00',NULL,1,1,1,0.00,0.00,0.00,0.000,1,'Pembroke Whisprrz',NULL,NULL,'12 Littlebrook Rd','',NULL,NULL,'Pembroke','02359',NULL,NULL,NULL,NULL,NULL,NULL,NULL,1,1,1,1,1,1,0,'2020-05-24 13:48:14','2020-05-24 14:11:58','2020-05-24 14:11:58','QRCODE','#000000','#FFFFFF','#000000','#999999',NULL,1,'buyer',8,0,0,NULL,NULL,NULL,NULL,NULL,NULL),
(21,'Party World Presents',NULL,'image','#B23333','assets/images/public/EventPage/backgrounds/5.jpg','Girl Club','2020-05-18 16:24:00','2020-06-18 16:24:00',NULL,1,1,1,0.00,0.00,0.00,0.000,1,'Pembroke Whisprrz',NULL,NULL,'12 Littlebrook Rd','',NULL,NULL,'Pembroke','02359',NULL,NULL,NULL,NULL,NULL,NULL,NULL,1,1,1,1,1,1,0,'2020-05-24 13:48:20','2020-05-24 14:11:53','2020-05-24 14:11:53','QRCODE','#000000','#FFFFFF','#000000','#999999',NULL,1,'buyer',8,0,0,NULL,NULL,NULL,NULL,NULL,NULL),
(22,'Party World Presents',NULL,'image','#B23333','assets/images/public/EventPage/backgrounds/5.jpg','Girl Club','2020-05-18 16:24:00','2020-06-18 16:24:00',NULL,1,1,1,0.00,0.00,0.00,0.000,1,'Pembroke Whisprrz',NULL,NULL,'12 Littlebrook Rd','',NULL,NULL,'Pembroke','02359',NULL,NULL,NULL,NULL,NULL,NULL,NULL,1,1,1,1,1,1,0,'2020-05-24 13:56:38','2020-05-24 14:11:47','2020-05-24 14:11:47','QRCODE','#000000','#FFFFFF','#000000','#999999',NULL,1,'buyer',8,0,0,NULL,NULL,NULL,NULL,NULL,NULL),
(23,'Party World Presents',NULL,'image','#B23333','assets/images/public/EventPage/backgrounds/5.jpg','Girl Club','2020-05-18 16:24:00','2020-06-18 16:24:00',NULL,1,1,1,0.00,0.00,0.00,0.000,1,'Pembroke Whisprrz',NULL,NULL,'12 Littlebrook Rd','',NULL,NULL,'Pembroke','02359',NULL,NULL,NULL,NULL,NULL,NULL,NULL,1,1,1,1,1,1,0,'2020-05-25 10:17:40','2020-06-30 21:47:27',NULL,'QRCODE','#000000','#FFFFFF','#000000','#999999',NULL,1,'buyer',8,0,0,NULL,NULL,0,NULL,0,29),
(24,'aaa',NULL,'image','#B23333','assets/images/public/EventPage/backgrounds/5.jpg','aaa','2020-05-18 09:55:00','2020-05-19 09:55:00',NULL,1,1,1,0.00,0.00,0.00,0.000,1,'New York',NULL,NULL,'','',NULL,NULL,'','',NULL,NULL,NULL,NULL,NULL,NULL,NULL,1,1,1,1,1,1,1,'2020-05-25 10:22:10','2020-06-30 21:47:27',NULL,'QRCODE','#000000','#FFFFFF','#000000','#999999',NULL,1,'buyer',8,0,0,NULL,NULL,0,NULL,0,29),
(25,'Party World Presents',NULL,'image','#B23333','assets/images/public/EventPage/backgrounds/5.jpg','Girl Club','2020-05-18 16:24:00','2020-06-18 16:24:00',NULL,1,1,1,0.00,0.00,0.00,0.000,1,'Pembroke Whisprrz',NULL,NULL,'12 Littlebrook Rd','',NULL,NULL,'Pembroke','02359',NULL,NULL,NULL,NULL,NULL,NULL,NULL,1,1,1,1,1,1,0,'2020-05-25 11:14:46','2020-06-30 21:47:28',NULL,'QRCODE','#000000','#FFFFFF','#000000','#999999',NULL,1,'buyer',8,0,0,NULL,NULL,0,NULL,0,29),
(26,'Party World Presents',NULL,'image','#B23333','assets/images/public/EventPage/backgrounds/5.jpg','Girl Club','2020-05-18 16:24:00','2020-06-18 16:24:00',NULL,1,1,1,0.00,0.00,0.00,0.000,1,'Pembroke Whisprrz',NULL,NULL,'12 Littlebrook Rd','',NULL,NULL,'Pembroke','02359',NULL,NULL,NULL,NULL,NULL,NULL,NULL,1,1,1,1,1,1,1,'2020-05-25 11:15:04','2020-06-30 21:47:28',NULL,'QRCODE','#000000','#FFFFFF','#000000','#999999',NULL,1,'buyer',8,0,0,NULL,NULL,0,NULL,0,29),
(27,'Party World Presents',NULL,'image','#B23333','assets/images/public/EventPage/backgrounds/5.jpg','Girl Club','2020-05-18 16:24:00','2020-06-18 16:24:00',NULL,1,1,1,0.00,0.00,0.00,0.000,1,'Pembroke Whisprrz',NULL,NULL,'12 Littlebrook Rd','',NULL,NULL,'Pembroke','02359',NULL,NULL,NULL,NULL,NULL,NULL,NULL,1,1,1,1,1,1,1,'2020-05-25 11:17:06','2020-06-30 21:47:28',NULL,'QRCODE','#000000','#FFFFFF','#000000','#999999',NULL,1,'buyer',8,0,0,NULL,NULL,0,NULL,0,29),
(28,'Party World Presents',NULL,'image','#B23333','assets/images/public/EventPage/backgrounds/5.jpg','Girl Club','2020-05-18 16:24:00','2020-06-18 16:24:00',NULL,1,1,1,0.00,0.00,0.00,0.000,1,'Pembroke Whisprrz',NULL,NULL,'12 Littlebrook Rd','',NULL,NULL,'Pembroke','02359',NULL,NULL,NULL,NULL,NULL,NULL,NULL,1,1,1,1,1,1,1,'2020-05-25 11:17:59','2020-06-30 21:47:28',NULL,'QRCODE','#000000','#FFFFFF','#000000','#999999',NULL,1,'buyer',8,0,0,NULL,NULL,0,NULL,0,29),
(29,'Party World Presents',NULL,'image','#B23333','assets/images/public/EventPage/backgrounds/5.jpg','Girl Club','2020-05-18 16:24:00','2020-06-18 16:24:00',NULL,1,1,1,0.00,0.00,0.00,0.000,1,'Pembroke Whisprrz',NULL,NULL,'12 Littlebrook Rd','',NULL,NULL,'Pembroke','02359',NULL,NULL,NULL,NULL,NULL,NULL,NULL,1,1,1,1,1,1,1,'2020-05-25 11:19:24','2020-06-30 21:47:28',NULL,'QRCODE','#000000','#FFFFFF','#000000','#999999',NULL,1,'buyer',8,0,0,NULL,NULL,0,NULL,0,29),
(30,'Party World Presents',NULL,'image','#B23333','assets/images/public/EventPage/backgrounds/5.jpg','Girl Club','2020-05-18 16:24:00','2020-06-18 16:24:00',NULL,1,1,1,0.00,0.00,0.00,0.000,1,'Pembroke Whisprrz',NULL,NULL,'12 Littlebrook Rd','',NULL,NULL,'Pembroke','02359',NULL,NULL,NULL,NULL,NULL,NULL,NULL,1,1,1,1,1,1,1,'2020-05-25 13:14:06','2020-06-30 21:47:28',NULL,'QRCODE','#000000','#FFFFFF','#000000','#999999',NULL,1,'buyer',8,0,0,NULL,NULL,0,NULL,0,29),
(31,'Party World Presents',NULL,'image','#B23333','assets/images/public/EventPage/backgrounds/5.jpg','Girl Club','2020-05-18 16:24:00','2020-06-18 16:24:00',NULL,1,1,1,0.00,0.00,0.00,0.000,1,'Pembroke Whisprrz',NULL,NULL,'12 Littlebrook Rd','',NULL,NULL,'Pembroke','02359',NULL,NULL,NULL,NULL,NULL,NULL,NULL,1,1,1,1,1,1,1,'2020-05-25 13:14:54','2020-06-30 21:47:28',NULL,'QRCODE','#000000','#FFFFFF','#000000','#999999',NULL,1,'buyer',8,0,0,NULL,NULL,0,NULL,0,29),
(32,'Party World Presents',NULL,'image','#B23333','assets/images/public/EventPage/backgrounds/5.jpg','Girl Club','2020-05-18 16:24:00','2020-06-18 16:24:00',NULL,1,1,1,0.00,0.00,0.00,0.000,1,'Pembroke Whisprrz',NULL,NULL,'12 Littlebrook Rd','',NULL,NULL,'Pembroke','02359',NULL,NULL,NULL,NULL,NULL,NULL,NULL,1,1,1,1,1,1,1,'2020-05-25 13:20:30','2020-06-30 21:47:28',NULL,'QRCODE','#000000','#FFFFFF','#000000','#999999',NULL,1,'buyer',8,0,0,NULL,NULL,0,NULL,0,29),
(33,'Party World Presents',NULL,'image','#B23333','assets/images/public/EventPage/backgrounds/5.jpg','Girl Club','2020-05-18 16:24:00','2020-06-18 16:24:00',NULL,1,1,1,0.00,0.00,0.00,0.000,1,'Pembroke Whisprrz',NULL,NULL,'12 Littlebrook Rd','',NULL,NULL,'Pembroke','02359',NULL,NULL,NULL,NULL,NULL,NULL,NULL,1,1,1,1,1,1,1,'2020-05-25 13:21:32','2020-06-30 21:47:28',NULL,'QRCODE','#000000','#FFFFFF','#000000','#999999',NULL,1,'buyer',8,0,0,NULL,NULL,0,NULL,0,29),
(34,'Party World Presents',NULL,'image','#B23333','assets/images/public/EventPage/backgrounds/5.jpg','Girl Club','2020-05-18 16:24:00','2020-06-18 16:24:00',NULL,1,1,1,0.00,0.00,0.00,0.000,1,'Pembroke Whisprrz',NULL,NULL,'12 Littlebrook Rd','',NULL,NULL,'Pembroke','02359',NULL,NULL,NULL,NULL,NULL,NULL,NULL,1,1,1,1,1,1,1,'2020-05-25 13:22:50','2020-06-30 21:47:28',NULL,'QRCODE','#000000','#FFFFFF','#000000','#999999',NULL,1,'buyer',8,0,0,NULL,NULL,0,NULL,0,29),
(35,'Party World Presents',NULL,'image','#B23333','assets/images/public/EventPage/backgrounds/5.jpg','Girl Club','2020-05-18 16:24:00','2020-06-18 16:24:00',NULL,1,1,1,0.00,0.00,0.00,0.000,1,'Pembroke Whisprrz',NULL,NULL,'12 Littlebrook Rd','',NULL,NULL,'Pembroke','02359',NULL,NULL,NULL,NULL,NULL,NULL,NULL,1,1,1,1,1,1,1,'2020-05-25 13:26:27','2020-06-30 21:47:28',NULL,'QRCODE','#000000','#FFFFFF','#000000','#999999',NULL,1,'buyer',8,0,0,NULL,NULL,0,NULL,0,29),
(36,'Test',NULL,'image','#B23333','assets/images/public/EventPage/backgrounds/5.jpg','TTT','2020-05-28 13:56:00','2020-05-28 13:56:00',NULL,1,1,1,0.00,0.00,0.00,0.000,1,'ppp','','','','','','','','','','','','',NULL,NULL,NULL,1,1,1,1,1,1,1,'2020-05-29 05:56:56','2020-06-30 21:47:28',NULL,'QRCODE','#000000','#FFFFFF','#000000','#999999','',1,'buyer',8,0,0,NULL,NULL,1,NULL,0,29),
(37,'UUUT',NULL,'image','#B23333','assets/images/public/EventPage/backgrounds/5.jpg','desc','2020-06-01 10:10:00','2020-07-02 10:10:00',NULL,1,1,2,0.00,0.00,0.00,0.000,1,'',NULL,NULL,'','',NULL,NULL,'','',NULL,NULL,NULL,NULL,NULL,NULL,NULL,1,1,1,1,1,1,1,'2020-06-02 02:10:47','2020-06-30 21:47:28',NULL,'QRCODE','#000000','#FFFFFF','#000000','#999999',NULL,1,'buyer',8,0,0,NULL,NULL,1,NULL,0,29),
(38,'Party World Presents',NULL,'image','#B23333','assets/images/public/EventPage/backgrounds/5.jpg','Girl Club','2020-05-18 16:24:00','2020-06-18 16:24:00',NULL,1,1,2,0.00,0.00,0.00,0.000,1,'Pembroke Whisprrz',NULL,NULL,'12 Littlebrook Rd','',NULL,NULL,'Pembroke','02359',NULL,NULL,NULL,NULL,NULL,NULL,NULL,1,1,1,1,1,1,0,'2020-07-01 17:16:04','2020-07-01 17:16:04',NULL,'QRCODE','#000000','#FFFFFF','#000000','#999999',NULL,1,'buyer',8,0,0,NULL,NULL,0,NULL,NULL,NULL);

/*Table structure for table `failed_jobs` */

DROP TABLE IF EXISTS `failed_jobs`;

CREATE TABLE `failed_jobs` (
  `id` int(10) unsigned NOT NULL AUTO_INCREMENT,
  `connection` text COLLATE utf8_unicode_ci NOT NULL,
  `queue` text COLLATE utf8_unicode_ci NOT NULL,
  `payload` text COLLATE utf8_unicode_ci NOT NULL,
  `failed_at` timestamp NOT NULL DEFAULT CURRENT_TIMESTAMP,
  PRIMARY KEY (`id`)
) ENGINE=InnoDB DEFAULT CHARSET=utf8 COLLATE=utf8_unicode_ci;

/*Data for the table `failed_jobs` */

/*Table structure for table `html_pdfs` */

DROP TABLE IF EXISTS `html_pdfs`;

CREATE TABLE `html_pdfs` (
  `id` int(11) NOT NULL AUTO_INCREMENT,
  `name` varchar(255) COLLATE utf8_bin DEFAULT NULL,
  `path` text COLLATE utf8_bin,
  `created_at` datetime DEFAULT NULL,
  `updated_at` datetime DEFAULT NULL,
  `organiser_id` int(11) DEFAULT NULL,
  `account_id` int(11) DEFAULT NULL,
  `deleted_at` datetime DEFAULT NULL,
  `http_path` text COLLATE utf8_bin,
  `title` text COLLATE utf8_bin,
  `content` text COLLATE utf8_bin,
  `logo_path` text COLLATE utf8_bin,
  `http_logo_path` text COLLATE utf8_bin,
  `pdf_type` int(20) DEFAULT NULL,
  PRIMARY KEY (`id`)
) ENGINE=InnoDB DEFAULT CHARSET=utf8 COLLATE=utf8_bin;

/*Data for the table `html_pdfs` */

/*Table structure for table `messages` */

DROP TABLE IF EXISTS `messages`;

CREATE TABLE `messages` (
  `id` int(10) unsigned NOT NULL AUTO_INCREMENT,
  `message` text COLLATE utf8_unicode_ci NOT NULL,
  `subject` varchar(255) COLLATE utf8_unicode_ci NOT NULL,
  `recipients` varchar(255) COLLATE utf8_unicode_ci DEFAULT NULL,
  `account_id` int(10) unsigned NOT NULL,
  `user_id` int(10) unsigned NOT NULL,
  `event_id` int(10) unsigned NOT NULL,
  `is_sent` int(10) unsigned NOT NULL DEFAULT '0',
  `sent_at` datetime DEFAULT NULL,
  `created_at` timestamp NULL DEFAULT NULL,
  `updated_at` timestamp NULL DEFAULT NULL,
  PRIMARY KEY (`id`),
  KEY `messages_event_id_foreign` (`event_id`),
  KEY `messages_user_id_foreign` (`user_id`),
  KEY `messages_account_id_index` (`account_id`),
  CONSTRAINT `messages_account_id_foreign` FOREIGN KEY (`account_id`) REFERENCES `accounts` (`id`) ON DELETE CASCADE,
  CONSTRAINT `messages_event_id_foreign` FOREIGN KEY (`event_id`) REFERENCES `events` (`id`) ON DELETE CASCADE,
  CONSTRAINT `messages_user_id_foreign` FOREIGN KEY (`user_id`) REFERENCES `users` (`id`) ON DELETE NO ACTION
) ENGINE=InnoDB AUTO_INCREMENT=3 DEFAULT CHARSET=utf8 COLLATE=utf8_unicode_ci;

/*Data for the table `messages` */

insert  into `messages`(`id`,`message`,`subject`,`recipients`,`account_id`,`user_id`,`event_id`,`is_sent`,`sent_at`,`created_at`,`updated_at`) values 
(1,'Minami Wevent messages','Wevent message','10',1,1,3,1,'2020-04-27 16:18:14','2020-04-27 16:18:11','2020-04-27 16:18:14'),
(2,'Godd services','That is good','10',1,1,3,1,'2020-04-27 16:27:37','2020-04-27 16:27:33','2020-04-27 16:27:37');

/*Table structure for table `migrations` */

DROP TABLE IF EXISTS `migrations`;

CREATE TABLE `migrations` (
  `id` int(10) unsigned NOT NULL AUTO_INCREMENT,
  `migration` varchar(255) COLLATE utf8_unicode_ci NOT NULL,
  `batch` int(11) NOT NULL,
  PRIMARY KEY (`id`)
) ENGINE=InnoDB AUTO_INCREMENT=43 DEFAULT CHARSET=utf8 COLLATE=utf8_unicode_ci;

/*Data for the table `migrations` */

insert  into `migrations`(`id`,`migration`,`batch`) values 
(1,'2014_03_26_180116_create_users_table',1),
(2,'2014_04_08_232044_setup_countries_table',1),
(3,'2014_10_12_100000_create_password_resets_table',1),
(4,'2014_11_07_132018_add_affiliates_table',1),
(5,'2014_11_17_011806_create_failed_jobs_table',1),
(6,'2016_03_09_221103_add_ticket_design_options',1),
(7,'2016_03_16_193757_create_gateways_table',1),
(8,'2016_03_16_213041_add_account_payment_id',1),
(9,'2016_03_16_215709_add_gateway_id_accounts_table',1),
(10,'2016_03_22_021114_add_whatsapp_share_option_events',1),
(11,'2016_03_25_114646_organiser_page_design_update',1),
(12,'2016_03_26_103318_create_attendees_questions',1),
(13,'2016_03_27_223733_add_organiser_page_toggle',1),
(14,'2016_04_03_172528_order_page_update',1),
(15,'2016_04_03_221050_add_question_answers_table',1),
(16,'2016_04_13_151256_add_api_key_users_table',1),
(17,'2016_05_05_201200_remove_instructions_field_questions_table',1),
(18,'2016_05_12_143324_fix_messages_table',1),
(19,'2016_05_16_142730_update_questions_table',1),
(20,'2016_05_22_041458_remove_ask_for_in_events',1),
(21,'2016_05_25_145857_attendee_ref_fix',1),
(22,'2016_05_28_084338_add_sort_order_tickets_table',1),
(23,'2016_06_14_115337_add_is_refunded_column_to_attendees',1),
(24,'2016_07_07_143106_add_1d_barcode_option_to_events_table',1),
(25,'2016_07_08_133056_add_support_for_offline_payments',1),
(26,'2016_09_16_221455_add_google_analytics_code_to_organiser',1),
(27,'2016_10_22_150532_add_is_hidden_tickets_table',1),
(28,'2018_02_26_172146_add_tax_to_organizers',1),
(29,'2018_02_27_175149_add_taxamt_to_orders_table',1),
(30,'2018_03_01_150711_add_taxid_to_organisers',1),
(31,'2018_07_09_133243_additional_tax_field_rename_current_tax_fields',1),
(32,'2018_08_16_131955_drop_coinbase_and_migs_as_defaults',1),
(33,'2018_12_04_034523_add_event_image_position_to_events',1),
(34,'2019_01_14_124052_create_event_access_codes_table',1),
(35,'2019_01_14_185419_create_ticket_event_access_code_table',1),
(36,'2019_02_13_130258_add_amounts_field_to_event_access_codes',1),
(37,'2019_04_05_180853_change_private_reference_number_column_type',1),
(38,'2019_04_17_171440_add_business_fields_to_order',1),
(39,'2019_05_14_122245_add_gtm_field_to_organiser',1),
(40,'2019_05_14_122256_add_gtm_field_to_event',1),
(41,'2019_09_04_075835_add_default_gateways',1),
(42,'2019_09_18_082447_disable_refunds_on_stripe_sca',1);

/*Table structure for table `order_items` */

DROP TABLE IF EXISTS `order_items`;

CREATE TABLE `order_items` (
  `id` int(10) unsigned NOT NULL AUTO_INCREMENT,
  `title` varchar(255) COLLATE utf8_unicode_ci NOT NULL,
  `quantity` int(11) NOT NULL,
  `unit_price` decimal(13,2) NOT NULL,
  `unit_booking_fee` decimal(13,2) DEFAULT NULL,
  `order_id` int(10) unsigned NOT NULL,
  `deleted_at` timestamp NULL DEFAULT NULL,
  PRIMARY KEY (`id`),
  KEY `order_items_order_id_foreign` (`order_id`),
  CONSTRAINT `order_items_order_id_foreign` FOREIGN KEY (`order_id`) REFERENCES `orders` (`id`) ON DELETE CASCADE
) ENGINE=InnoDB AUTO_INCREMENT=52 DEFAULT CHARSET=utf8 COLLATE=utf8_unicode_ci;

/*Data for the table `order_items` */

insert  into `order_items`(`id`,`title`,`quantity`,`unit_price`,`unit_booking_fee`,`order_id`,`deleted_at`) values 
(1,'new wevent start',1,100.00,0.00,1,NULL),
(2,'New second Wevents start',1,40.00,0.00,1,NULL),
(3,'My club event ticket',1,20.00,0.00,1,NULL),
(4,'free',2,0.00,0.00,2,NULL),
(5,'free',1,0.00,0.00,3,NULL),
(6,'My donation ticekte',1,0.00,0.00,4,NULL),
(7,'My club ticket',1,0.00,0.00,5,NULL),
(8,'My club ticket',1,0.00,0.00,6,NULL),
(9,'My new club ticket',1,40.00,0.00,6,NULL),
(10,'My new club ticket',1,40.00,0.00,7,NULL),
(11,'My club ticket',1,0.00,0.00,8,NULL),
(12,'My club ticket',1,0.00,0.00,9,NULL),
(13,'My new club ticket',1,40.00,0.00,10,NULL),
(14,'My club ticket',1,0.00,0.00,11,NULL),
(15,'My club ticket',1,0.00,0.00,12,NULL),
(16,'My club ticket',1,0.00,0.00,13,NULL),
(17,'My club ticket',1,0.00,0.00,14,NULL),
(18,'My club ticket',1,0.00,0.00,15,NULL),
(19,'My new club ticket',1,40.00,0.00,16,NULL),
(20,'My club ticket',1,0.00,0.00,17,NULL),
(21,'My club ticket',1,0.00,0.00,18,NULL),
(22,'My club ticket',1,0.00,0.00,19,NULL),
(23,'My club ticket',1,0.00,0.00,20,NULL),
(24,'My girl club wevent',1,30.00,0.00,21,NULL),
(25,'My new club ticket',2,40.00,0.00,22,NULL),
(26,'new girl ticket',1,60.00,0.00,23,NULL),
(27,'new girl ticket',1,60.00,0.00,24,NULL),
(28,'My club ticket',1,0.00,0.00,25,NULL),
(29,'new girl ticket',2,60.00,0.00,26,NULL),
(30,'test don',1,25.00,0.00,27,NULL),
(31,'My club event ticket',1,0.00,0.00,28,NULL),
(32,'My club event ticket',1,0.00,0.00,29,NULL),
(33,'My club event ticket',1,0.00,0.00,30,NULL),
(34,'My club event ticket',1,0.00,0.00,31,NULL),
(35,'wevents tickets',1,80.00,1.65,32,NULL),
(36,'My club event ticket',1,0.00,0.00,33,NULL),
(37,'test don',1,25.00,0.00,34,NULL),
(38,'Single Male',1,100.00,0.00,35,NULL),
(39,'test don',1,25.00,0.00,36,NULL),
(40,'hide ticekt',1,50.00,0.00,37,NULL),
(41,'test don',1,25.00,0.00,38,NULL),
(44,'test don',1,25.00,0.00,41,NULL),
(45,'Eric event',1,150.00,0.00,42,NULL),
(46,'hide ticekt',1,50.00,0.00,49,NULL),
(47,'walkin Ticket',1,0.00,0.00,50,NULL),
(48,'TTT',1,0.00,0.00,55,NULL),
(49,'walkin Ticket',1,115.00,0.00,44,NULL),
(50,'walkin Ticket',1,1000.00,0.00,56,NULL),
(51,'DDDOOO',1,50.00,0.00,57,NULL);

/*Table structure for table `order_statuses` */

DROP TABLE IF EXISTS `order_statuses`;

CREATE TABLE `order_statuses` (
  `id` int(10) unsigned NOT NULL AUTO_INCREMENT,
  `name` varchar(255) COLLATE utf8_unicode_ci NOT NULL,
  PRIMARY KEY (`id`)
) ENGINE=InnoDB AUTO_INCREMENT=6 DEFAULT CHARSET=utf8 COLLATE=utf8_unicode_ci;

/*Data for the table `order_statuses` */

insert  into `order_statuses`(`id`,`name`) values 
(1,'Completed'),
(2,'Refunded'),
(3,'Partially Refunded'),
(4,'Cancelled'),
(5,'Awaiting Payment');

/*Table structure for table `orders` */

DROP TABLE IF EXISTS `orders`;

CREATE TABLE `orders` (
  `id` int(10) unsigned NOT NULL AUTO_INCREMENT,
  `account_id` int(10) unsigned NOT NULL,
  `order_status_id` int(10) unsigned NOT NULL,
  `created_at` timestamp NULL DEFAULT NULL,
  `updated_at` timestamp NULL DEFAULT NULL,
  `deleted_at` timestamp NULL DEFAULT NULL,
  `first_name` varchar(255) COLLATE utf8_unicode_ci NOT NULL,
  `last_name` varchar(255) COLLATE utf8_unicode_ci NOT NULL,
  `email` varchar(255) COLLATE utf8_unicode_ci NOT NULL,
  `business_name` varchar(255) COLLATE utf8_unicode_ci DEFAULT NULL,
  `business_tax_number` varchar(255) COLLATE utf8_unicode_ci DEFAULT NULL,
  `business_address_line_one` varchar(255) COLLATE utf8_unicode_ci DEFAULT NULL,
  `business_address_line_two` varchar(255) COLLATE utf8_unicode_ci DEFAULT NULL,
  `business_address_state_province` varchar(255) COLLATE utf8_unicode_ci DEFAULT NULL,
  `business_address_city` varchar(255) COLLATE utf8_unicode_ci DEFAULT NULL,
  `ticket_pdf_path` varchar(155) COLLATE utf8_unicode_ci DEFAULT NULL,
  `order_reference` varchar(15) COLLATE utf8_unicode_ci NOT NULL,
  `transaction_id` varchar(50) COLLATE utf8_unicode_ci DEFAULT NULL,
  `discount` decimal(8,2) DEFAULT NULL,
  `booking_fee` decimal(8,2) DEFAULT NULL,
  `organiser_booking_fee` decimal(8,2) DEFAULT NULL,
  `order_date` date DEFAULT NULL,
  `notes` text COLLATE utf8_unicode_ci,
  `is_deleted` tinyint(1) NOT NULL DEFAULT '0',
  `is_cancelled` tinyint(1) NOT NULL DEFAULT '0',
  `is_partially_refunded` tinyint(1) NOT NULL DEFAULT '0',
  `is_refunded` tinyint(1) NOT NULL DEFAULT '0',
  `amount` decimal(13,2) NOT NULL,
  `amount_refunded` decimal(13,2) DEFAULT NULL,
  `event_id` int(10) unsigned NOT NULL,
  `payment_gateway_id` int(10) unsigned DEFAULT NULL,
  `is_payment_received` tinyint(1) NOT NULL DEFAULT '0',
  `is_business` tinyint(1) NOT NULL DEFAULT '0',
  `taxamt` double(8,2) NOT NULL,
  `business_address_code` varchar(255) COLLATE utf8_unicode_ci DEFAULT NULL,
  `payment_intent` varchar(150) COLLATE utf8_unicode_ci NOT NULL DEFAULT '',
  `paid_type` varchar(150) COLLATE utf8_unicode_ci DEFAULT '',
  PRIMARY KEY (`id`),
  KEY `orders_order_status_id_foreign` (`order_status_id`),
  KEY `orders_account_id_index` (`account_id`),
  KEY `orders_event_id_index` (`event_id`),
  KEY `orders_payment_gateway_id_foreign` (`payment_gateway_id`),
  CONSTRAINT `orders_account_id_foreign` FOREIGN KEY (`account_id`) REFERENCES `accounts` (`id`) ON DELETE CASCADE,
  CONSTRAINT `orders_event_id_foreign` FOREIGN KEY (`event_id`) REFERENCES `events` (`id`) ON DELETE CASCADE,
  CONSTRAINT `orders_order_status_id_foreign` FOREIGN KEY (`order_status_id`) REFERENCES `order_statuses` (`id`) ON DELETE NO ACTION,
  CONSTRAINT `orders_payment_gateway_id_foreign` FOREIGN KEY (`payment_gateway_id`) REFERENCES `payment_gateways` (`id`)
) ENGINE=InnoDB AUTO_INCREMENT=62 DEFAULT CHARSET=utf8 COLLATE=utf8_unicode_ci;

/*Data for the table `orders` */

insert  into `orders`(`id`,`account_id`,`order_status_id`,`created_at`,`updated_at`,`deleted_at`,`first_name`,`last_name`,`email`,`business_name`,`business_tax_number`,`business_address_line_one`,`business_address_line_two`,`business_address_state_province`,`business_address_city`,`ticket_pdf_path`,`order_reference`,`transaction_id`,`discount`,`booking_fee`,`organiser_booking_fee`,`order_date`,`notes`,`is_deleted`,`is_cancelled`,`is_partially_refunded`,`is_refunded`,`amount`,`amount_refunded`,`event_id`,`payment_gateway_id`,`is_payment_received`,`is_business`,`taxamt`,`business_address_code`,`payment_intent`,`paid_type`) values 
(1,1,1,'2020-04-21 21:14:35','2020-04-21 21:14:35',NULL,'Eric & Jamie','Anderson','e@eca1.net',NULL,NULL,NULL,NULL,NULL,NULL,NULL,'nuh3v214','5e9f6237bcf93',0.00,0.00,0.00,NULL,NULL,0,0,0,0,160.00,NULL,1,1,1,0,0.00,NULL,'',''),
(2,1,1,'2020-04-21 21:21:21','2020-04-27 16:22:47',NULL,'Eric & Jamie','Anderson','ericeca1@yahoo.com',NULL,NULL,NULL,NULL,NULL,NULL,NULL,'A653J214',NULL,0.00,0.00,0.00,NULL,NULL,0,0,0,0,0.00,NULL,1,NULL,1,0,0.00,NULL,'',''),
(3,1,1,'2020-04-22 00:50:34','2020-04-26 16:06:27',NULL,'ERIC','ANDERSON','ericeca1@yahoo.com',NULL,NULL,NULL,NULL,NULL,NULL,NULL,'LElsB224',NULL,0.00,0.00,0.00,NULL,NULL,0,0,0,0,0.00,NULL,1,NULL,1,0,0.00,NULL,'',''),
(4,1,1,'2020-04-23 17:14:49','2020-04-23 17:14:49',NULL,'cui','gao','cuigao@gmail.com',NULL,NULL,NULL,NULL,NULL,NULL,NULL,'7m9DE234',NULL,0.00,0.00,0.00,NULL,NULL,0,0,0,0,0.00,NULL,3,NULL,1,0,0.00,NULL,'',''),
(5,1,1,'2020-04-25 02:03:12','2020-04-25 02:03:12',NULL,'minami','muke','minamimuke@hotmail.com',NULL,NULL,NULL,NULL,NULL,NULL,NULL,'qCoGt254',NULL,0.00,0.00,0.00,NULL,NULL,0,0,0,0,0.00,NULL,2,NULL,1,0,0.00,NULL,'',''),
(6,1,1,'2020-04-25 02:21:24','2020-04-25 02:21:24',NULL,'minami','huzi','minamihuzi@hotmail.com',NULL,NULL,NULL,NULL,NULL,NULL,NULL,'bMBPU254','5ea39ea3d215f',0.00,0.00,0.00,NULL,NULL,0,0,0,0,40.00,NULL,2,1,1,0,0.00,NULL,'',''),
(7,1,1,'2020-04-25 02:26:53','2020-04-25 02:26:53',NULL,'minami','huzi','minamihuzi@hotmail.com',NULL,NULL,NULL,NULL,NULL,NULL,NULL,'ht29h254','5ea39feda15a1',0.00,0.00,0.00,NULL,NULL,0,0,0,0,40.00,NULL,2,1,1,0,0.00,NULL,'',''),
(8,1,1,'2020-04-25 02:39:40','2020-04-25 02:39:40',NULL,'asdf','asdf','minamihuzi@hotmail.com',NULL,NULL,NULL,NULL,NULL,NULL,NULL,'41ULd254',NULL,0.00,0.00,0.00,NULL,NULL,0,0,0,0,0.00,NULL,2,NULL,1,0,0.00,NULL,'',''),
(9,1,1,'2020-04-25 02:54:13','2020-04-25 02:54:13',NULL,'minami','huzi','minamihuzi@hotmail.com',NULL,NULL,NULL,NULL,NULL,NULL,NULL,'OJjgc254',NULL,0.00,0.00,0.00,NULL,NULL,0,0,0,0,0.00,NULL,2,NULL,1,0,0.00,NULL,'',''),
(10,1,1,'2020-04-25 07:31:53','2020-04-25 07:31:53',NULL,'minami','huzi','minamihuzi@hotmail.com',NULL,NULL,NULL,NULL,NULL,NULL,NULL,'WtFxZ254','5ea3e7671bc40',0.00,0.00,0.00,NULL,NULL,0,0,0,0,40.00,NULL,2,1,1,0,0.00,NULL,'',''),
(11,1,1,'2020-04-25 07:34:31','2020-04-25 07:34:31',NULL,'minami','huzi','minamihuzi@hotmail.com',NULL,NULL,NULL,NULL,NULL,NULL,NULL,'AAMAw254',NULL,0.00,0.00,0.00,NULL,NULL,0,0,0,0,0.00,NULL,2,NULL,1,0,0.00,NULL,'',''),
(12,1,1,'2020-04-25 07:36:03','2020-04-25 07:36:03',NULL,'asdf','huzi','minamihuzi@hotmail.com',NULL,NULL,NULL,NULL,NULL,NULL,NULL,'6dlUp254',NULL,0.00,0.00,0.00,NULL,NULL,0,0,0,0,0.00,NULL,2,NULL,1,0,0.00,NULL,'',''),
(13,1,1,'2020-04-25 07:40:17','2020-04-25 07:40:17',NULL,'minami','huzi','minamihuzi@hotmail.com',NULL,NULL,NULL,NULL,NULL,NULL,NULL,'fTEOm254',NULL,0.00,0.00,0.00,NULL,NULL,0,0,0,0,0.00,NULL,2,NULL,1,0,0.00,NULL,'',''),
(14,1,1,'2020-04-25 07:41:39','2020-04-25 07:41:39',NULL,'minami','huzi','minamihuzi@hotmail.com',NULL,NULL,NULL,NULL,NULL,NULL,NULL,'iiyPI254',NULL,0.00,0.00,0.00,NULL,NULL,0,0,0,0,0.00,NULL,2,NULL,1,0,0.00,NULL,'',''),
(15,1,1,'2020-04-26 08:33:01','2020-04-26 08:33:01',NULL,'minami','huzi','minamihuzi@hotmail.com',NULL,NULL,NULL,NULL,NULL,NULL,NULL,'GXIrK264',NULL,0.00,0.00,0.00,NULL,NULL,0,0,0,0,0.00,NULL,2,NULL,1,0,0.00,NULL,'',''),
(16,1,1,'2020-04-26 08:44:31','2020-04-26 08:44:31',NULL,'minami','muke','minamimuke@hotmail.com',NULL,NULL,NULL,NULL,NULL,NULL,NULL,'1qCPA264','5ea549ed0d3de',0.00,0.00,0.00,NULL,NULL,0,0,0,0,40.00,NULL,2,1,1,0,0.00,NULL,'',''),
(17,1,1,'2020-04-26 09:02:25','2020-04-26 09:02:25',NULL,'minami','huzi','minamihuzi@hotmail.com',NULL,NULL,NULL,NULL,NULL,NULL,NULL,'PWeua264',NULL,0.00,0.00,0.00,NULL,NULL,0,0,0,0,0.00,NULL,2,NULL,1,0,0.00,NULL,'',''),
(18,1,1,'2020-04-26 09:12:37','2020-04-26 09:12:37',NULL,'muke','minami','minamimuke@hotmail.com',NULL,NULL,NULL,NULL,NULL,NULL,NULL,'hd33f264',NULL,0.00,0.00,0.00,NULL,NULL,0,0,0,0,0.00,NULL,2,NULL,1,0,0.00,NULL,'',''),
(19,1,1,'2020-04-26 09:28:37','2020-04-26 09:28:37',NULL,'minami','huzi','minamihuzi@hotmail.com',NULL,NULL,NULL,NULL,NULL,NULL,NULL,'jWICw264',NULL,0.00,0.00,0.00,NULL,NULL,0,0,0,0,0.00,NULL,2,NULL,1,0,0.00,NULL,'',''),
(20,1,1,'2020-04-27 12:43:21','2020-04-27 12:43:21',NULL,'minami','huzi','minamihuzi@hotmail.com',NULL,NULL,NULL,NULL,NULL,NULL,NULL,'LKt3Y274',NULL,0.00,0.00,0.00,NULL,NULL,0,0,0,0,0.00,NULL,2,NULL,1,0,0.00,NULL,'',''),
(21,1,1,'2020-04-27 14:25:33','2020-04-27 14:25:33',NULL,'minami','daro','minamihuzi@hotmail.com',NULL,NULL,NULL,NULL,NULL,NULL,NULL,'e9i2C274','5ea6eb5bb489d',0.00,0.00,0.00,NULL,NULL,0,0,0,0,30.00,NULL,1,1,1,0,0.00,NULL,'',''),
(22,1,1,'2020-04-27 15:01:11','2020-04-27 15:01:11',NULL,'Alexandr','We','minamimuke@hotmail.com',NULL,NULL,NULL,NULL,NULL,NULL,NULL,'B6hG7274','5ea6f3b775f1a',0.00,0.00,0.00,NULL,NULL,0,0,0,0,80.00,NULL,2,1,1,0,0.00,NULL,'',''),
(23,1,1,'2020-04-27 15:16:34','2020-04-27 15:16:34',NULL,'minami','we','minamihuzi@hotmail.com',NULL,NULL,NULL,NULL,NULL,NULL,NULL,'P1oxd274','5ea6f7524504d',0.00,0.00,0.00,NULL,NULL,0,0,0,0,60.00,NULL,3,1,1,0,0.00,NULL,'',''),
(24,1,1,'2020-04-27 15:24:06','2020-04-27 15:24:06',NULL,'Eric','minami','e@eca1.net',NULL,NULL,NULL,NULL,NULL,NULL,NULL,'TGe4d274','5ea6f916bee43',0.00,0.00,0.00,NULL,NULL,0,0,0,0,60.00,NULL,3,1,1,0,0.00,NULL,'',''),
(25,1,1,'2020-04-27 15:48:34','2020-04-27 15:48:34',NULL,'minami','test','minamihuzi@hotmail.com',NULL,NULL,NULL,NULL,NULL,NULL,NULL,'TZZlv274',NULL,0.00,0.00,0.00,NULL,NULL,0,0,0,0,0.00,NULL,2,NULL,1,0,0.00,NULL,'',''),
(26,1,1,'2020-04-27 16:25:46','2020-04-27 16:25:46',NULL,'Eric','Charles','ericeca1@yahoo.com',NULL,NULL,NULL,NULL,NULL,NULL,NULL,'BjwZ9274','5ea7078a3ae33',0.00,0.00,0.00,NULL,NULL,0,0,0,0,120.00,NULL,3,1,1,0,0.00,NULL,'',''),
(27,1,1,'2020-04-30 13:10:25','2020-04-30 13:10:25',NULL,'minami','muke','minamimuke@hotmail.com',NULL,NULL,NULL,NULL,NULL,NULL,NULL,'9dCvm304','5eaace3ec32ef',0.00,0.00,0.00,NULL,NULL,0,0,0,0,25.00,NULL,1,1,1,0,0.00,NULL,'',''),
(28,1,1,'2020-04-30 13:29:34','2020-04-30 13:29:34',NULL,'minami','wei','weimuribyol@hotmail.com',NULL,NULL,NULL,NULL,NULL,NULL,NULL,'U6F4w304',NULL,0.00,0.00,0.00,NULL,NULL,0,0,0,0,0.00,NULL,1,NULL,1,0,0.00,NULL,'',''),
(29,1,1,'2020-04-30 13:46:42','2020-04-30 13:46:42',NULL,'minami','huzi','minamihuzi@hotmail.com',NULL,NULL,NULL,NULL,NULL,NULL,NULL,'tJ0Pk304',NULL,0.00,0.00,0.00,NULL,NULL,0,0,0,0,0.00,NULL,1,NULL,1,0,0.00,NULL,'',''),
(30,1,1,'2020-04-30 14:01:39','2020-04-30 14:01:39',NULL,'minami','huzi','minamimuke@hotmail.com',NULL,NULL,NULL,NULL,NULL,NULL,NULL,'2Iw8V304',NULL,0.00,0.00,0.00,NULL,NULL,0,0,0,0,0.00,NULL,1,NULL,1,0,0.00,NULL,'',''),
(31,1,1,'2020-05-04 02:06:52','2020-05-04 02:06:52',NULL,'Eric','Anderson','eric@eca1.net',NULL,NULL,NULL,NULL,NULL,NULL,NULL,'1myYR45',NULL,0.00,0.00,0.00,NULL,NULL,0,0,0,0,0.00,NULL,1,NULL,1,0,0.00,NULL,'',''),
(32,1,1,'2020-05-15 01:04:18','2020-05-15 01:04:18',NULL,'Eric','Anderson','eric@eca1.net',NULL,NULL,NULL,NULL,NULL,NULL,NULL,'EKLBj155','5ebdea9113cf9',0.00,0.00,1.65,NULL,NULL,0,0,0,0,80.00,NULL,4,1,1,0,0.00,NULL,'',''),
(33,1,1,'2020-05-16 04:49:52','2020-05-27 16:04:21',NULL,'Eric','Anderson','eric@eca1.net',NULL,NULL,NULL,NULL,NULL,NULL,NULL,'xzIUU165',NULL,0.00,0.00,0.00,NULL,NULL,0,0,0,0,0.00,NULL,1,NULL,1,0,0.00,NULL,'',''),
(34,1,5,'2020-05-17 00:38:14','2020-05-27 16:05:11',NULL,'Eric','Anderson','eric@eca1.net',NULL,NULL,NULL,NULL,NULL,NULL,NULL,'WOvRE175',NULL,0.00,0.00,0.00,NULL,NULL,0,0,0,0,25.00,NULL,1,NULL,0,0,0.00,NULL,'',''),
(35,2,1,'2020-05-20 23:53:17','2020-05-20 23:53:17',NULL,'dug','Grad','e@eca1.net',NULL,NULL,NULL,NULL,NULL,NULL,NULL,'726JY205',NULL,0.00,0.00,0.00,NULL,NULL,0,0,0,0,100.00,NULL,14,1,1,0,0.00,NULL,'',''),
(36,1,1,'2020-05-24 18:40:07','2020-05-24 18:40:07',NULL,'minami','muke','test@cc.com',NULL,NULL,NULL,NULL,NULL,NULL,NULL,'6Y8Pn245',NULL,0.00,0.00,0.00,NULL,NULL,0,0,0,0,25.00,NULL,1,1,1,0,0.00,NULL,'',''),
(37,1,1,'2020-05-25 03:07:40','2020-05-25 03:07:40',NULL,'minami','huzi','test@cc.com',NULL,NULL,NULL,NULL,NULL,NULL,NULL,'20Avz255',NULL,0.00,0.00,0.00,NULL,NULL,0,0,0,0,50.00,NULL,1,1,1,0,0.00,NULL,'',''),
(38,1,1,'2020-05-25 06:26:54','2020-05-25 06:26:54',NULL,'ffff-1','LLL-1','test@cc.com',NULL,NULL,NULL,NULL,NULL,NULL,NULL,'GBDxU255',NULL,0.00,0.00,0.00,NULL,NULL,0,0,0,0,25.00,NULL,1,1,1,0,0.00,NULL,'',''),
(41,1,1,'2020-05-25 07:35:47','2020-05-25 07:35:47',NULL,'first','last','cc@pp.com',NULL,NULL,NULL,NULL,NULL,NULL,NULL,'ScfEL255',NULL,0.00,0.00,0.00,NULL,NULL,0,0,0,0,25.00,NULL,1,1,1,0,0.00,NULL,'',''),
(42,1,1,'2020-05-25 07:52:56','2020-05-25 07:52:56',NULL,'first-top','last-top','wei@cc.com',NULL,NULL,NULL,NULL,NULL,NULL,NULL,'az8tL255','5ecb79584ca78',0.00,0.00,0.00,NULL,NULL,0,0,0,0,150.00,NULL,1,1,1,0,0.00,NULL,'',''),
(43,1,1,'2020-05-27 14:15:01','2020-05-27 14:15:01',NULL,'111','333','pp@qq.com',NULL,NULL,NULL,NULL,NULL,NULL,NULL,'wr9Il275',NULL,0.00,0.00,0.00,NULL,NULL,0,0,0,0,112.00,NULL,1,NULL,1,0,0.00,NULL,'',''),
(44,1,1,'2020-05-27 14:17:38','2020-05-31 09:54:52',NULL,'FFF','999','pp@cc.comm',NULL,NULL,NULL,NULL,NULL,NULL,NULL,'0YNBk275',NULL,0.00,0.00,0.00,NULL,NULL,0,0,0,0,115.00,NULL,1,NULL,1,0,0.00,NULL,'',''),
(45,1,1,'2020-05-27 14:26:45','2020-05-27 14:26:45',NULL,'999','888','qqq@pp.com',NULL,NULL,NULL,NULL,NULL,NULL,NULL,'ZXFB7275',NULL,0.00,0.00,0.00,NULL,NULL,0,0,0,0,215.00,NULL,1,NULL,1,0,0.00,NULL,'',''),
(46,1,1,'2020-05-27 14:38:37','2020-05-27 14:38:37',NULL,'999','888','pp@qq.comp',NULL,NULL,NULL,NULL,NULL,NULL,NULL,'E5BTB275',NULL,0.00,0.00,0.00,NULL,NULL,0,0,0,0,125.00,NULL,1,NULL,1,0,0.00,NULL,'',''),
(47,1,1,'2020-05-27 14:40:02','2020-05-27 16:08:15',NULL,'999','888','ppp@qq.com',NULL,NULL,NULL,NULL,NULL,NULL,NULL,'dkakW275',NULL,0.00,0.00,0.00,NULL,NULL,0,0,0,0,125.00,NULL,1,NULL,1,0,0.00,NULL,'',''),
(48,1,1,'2020-05-27 15:32:56','2020-05-27 15:32:56',NULL,'mmm','999','ppp@tt.com',NULL,NULL,NULL,NULL,NULL,NULL,NULL,'KaSqE275',NULL,0.00,0.00,0.00,NULL,NULL,0,0,0,0,110.00,NULL,1,NULL,1,0,0.00,NULL,'',''),
(49,1,1,'2020-05-27 18:31:44','2020-05-27 18:35:31',NULL,'KKKK1','KK2','kk@cc.com',NULL,NULL,NULL,NULL,NULL,NULL,NULL,'2Pbhj275',NULL,0.00,0.00,0.00,NULL,NULL,0,0,0,0,50.00,NULL,1,1,1,0,0.00,NULL,'',''),
(50,1,1,'2020-05-27 18:33:59','2020-05-27 18:35:10',NULL,'PP1','PP2','test@cc.com',NULL,NULL,NULL,NULL,NULL,NULL,NULL,'sZ87R275',NULL,0.00,0.00,0.00,NULL,NULL,0,0,0,0,0.00,NULL,1,NULL,1,0,0.00,NULL,'',''),
(51,1,1,'2020-05-27 19:00:50','2020-05-30 07:50:47',NULL,'22','222','22@pp.com',NULL,NULL,NULL,NULL,NULL,NULL,NULL,'4Ylo4275',NULL,0.00,0.00,0.00,NULL,NULL,0,0,0,0,0.00,NULL,1,NULL,1,0,0.00,NULL,'',''),
(52,1,1,'2020-05-28 02:51:45','2020-05-28 02:51:45',NULL,'TT','LL','cc@pp.com',NULL,NULL,NULL,NULL,NULL,NULL,NULL,'y9SPN285',NULL,0.00,0.00,0.00,NULL,NULL,0,0,0,0,10.00,NULL,1,NULL,1,0,0.00,NULL,'',''),
(53,1,1,'2020-05-28 13:24:20','2020-05-28 13:24:20',NULL,'FFF','LLL','sss@pp.commm',NULL,NULL,NULL,NULL,NULL,NULL,NULL,'69mB7285',NULL,0.00,0.00,0.00,NULL,NULL,0,0,0,0,10.00,NULL,1,NULL,1,0,0.00,NULL,'',''),
(54,1,1,'2020-05-28 13:28:05','2020-05-31 09:39:18',NULL,'FFPP1','FFLL1','ppp@qq.com',NULL,NULL,NULL,NULL,NULL,NULL,NULL,'OtI6T285',NULL,0.00,0.00,0.00,NULL,NULL,0,0,0,0,10.00,NULL,1,NULL,1,0,0.00,NULL,'',''),
(55,1,1,'2020-05-29 05:58:55','2020-05-29 05:58:55',NULL,'PPP','LLL','qq@pp.com',NULL,NULL,NULL,NULL,NULL,NULL,NULL,'Hsthi295',NULL,0.00,0.00,0.00,NULL,NULL,0,0,0,0,0.00,NULL,36,NULL,1,0,0.00,NULL,'',''),
(56,1,1,'2020-05-31 09:55:35','2020-05-31 09:55:35',NULL,'FFF','LLL','ccc@pp.com',NULL,NULL,NULL,NULL,NULL,NULL,NULL,'PDDjf315',NULL,0.00,0.00,0.00,NULL,NULL,0,0,0,0,1000.00,NULL,1,NULL,1,0,0.00,NULL,'',''),
(57,1,1,'2020-05-31 17:18:16','2020-05-31 17:18:16',NULL,'mmm','ppp','minamihuzi1@hotmail.com',NULL,NULL,NULL,NULL,NULL,NULL,NULL,'HTqDS315','5ed3e6d68cab9',0.00,0.00,0.00,NULL,NULL,0,0,0,0,50.00,NULL,1,1,1,0,0.00,NULL,'',''),
(58,1,5,'2020-06-04 06:43:33','2020-06-04 06:43:33',NULL,'FFF','LLL','mmm@cc.com',NULL,NULL,NULL,NULL,NULL,NULL,NULL,'77bvl46',NULL,0.00,0.00,0.00,NULL,NULL,0,0,0,0,10.00,NULL,1,NULL,0,0,0.00,NULL,'',NULL),
(59,1,5,'2020-06-04 06:48:15','2020-06-04 06:48:15',NULL,'FFF01','LLL01','mm@ppp000.com',NULL,NULL,NULL,NULL,NULL,NULL,NULL,'y2joO46',NULL,0.00,0.00,0.00,NULL,NULL,0,0,0,0,150.00,NULL,1,NULL,0,0,0.00,NULL,'',NULL),
(60,1,5,'2020-06-04 06:50:25','2020-06-04 06:50:25',NULL,'FFF','LLL01','mmm@cc.com',NULL,NULL,NULL,NULL,NULL,NULL,NULL,'N496G46',NULL,0.00,0.00,0.00,NULL,NULL,0,0,0,0,10.00,NULL,1,NULL,0,0,0.00,NULL,'',NULL),
(61,1,5,'2020-06-04 06:53:52','2020-06-04 06:53:52',NULL,'FF002','LL002','mm@ppp000.com',NULL,NULL,NULL,NULL,NULL,NULL,NULL,'Gma8G46',NULL,0.00,0.00,0.00,NULL,NULL,0,0,0,0,10.00,NULL,1,NULL,0,0,0.00,NULL,'','cash');

/*Table structure for table `organisers` */

DROP TABLE IF EXISTS `organisers`;

CREATE TABLE `organisers` (
  `id` int(10) unsigned NOT NULL AUTO_INCREMENT,
  `created_at` timestamp NULL DEFAULT NULL,
  `updated_at` timestamp NULL DEFAULT NULL,
  `deleted_at` timestamp NULL DEFAULT NULL,
  `account_id` int(10) unsigned NOT NULL,
  `name` varchar(255) COLLATE utf8_unicode_ci NOT NULL,
  `about` text COLLATE utf8_unicode_ci NOT NULL,
  `email` varchar(255) COLLATE utf8_unicode_ci NOT NULL,
  `phone` varchar(255) COLLATE utf8_unicode_ci DEFAULT NULL,
  `confirmation_key` varchar(20) COLLATE utf8_unicode_ci NOT NULL,
  `facebook` varchar(255) COLLATE utf8_unicode_ci NOT NULL,
  `twitter` varchar(255) COLLATE utf8_unicode_ci NOT NULL,
  `logo_path` varchar(255) COLLATE utf8_unicode_ci DEFAULT NULL,
  `is_email_confirmed` tinyint(1) NOT NULL DEFAULT '0',
  `show_twitter_widget` tinyint(1) NOT NULL DEFAULT '0',
  `show_facebook_widget` tinyint(1) NOT NULL DEFAULT '0',
  `page_header_bg_color` varchar(20) COLLATE utf8_unicode_ci NOT NULL DEFAULT '#76a867',
  `page_bg_color` varchar(20) COLLATE utf8_unicode_ci NOT NULL DEFAULT '#EEEEEE',
  `page_text_color` varchar(20) COLLATE utf8_unicode_ci NOT NULL DEFAULT '#FFFFFF',
  `enable_organiser_page` tinyint(1) NOT NULL DEFAULT '1',
  `google_analytics_code` varchar(255) COLLATE utf8_unicode_ci DEFAULT NULL,
  `google_tag_manager_code` varchar(20) COLLATE utf8_unicode_ci DEFAULT NULL,
  `tax_name` varchar(15) COLLATE utf8_unicode_ci NOT NULL,
  `tax_value` double NOT NULL,
  `tax_id` varchar(100) COLLATE utf8_unicode_ci NOT NULL,
  `charge_tax` tinyint(1) NOT NULL DEFAULT '0',
  `instruction` varchar(255) COLLATE utf8_unicode_ci NOT NULL,
  PRIMARY KEY (`id`),
  KEY `organisers_id_index` (`id`),
  KEY `organisers_account_id_index` (`account_id`),
  CONSTRAINT `organisers_account_id_foreign` FOREIGN KEY (`account_id`) REFERENCES `accounts` (`id`) ON DELETE CASCADE
) ENGINE=InnoDB AUTO_INCREMENT=6 DEFAULT CHARSET=utf8 COLLATE=utf8_unicode_ci;

/*Data for the table `organisers` */

insert  into `organisers`(`id`,`created_at`,`updated_at`,`deleted_at`,`account_id`,`name`,`about`,`email`,`phone`,`confirmation_key`,`facebook`,`twitter`,`logo_path`,`is_email_confirmed`,`show_twitter_widget`,`show_facebook_widget`,`page_header_bg_color`,`page_bg_color`,`page_text_color`,`enable_organiser_page`,`google_analytics_code`,`google_tag_manager_code`,`tax_name`,`tax_value`,`tax_id`,`charge_tax`,`instruction`) values 
(1,'2020-04-06 20:55:21','2020-05-31 14:21:54',NULL,1,'Topless Travel','Party Dates Cum Join Us','org@ticket.com',NULL,'fMPWouNyUbMvqB6','','','user_content/organiser_images/topless-travel-logo-1.jpg',0,0,0,'#5a1f99','#1d229c','#ffffff',1,'','','',0,'',0,'Organiser/ User  can put Notes or Instructions here ) look to left in  left menu ORGANIZER SETTINGS / Organiser Instruction'),
(2,'2020-04-25 15:59:01','2020-04-25 15:59:01',NULL,1,'whisprrz','house Partys','iwhisprrz@clubwhisprzz.com',NULL,'piPnRP7cgGX6wik','','',NULL,0,0,0,'#76a867','#EEEEEE','#FFFFFF',1,NULL,NULL,'',0,'',0,''),
(3,'2020-05-17 21:19:01','2020-05-17 21:19:01',NULL,3,'Whisprrz_Event','desc','minamimuke@hotmail.com',NULL,'5M3MgDP9zGhmJLX','','',NULL,0,0,0,'#76a867','#EEEEEE','#FFFFFF',1,NULL,NULL,'',0,'',0,''),
(4,'2020-05-20 15:21:31','2020-05-20 18:49:27',NULL,2,'My Party','party ground','e@eca1.net',NULL,'CVhL4XJurduJaKP','','',NULL,0,0,0,'#76a867','#EEEEEE','#FFFFFF',1,'','','',0,'',0,'test'),
(5,'2020-05-22 13:27:09','2020-05-22 13:27:09',NULL,4,'Whisprrz','','admin@ticket.com',NULL,'vCF9W0SOD6aTSgx','','','user_content/organiser_images/whisprrz-logo-.jpg',0,0,0,'#76a867','#EEEEEE','#FFFFFF',1,NULL,NULL,'',0,'',0,'');

/*Table structure for table `password_resets` */

DROP TABLE IF EXISTS `password_resets`;

CREATE TABLE `password_resets` (
  `email` varchar(255) COLLATE utf8_unicode_ci NOT NULL,
  `token` varchar(255) COLLATE utf8_unicode_ci NOT NULL,
  `created_at` timestamp NOT NULL DEFAULT CURRENT_TIMESTAMP,
  KEY `password_resets_email_index` (`email`),
  KEY `password_resets_token_index` (`token`)
) ENGINE=InnoDB DEFAULT CHARSET=utf8 COLLATE=utf8_unicode_ci;

/*Data for the table `password_resets` */

/*Table structure for table `payment_gateways` */

DROP TABLE IF EXISTS `payment_gateways`;

CREATE TABLE `payment_gateways` (
  `id` int(10) unsigned NOT NULL AUTO_INCREMENT,
  `provider_name` varchar(50) COLLATE utf8_unicode_ci NOT NULL,
  `provider_url` varchar(255) COLLATE utf8_unicode_ci NOT NULL,
  `is_on_site` tinyint(1) NOT NULL,
  `can_refund` tinyint(1) NOT NULL DEFAULT '0',
  `name` varchar(50) COLLATE utf8_unicode_ci NOT NULL,
  `default` tinyint(1) NOT NULL DEFAULT '0',
  `admin_blade_template` varchar(150) COLLATE utf8_unicode_ci NOT NULL DEFAULT '',
  `checkout_blade_template` varchar(150) COLLATE utf8_unicode_ci NOT NULL DEFAULT '',
  PRIMARY KEY (`id`)
) ENGINE=InnoDB AUTO_INCREMENT=4 DEFAULT CHARSET=utf8 COLLATE=utf8_unicode_ci;

/*Data for the table `payment_gateways` */

insert  into `payment_gateways`(`id`,`provider_name`,`provider_url`,`is_on_site`,`can_refund`,`name`,`default`,`admin_blade_template`,`checkout_blade_template`) values 
(1,'Dummy/Test Gateway','none',1,1,'Dummy',1,'','Public.ViewEvent.Partials.Dummy'),
(2,'Stripe SCA','https://www.stripe.com',0,0,'Stripe\\PaymentIntents',0,'ManageAccount.Partials.StripeSCA','Public.ViewEvent.Partials.PaymentStripeSCA'),
(3,'Stripe','https://www.stripe.com',1,1,'Stripe',0,'ManageAccount.Partials.Stripe','Public.ViewEvent.Partials.PaymentStripe');

/*Table structure for table `question_answers` */

DROP TABLE IF EXISTS `question_answers`;

CREATE TABLE `question_answers` (
  `id` int(10) unsigned NOT NULL AUTO_INCREMENT,
  `attendee_id` int(10) unsigned NOT NULL,
  `event_id` int(10) unsigned NOT NULL,
  `question_id` int(10) unsigned NOT NULL,
  `account_id` int(10) unsigned NOT NULL,
  `answer_text` text COLLATE utf8_unicode_ci NOT NULL,
  `created_at` timestamp NULL DEFAULT NULL,
  `updated_at` timestamp NULL DEFAULT NULL,
  PRIMARY KEY (`id`),
  KEY `question_answers_attendee_id_index` (`attendee_id`),
  KEY `question_answers_event_id_index` (`event_id`),
  KEY `question_answers_question_id_index` (`question_id`),
  KEY `question_answers_account_id_index` (`account_id`),
  CONSTRAINT `question_answers_account_id_foreign` FOREIGN KEY (`account_id`) REFERENCES `accounts` (`id`) ON DELETE CASCADE,
  CONSTRAINT `question_answers_attendee_id_foreign` FOREIGN KEY (`attendee_id`) REFERENCES `attendees` (`id`) ON DELETE CASCADE,
  CONSTRAINT `question_answers_event_id_foreign` FOREIGN KEY (`event_id`) REFERENCES `events` (`id`) ON DELETE CASCADE,
  CONSTRAINT `question_answers_question_id_foreign` FOREIGN KEY (`question_id`) REFERENCES `questions` (`id`)
) ENGINE=InnoDB DEFAULT CHARSET=utf8 COLLATE=utf8_unicode_ci;

/*Data for the table `question_answers` */

/*Table structure for table `question_options` */

DROP TABLE IF EXISTS `question_options`;

CREATE TABLE `question_options` (
  `id` int(10) unsigned NOT NULL AUTO_INCREMENT,
  `name` varchar(255) COLLATE utf8_unicode_ci NOT NULL,
  `question_id` int(10) unsigned NOT NULL,
  PRIMARY KEY (`id`),
  KEY `question_options_question_id_index` (`question_id`),
  CONSTRAINT `question_options_question_id_foreign` FOREIGN KEY (`question_id`) REFERENCES `questions` (`id`) ON DELETE CASCADE
) ENGINE=InnoDB AUTO_INCREMENT=3 DEFAULT CHARSET=utf8 COLLATE=utf8_unicode_ci;

/*Data for the table `question_options` */

insert  into `question_options`(`id`,`name`,`question_id`) values 
(1,'yes',1),
(2,'No',1);

/*Table structure for table `question_ticket` */

DROP TABLE IF EXISTS `question_ticket`;

CREATE TABLE `question_ticket` (
  `id` int(10) unsigned NOT NULL AUTO_INCREMENT,
  `question_id` int(10) unsigned NOT NULL,
  `ticket_id` int(10) unsigned NOT NULL,
  PRIMARY KEY (`id`),
  KEY `question_ticket_question_id_index` (`question_id`),
  KEY `question_ticket_ticket_id_index` (`ticket_id`),
  CONSTRAINT `question_ticket_question_id_foreign` FOREIGN KEY (`question_id`) REFERENCES `questions` (`id`) ON DELETE CASCADE,
  CONSTRAINT `question_ticket_ticket_id_foreign` FOREIGN KEY (`ticket_id`) REFERENCES `tickets` (`id`) ON DELETE CASCADE
) ENGINE=InnoDB DEFAULT CHARSET=utf8 COLLATE=utf8_unicode_ci;

/*Data for the table `question_ticket` */

/*Table structure for table `question_types` */

DROP TABLE IF EXISTS `question_types`;

CREATE TABLE `question_types` (
  `id` int(10) unsigned NOT NULL AUTO_INCREMENT,
  `alias` varchar(255) COLLATE utf8_unicode_ci NOT NULL,
  `name` varchar(255) COLLATE utf8_unicode_ci NOT NULL,
  `has_options` tinyint(1) NOT NULL DEFAULT '0',
  `allow_multiple` tinyint(1) NOT NULL DEFAULT '0',
  PRIMARY KEY (`id`)
) ENGINE=InnoDB AUTO_INCREMENT=7 DEFAULT CHARSET=utf8 COLLATE=utf8_unicode_ci;

/*Data for the table `question_types` */

insert  into `question_types`(`id`,`alias`,`name`,`has_options`,`allow_multiple`) values 
(1,'text','Single-line text box',0,0),
(2,'textarea','Multi-line text box',0,0),
(3,'dropdown','Dropdown (single selection)',1,0),
(4,'dropdown_multiple','Dropdown (multiple selection)',1,1),
(5,'checkbox','Checkbox',1,1),
(6,'radio','Radio input',1,0);

/*Table structure for table `questions` */

DROP TABLE IF EXISTS `questions`;

CREATE TABLE `questions` (
  `id` int(10) unsigned NOT NULL AUTO_INCREMENT,
  `title` varchar(255) COLLATE utf8_unicode_ci NOT NULL,
  `question_type_id` int(10) unsigned NOT NULL,
  `account_id` int(10) unsigned NOT NULL,
  `is_required` tinyint(4) NOT NULL DEFAULT '0',
  `created_at` timestamp NULL DEFAULT NULL,
  `updated_at` timestamp NULL DEFAULT NULL,
  `deleted_at` timestamp NULL DEFAULT NULL,
  `sort_order` int(11) NOT NULL DEFAULT '1',
  `is_enabled` tinyint(4) NOT NULL DEFAULT '1',
  PRIMARY KEY (`id`),
  KEY `questions_question_type_id_foreign` (`question_type_id`),
  KEY `questions_account_id_index` (`account_id`),
  CONSTRAINT `questions_account_id_foreign` FOREIGN KEY (`account_id`) REFERENCES `accounts` (`id`) ON DELETE CASCADE,
  CONSTRAINT `questions_question_type_id_foreign` FOREIGN KEY (`question_type_id`) REFERENCES `question_types` (`id`)
) ENGINE=InnoDB AUTO_INCREMENT=2 DEFAULT CHARSET=utf8 COLLATE=utf8_unicode_ci;

/*Data for the table `questions` */

insert  into `questions`(`id`,`title`,`question_type_id`,`account_id`,`is_required`,`created_at`,`updated_at`,`deleted_at`,`sort_order`,`is_enabled`) values 
(1,'was this easy',3,1,0,'2020-04-24 03:01:56','2020-04-24 03:01:56',NULL,1,1);

/*Table structure for table `reserved_tickets` */

DROP TABLE IF EXISTS `reserved_tickets`;

CREATE TABLE `reserved_tickets` (
  `id` int(10) unsigned NOT NULL AUTO_INCREMENT,
  `ticket_id` int(11) NOT NULL,
  `event_id` int(11) NOT NULL,
  `quantity_reserved` int(11) NOT NULL,
  `expires` datetime NOT NULL,
  `session_id` varchar(45) COLLATE utf8_unicode_ci NOT NULL,
  `created_at` timestamp NULL DEFAULT NULL,
  `updated_at` timestamp NULL DEFAULT NULL,
  PRIMARY KEY (`id`)
) ENGINE=InnoDB AUTO_INCREMENT=115 DEFAULT CHARSET=utf8 COLLATE=utf8_unicode_ci;

/*Data for the table `reserved_tickets` */

insert  into `reserved_tickets`(`id`,`ticket_id`,`event_id`,`quantity_reserved`,`expires`,`session_id`,`created_at`,`updated_at`) values 
(2,6,1,1,'2020-04-20 02:42:41','DjelJx8AwmxdgVZ8Lzou24eaGT1hxB1uVWTPtFAz','2020-04-20 02:12:41','2020-04-20 02:12:41'),
(5,6,1,1,'2020-04-20 05:41:39','uMMNClFwXKobsqgbUapNs7DbOYLabPLcXHCjJ74K','2020-04-20 05:11:39','2020-04-20 05:11:39'),
(6,7,1,1,'2020-04-20 05:41:39','uMMNClFwXKobsqgbUapNs7DbOYLabPLcXHCjJ74K','2020-04-20 05:11:39','2020-04-20 05:11:39'),
(14,8,2,1,'2020-04-20 09:16:50','3npur9n7KADpdhVwgR3F29tW9ptLfNd0W9SNfR3W','2020-04-20 08:46:51','2020-04-20 08:46:51'),
(24,6,1,1,'2020-04-21 02:48:48','A2aWdKK6iMtWizjDV37dTvDMt6jVlaMp5jGHLK2f','2020-04-21 02:18:48','2020-04-21 02:18:48'),
(25,7,1,1,'2020-04-21 02:48:48','A2aWdKK6iMtWizjDV37dTvDMt6jVlaMp5jGHLK2f','2020-04-21 02:18:48','2020-04-21 02:18:48'),
(26,2,1,1,'2020-04-21 02:48:48','A2aWdKK6iMtWizjDV37dTvDMt6jVlaMp5jGHLK2f','2020-04-21 02:18:48','2020-04-21 02:18:48'),
(27,6,1,1,'2020-04-21 05:22:50','fUTEExYyXP2TOIDJvmOde6xBTjIlMCuL7g0ORcx6','2020-04-21 04:52:51','2020-04-21 04:52:51'),
(30,7,1,1,'2020-04-21 13:50:48','G12tuFBN5oj0fVXPafWrTnhVLkdnDLr3cSpaXS36','2020-04-21 13:20:48','2020-04-21 13:20:48'),
(31,2,1,1,'2020-04-21 13:50:48','G12tuFBN5oj0fVXPafWrTnhVLkdnDLr3cSpaXS36','2020-04-21 13:20:48','2020-04-21 13:20:48'),
(33,6,1,1,'2020-04-21 14:54:21','RepQ7qdg7scEjc7296FQIqvcDI9YP3JGZ6HzLioe','2020-04-21 14:24:21','2020-04-21 14:24:21'),
(34,7,1,1,'2020-04-21 14:54:21','RepQ7qdg7scEjc7296FQIqvcDI9YP3JGZ6HzLioe','2020-04-21 14:24:21','2020-04-21 14:24:21'),
(35,2,1,1,'2020-04-21 14:54:21','RepQ7qdg7scEjc7296FQIqvcDI9YP3JGZ6HzLioe','2020-04-21 14:24:21','2020-04-21 14:24:21'),
(41,9,1,1,'2020-04-22 03:20:20','5c5s968NHxCDbIiMfRVsUbamf69ovQBPY7W5zTuy','2020-04-22 02:50:20','2020-04-22 02:50:20'),
(42,12,1,1,'2020-04-22 23:21:48','0N3V9dIWlxwS7KBUlZPCVEHL72meDt5KW3ix5HSQ','2020-04-22 22:51:48','2020-04-22 22:51:48'),
(44,4,2,1,'2020-04-23 18:36:57','ODkxD29eAdrt2rdfaGVH1EXyBlPrGsLdezSV37lY','2020-04-23 18:06:57','2020-04-23 18:06:57'),
(56,9,1,1,'2020-04-25 22:20:35','bIl6W7RHGEXjJn7x9sMq5OctKAKelBEcfelaSLCB','2020-04-25 21:50:35','2020-04-25 21:50:35'),
(70,12,1,1,'2020-04-28 16:51:37','MJTHtv4GhtdTTlIKwF11TQSCw1ZsZ0oSmVSsKWp3','2020-04-28 16:21:38','2020-04-28 16:21:38'),
(71,9,1,1,'2020-04-29 01:09:24','lcf7rZ3Co2Kmk7peRPvJ4dV9cNClfwNuTtW5nfNV','2020-04-29 00:39:24','2020-04-29 00:39:24'),
(77,2,1,1,'2020-04-30 18:15:42','3BTayn8ucQij3IDv5GzP7rO2pIr2p8J3qDSdZc06','2020-04-30 17:45:42','2020-04-30 17:45:42'),
(78,2,1,1,'2020-05-13 21:19:23','S70SQn7JdAdFaN5kKK9MwsyPdFewKTtNq7UfIwRU','2020-05-13 20:49:23','2020-05-13 20:49:23'),
(80,12,1,1,'2020-05-14 15:23:24','BwlDgO9QFxBUD0JVM98LmGvlPN5PxvgAGtEPEw38','2020-05-14 14:53:24','2020-05-14 14:53:24'),
(82,2,1,1,'2020-05-15 23:21:03','QX0zc5qC5Y7t8l27tmT9ZNX50CQuKdWe8zaoEUHT','2020-05-15 22:51:03','2020-05-15 22:51:03'),
(84,12,1,1,'2020-05-16 22:34:00','dSv0Mh5epISL8OYTKX2UiDz83E8UkhteGiSwYVaD','2020-05-16 22:04:00','2020-05-16 22:04:00'),
(88,19,1,1,'2020-05-17 23:48:37','6O3r74FgBIcgPXXvsLzNGwQGWwGS1LHxNM1l0x8p','2020-05-17 23:18:37','2020-05-17 23:18:37'),
(92,24,14,1,'2020-05-21 00:27:24','kzKrkFwcqgg5yNETwIzWcutRKaG8mrj7Gvpi4XGp','2020-05-20 23:57:24','2020-05-20 23:57:24'),
(93,24,14,1,'2020-05-21 02:12:36','qLXoaHa0ErUrUSTlnY6PMmBMbSa9gtsWa0G3t4UR','2020-05-21 01:42:36','2020-05-21 01:42:36'),
(100,12,1,1,'2020-05-21 04:09:40','2Pka2N1i5kjijHAuXgrvJdHorL1Y9odWObOXknRX','2020-05-21 03:39:40','2020-05-21 03:39:40'),
(101,19,1,1,'2020-05-21 04:09:40','2Pka2N1i5kjijHAuXgrvJdHorL1Y9odWObOXknRX','2020-05-21 03:39:40','2020-05-21 03:39:40'),
(102,25,14,1,'2020-05-21 15:30:44','0OfGOmcRaJ5X2BhhCeEUyxwEf09RAx1bn7o8I5tt','2020-05-21 15:00:44','2020-05-21 15:00:44'),
(114,19,1,1,'2020-05-26 04:43:35','766IsELncYIxYJEjNM3TQqImnC15YiRa9OymxFk9','2020-05-26 04:13:35','2020-05-26 04:13:35');

/*Table structure for table `sign_htmls` */

DROP TABLE IF EXISTS `sign_htmls`;

CREATE TABLE `sign_htmls` (
  `id` int(11) NOT NULL AUTO_INCREMENT,
  `name` varchar(255) COLLATE utf8_bin DEFAULT NULL,
  `path` text COLLATE utf8_bin,
  `created_at` datetime DEFAULT NULL,
  `updated_at` datetime DEFAULT NULL,
  `organiser_id` int(11) DEFAULT NULL,
  `account_id` int(11) DEFAULT NULL,
  `deleted_at` datetime DEFAULT NULL,
  `http_path` text COLLATE utf8_bin,
  `title` text COLLATE utf8_bin,
  `description` text COLLATE utf8_bin,
  `logo_path` text COLLATE utf8_bin,
  `http_logo_path` text COLLATE utf8_bin,
  `pdf_type` int(20) DEFAULT NULL,
  `user_id` int(20) DEFAULT NULL,
  PRIMARY KEY (`id`)
) ENGINE=InnoDB AUTO_INCREMENT=26 DEFAULT CHARSET=utf8 COLLATE=utf8_bin;

/*Data for the table `sign_htmls` */

insert  into `sign_htmls`(`id`,`name`,`path`,`created_at`,`updated_at`,`organiser_id`,`account_id`,`deleted_at`,`http_path`,`title`,`description`,`logo_path`,`http_logo_path`,`pdf_type`,`user_id`) values 
(1,NULL,NULL,'2020-06-16 06:30:15','2020-06-16 06:30:15',NULL,1,NULL,NULL,'My ticket','KKKK',NULL,NULL,NULL,1),
(2,NULL,NULL,'2020-06-16 06:31:29','2020-06-16 06:31:29',NULL,1,NULL,NULL,'daro','ffff',NULL,NULL,NULL,1),
(3,NULL,NULL,'2020-06-16 06:32:38','2020-06-16 06:32:38',NULL,1,NULL,NULL,'PPP','wwww',NULL,NULL,NULL,1),
(4,NULL,NULL,'2020-06-16 06:35:53','2020-06-16 06:35:53',NULL,1,NULL,NULL,'dddd','deeee',NULL,NULL,NULL,1),
(5,NULL,NULL,'2020-06-16 06:38:49','2020-06-16 06:38:49',NULL,1,NULL,NULL,'My ticket112','dasfsd',NULL,NULL,NULL,1),
(6,NULL,NULL,'2020-06-16 06:42:31','2020-06-16 06:42:31',NULL,1,NULL,NULL,'TTT','fffff',NULL,NULL,NULL,1),
(7,NULL,NULL,'2020-06-16 06:49:06','2020-06-16 06:49:06',0,1,NULL,NULL,'TTT','ffff',NULL,NULL,NULL,1),
(8,NULL,NULL,'2020-06-16 06:53:27','2020-06-16 06:53:27',0,1,NULL,NULL,'My ticket11','3333',NULL,NULL,NULL,1),
(9,NULL,NULL,'2020-06-16 06:53:50','2020-06-16 06:53:50',0,1,NULL,NULL,'My ticket112','4444',NULL,NULL,NULL,1),
(10,NULL,NULL,'2020-06-16 07:35:24','2020-06-16 08:23:04',1,1,'2020-06-16 08:23:04',NULL,'aaa','bbbbb',NULL,NULL,NULL,1),
(11,NULL,NULL,'2020-06-16 07:36:17','2020-06-16 08:23:06',1,1,'2020-06-16 08:23:06',NULL,'qqq','aaaa',NULL,NULL,NULL,1),
(12,NULL,NULL,'2020-06-16 07:37:29','2020-06-16 08:23:11',1,1,'2020-06-16 08:23:11',NULL,'ppp','qwerwerwe',NULL,NULL,NULL,1),
(13,NULL,NULL,'2020-06-16 07:38:06','2020-06-16 08:23:20',1,1,'2020-06-16 08:23:20',NULL,'AAA','BBB cCCC',NULL,NULL,NULL,1),
(14,NULL,NULL,'2020-06-16 07:38:54','2020-06-16 08:23:22',1,1,'2020-06-16 08:23:22',NULL,'BBB','AAA PPP','/sign_logo/sign_logo_1/sign_logo-14.jpg','http://localhost/Whisprrz_Wevents_new/public/sign_logo/sign_logo_1/sign_logo-14.jpg',NULL,1),
(15,NULL,NULL,'2020-06-16 07:49:55','2020-06-16 07:49:55',1,1,NULL,NULL,'AAPPP','PP-TTTTT','/sign_logo/sign_logo_1/sign_logo-15.jpg','http://localhost/Whisprrz_Wevents_new/public/sign_logo/sign_logo_1/sign_logo-15.jpg',1,1),
(16,NULL,NULL,'2020-06-16 08:25:10','2020-06-16 08:25:39',1,1,'2020-06-16 08:25:39',NULL,'','KKK','/sign_logo/sign_logo_1/sign_logo-16.jpg','http://localhost/Whisprrz_Wevents_new/public/sign_logo/sign_logo_1/sign_logo-16.jpg',2,1),
(17,NULL,NULL,'2020-06-16 08:25:32','2020-06-16 15:42:42',1,1,NULL,NULL,'TTT1188','Test433','/sign_logo/sign_logo_1/sign_logo-17.png','http://localhost/Whisprrz_Wevents_new/public/sign_logo/sign_logo_1/sign_logo-17.png',2,1),
(18,NULL,NULL,'2020-06-16 08:25:55','2020-06-21 09:43:06',1,1,'2020-06-21 09:43:06',NULL,'TTT2233','Desc333','/sign_logo/sign_logo_1/sign_logo-18.jpg','http://localhost/Whisprrz_Wevents_new/public/sign_logo/sign_logo_1/sign_logo-18.jpg',2,1),
(19,NULL,NULL,'2020-06-16 09:41:28','2020-06-18 18:02:04',1,1,NULL,NULL,'MIT SKYDIVING CLUB','<p style=\"text-align: center;\"><span style=\"font-size: 18px;\">aaaaa</span></p>\n<p style=\"text-align: left;\">sdfsdfsgsdfdsfasdfwerwerwerwerwe</p>\n<p style=\"text-align: left;\">sdsfdfsdfsd</p>','/sign_logo/sign_logo_1/sign_logo-19.jpg','http://localhost/Whisprrz_Wevents_new/public/sign_logo/sign_logo_1/sign_logo-19.jpg',2,1),
(20,NULL,NULL,'2020-06-16 09:43:43','2020-06-21 03:16:54',1,1,NULL,NULL,'MIT SKYDIVING CLUB','<p style=\"text-align: center;\"><strong>aaa</strong></p>\n<p>sdfasdfasfasfasdf</p>\n<p>bbbb</p>\n<p style=\"text-align: center;\">vvvvvv</p>','/sign_logo/sign_logo_1/sign_logo-20.jpg','http://localhost/Whisprrz_Wevents_new/public/sign_logo/sign_logo_1/sign_logo-20.jpg',1,1),
(21,NULL,NULL,'2020-06-21 09:17:22','2020-06-21 09:37:41',1,1,'2020-06-21 09:37:41',NULL,'Test','<p style=\"text-align: center;\">My signature</p>',NULL,NULL,1,1),
(22,NULL,NULL,'2020-06-21 09:23:29','2020-06-29 04:34:52',1,1,'2020-06-29 04:34:52',NULL,'Test222','<p>PPP</p>',NULL,NULL,1,1),
(23,NULL,NULL,'2020-06-21 09:29:28','2020-06-21 09:41:25',1,1,'2020-06-21 09:41:25',NULL,'Test333','<p>333 ppp kkkk</p>',NULL,NULL,1,1),
(24,NULL,NULL,'2020-06-21 09:36:14','2020-06-29 04:34:25',1,1,'2020-06-29 04:34:25',NULL,'Link','<p>Hello</p>\n<p class=\"ft01\">ay&nbsp;occur,&nbsp;I hereby&nbsp;attest&nbsp;that,&nbsp;after&nbsp;reading&nbsp;this&nbsp;Form completely&nbsp;and&nbsp;carefully,&nbsp;I acknowledge&nbsp;that&nbsp;my&nbsp;participation&nbsp;in&nbsp;the&nbsp;Activity&nbsp;is&nbsp;entirely&nbsp;</p>\n<p class=\"ft01\">voluntary,&nbsp;and&nbsp;I further&nbsp;understand&nbsp;and&nbsp;agree&nbsp;as&nbsp;follows:&nbsp;</p>\n<p class=\"ft01\">ASSUMPTION OF RISKS:&nbsp;I hereby&nbsp;assume&nbsp;all&nbsp;of&nbsp;the&nbsp;risks&nbsp;of&nbsp;participating&nbsp;in&nbsp;all&nbsp;activities&nbsp;at&nbsp;PMJ Park&nbsp;Holdings,&nbsp;LLC&nbsp;(&ldquo;PMJ&rdquo;)&nbsp;d/b/a&nbsp;Victory&nbsp;Park&nbsp;Ohio&nbsp;</p>\n<p class=\"ft01\">(&ldquo;VPO&rdquo;),&nbsp;located&nbsp;at&nbsp;7777&nbsp;Victory&nbsp;Lane,&nbsp;North&nbsp;Ridgeville,&nbsp;Ohio&nbsp;44039,&nbsp;including&nbsp;but&nbsp;not&nbsp;limited&nbsp;to,&nbsp;any&nbsp;risks&nbsp;that&nbsp;may&nbsp;arise&nbsp;from the&nbsp;negligence&nbsp;or&nbsp;</p>\n<p class=\"ft01\">carelessness of&nbsp;PMJ, VPO, their&nbsp;subsidiaries, affiliates, directors,&nbsp;officers,&nbsp;employees,&nbsp;partners,&nbsp;contractors,&nbsp;agents,&nbsp;representatives,&nbsp;volunteers,&nbsp;</p>\n<p class=\"ft01\">successors&nbsp;and&nbsp;assigns&nbsp;(collectively,&nbsp;the&nbsp;&ldquo;Host&rdquo;)&nbsp;and/or&nbsp;from dangerous&nbsp;or&nbsp;defective&nbsp;equipment&nbsp;or&nbsp;property&nbsp;owned,&nbsp;maintained,&nbsp;&nbsp;operated&nbsp;or&nbsp;</p>\n<p class=\"ft01\">controlled&nbsp;by&nbsp;the&nbsp;Host.&nbsp;</p>\n<p class=\"ft01\">I understand&nbsp;that&nbsp;incidental&nbsp;to&nbsp;my&nbsp;participation&nbsp;in&nbsp;the&nbsp;Activity,&nbsp;I may&nbsp;be&nbsp;engaging&nbsp;in&nbsp;activities&nbsp;that&nbsp;involve&nbsp;the&nbsp;risk&nbsp;of&nbsp;serious&nbsp;personal&nbsp;injury,&nbsp;illness,&nbsp;</p>\n<p class=\"ft01\">permanent&nbsp;disability,&nbsp;dismemberment,&nbsp;and&nbsp;death,&nbsp;and&nbsp;that&nbsp;such&nbsp;participation&nbsp;may&nbsp;also&nbsp;involve&nbsp;the&nbsp;risk&nbsp;of&nbsp;severe&nbsp;economic&nbsp;and&nbsp;property&nbsp;loss&nbsp;and&nbsp;</p>\n<p class=\"ft01\">damage. I understand&nbsp;that&nbsp;these&nbsp;risks&nbsp;may&nbsp;result&nbsp;from the&nbsp;actions,&nbsp;negligence&nbsp;and&nbsp;failure&nbsp;to&nbsp;act&nbsp;of&nbsp;myself&nbsp;and&nbsp;others&nbsp;and&nbsp;from the&nbsp;condition&nbsp;of&nbsp;any&nbsp;</p>\n<p class=\"ft01\">property,&nbsp;facilities&nbsp;or&nbsp;equipment&nbsp;used. I&nbsp;also&nbsp;understand&nbsp;that&nbsp;there&nbsp;may&nbsp;be&nbsp;risks&nbsp;involved&nbsp;which&nbsp;are&nbsp;not&nbsp;known&nbsp;to&nbsp;me&nbsp;or&nbsp;to&nbsp;the&nbsp;Released&nbsp;Parties,&nbsp;and&nbsp;</p>\n<p class=\"ft01\">may&nbsp;not&nbsp;be&nbsp;foreseen&nbsp;or&nbsp;reasonably&nbsp;foreseeable&nbsp;by&nbsp;any&nbsp;of&nbsp;us&nbsp;at&nbsp;this&nbsp;time&nbsp;or&nbsp;at&nbsp;the&nbsp;time&nbsp;of&nbsp;the&nbsp;Activity.&nbsp;Despite knowing these risks,&nbsp;I&nbsp;hereby&nbsp;elect&nbsp;to&nbsp;</p>\n<p class=\"ft01\">voluntarily&nbsp;participate&nbsp;in&nbsp;the&nbsp;Activity&nbsp;and&nbsp;agree to&nbsp;assume all&nbsp;related&nbsp;risks,&nbsp;including&nbsp;without&nbsp;limitation&nbsp;those&nbsp;enumerated&nbsp;above,&nbsp;and&nbsp;accept&nbsp;personal&nbsp;</p>\n<p class=\"ft01\">responsibility&nbsp;for&nbsp;any&nbsp;injury&nbsp;of&nbsp;any&nbsp;kind&nbsp;or&nbsp;nature&nbsp;that&nbsp;I or&nbsp;my&nbsp;property&nbsp;may&nbsp;suffer&nbsp;arising&nbsp;out&nbsp;of&nbsp;or&nbsp;in&nbsp;connection&nbsp;with&nbsp;my&nbsp;participation&nbsp;in&nbsp;the&nbsp;Activity.&nbsp;&nbsp;</p>\n<p class=\"ft01\">PHYSICAL&nbsp;CONDITION/MEDICAL&nbsp;AUTHORIZATION:&nbsp;I hereby&nbsp;certify&nbsp;that&nbsp;I am physically&nbsp;fit&nbsp;for&nbsp;participation&nbsp;in&nbsp;the&nbsp;Event/Activity,&nbsp;have&nbsp;the&nbsp;skill&nbsp;level&nbsp;</p>\n<p class=\"ft01\">required&nbsp;in&nbsp;conjunction&nbsp;with&nbsp;the&nbsp;Activity,&nbsp;and&nbsp;have&nbsp;not&nbsp;been&nbsp;advised&nbsp;otherwise.&nbsp;I&nbsp;agree&nbsp;that&nbsp;before&nbsp;I participate&nbsp;in&nbsp;the&nbsp;Activity, I&nbsp;will&nbsp;inspect&nbsp;all&nbsp;related&nbsp;</p>\n<p class=\"ft01\">facilities&nbsp;and&nbsp;equipment. In&nbsp;connection&nbsp;with&nbsp;any&nbsp;injury&nbsp;sustained&nbsp;or&nbsp;illness&nbsp;or&nbsp;medical&nbsp;conditions&nbsp;experienced&nbsp;during&nbsp;my&nbsp;attendance&nbsp;in&nbsp;connection&nbsp;</p>\n<p class=\"ft01\">with&nbsp;the&nbsp;Activity,&nbsp;I authorize&nbsp;any&nbsp;emergency&nbsp;first&nbsp;aid,&nbsp;medication,&nbsp;medical&nbsp;treatment&nbsp;or&nbsp;surgery&nbsp;deemed&nbsp;necessary&nbsp;by&nbsp;the&nbsp;attending&nbsp;medical&nbsp;personnel&nbsp;</p>\n<p class=\"ft01\">if&nbsp;I am&nbsp;not&nbsp;able&nbsp;to&nbsp;act&nbsp;on&nbsp;my&nbsp;own&nbsp;behalf.&nbsp;Additionally,&nbsp;I authorize&nbsp;medical&nbsp;treatment&nbsp;for&nbsp;me,&nbsp;at&nbsp;my&nbsp;cost,&nbsp;if&nbsp;the&nbsp;need&nbsp;arises;&nbsp;however,&nbsp;I acknowledge&nbsp;</p>\n<p class=\"ft01\">that&nbsp;the Released Parties shall&nbsp;have&nbsp;no&nbsp;duty,&nbsp;obligation&nbsp;or&nbsp;liability&nbsp;arising&nbsp;out&nbsp;of&nbsp;the&nbsp;provision&nbsp;of,&nbsp;or&nbsp;failure&nbsp;to&nbsp;provide,&nbsp;medical&nbsp;treatment.&nbsp;</p>\n<p class=\"ft01\">In&nbsp;consideration&nbsp;for&nbsp;permitting&nbsp;me&nbsp;to&nbsp;engage&nbsp;in&nbsp;or&nbsp;participate&nbsp;in&nbsp;the&nbsp;Activity,&nbsp;I agree&nbsp;for&nbsp;myself,&nbsp;my&nbsp;executors,&nbsp;administrators,&nbsp;heirs,&nbsp;successors,&nbsp;and&nbsp;</p>\n<p class=\"ft01\">assigns as&nbsp;follows:&nbsp;</p>\n<p class=\"ft01\">(A)&nbsp;</p>\n<p class=\"ft01\">I WAIVE,&nbsp;RELEASE,&nbsp;AND&nbsp;DISCHARGE&nbsp;the&nbsp;Host&nbsp;from&nbsp;any&nbsp;and&nbsp;all&nbsp;liability, including&nbsp;but&nbsp;not&nbsp;limited&nbsp;to, liability&nbsp;arising&nbsp;from&nbsp;the&nbsp;negligence&nbsp;of&nbsp;</p>\n<p class=\"ft01\">the Host, for&nbsp;my&nbsp;death, disability,&nbsp;personal&nbsp;injury,&nbsp;property&nbsp;damage,&nbsp;property&nbsp;theft,&nbsp;or&nbsp;any&nbsp;other&nbsp;damage&nbsp;or&nbsp;actions&nbsp;of&nbsp;any&nbsp;kind&nbsp;which&nbsp;may&nbsp;affect&nbsp;or&nbsp;</p>\n<p class=\"ft01\">impact&nbsp;me&nbsp;in&nbsp;any&nbsp;way&nbsp;arising&nbsp;from&nbsp;the&nbsp;Activity.&nbsp;</p>\n<p class=\"ft01\">(B)&nbsp;</p>\n<p class=\"ft01\">I&nbsp;INDEMNIFY,&nbsp;HOLD HARMLESS,&nbsp;AND PROMISE&nbsp;NOT&nbsp;TO SUE&nbsp;the Host&nbsp;from any&nbsp;and&nbsp;all&nbsp;liabilities&nbsp;or&nbsp;claims&nbsp;made&nbsp;as&nbsp;a result&nbsp;of&nbsp;my&nbsp;participation&nbsp;</p>\n<p class=\"ft01\">in&nbsp;the&nbsp;Activity,&nbsp;whether&nbsp;caused&nbsp;by&nbsp;the&nbsp;negligence&nbsp;of&nbsp;the Host&nbsp;or otherwise.&nbsp;</p>\n<p class=\"ft01\">This&nbsp;Accident&nbsp;Waiver&nbsp;and&nbsp;Release&nbsp;of&nbsp;Liability&nbsp;Form&nbsp;(&ldquo;Release&nbsp;Form&rdquo;) shall&nbsp;be&nbsp;construed&nbsp;in&nbsp;accordance&nbsp;with&nbsp;the&nbsp;laws</p>',NULL,NULL,1,1),
(25,NULL,NULL,'2020-06-28 03:24:25','2020-06-28 03:29:17',1,1,'2020-06-28 03:29:17',NULL,'','<p>wertykughffgjhwhj</p>',NULL,NULL,1,1);

/*Table structure for table `sign_logs` */

DROP TABLE IF EXISTS `sign_logs`;

CREATE TABLE `sign_logs` (
  `id` int(20) NOT NULL AUTO_INCREMENT,
  `order_id` int(20) DEFAULT NULL,
  `event_id` int(20) DEFAULT NULL,
  `ticket_id` int(20) DEFAULT NULL,
  `sign_id` int(20) DEFAULT NULL,
  `attendee_id` int(20) DEFAULT NULL,
  `created_at` datetime DEFAULT NULL,
  `updated_at` datetime DEFAULT NULL,
  `clear_checkin_at` datetime DEFAULT NULL,
  `period_check` float DEFAULT NULL,
  `account_id` int(20) DEFAULT NULL,
  `in_checkin_at` datetime DEFAULT NULL,
  `checkin_at` datetime DEFAULT NULL,
  `checkout_at` datetime DEFAULT NULL,
  `deleted_at` datetime DEFAULT NULL,
  `organiser_id` int(20) DEFAULT NULL,
  `sign_content` text COLLATE utf8_bin,
  `sign_content_parent` text COLLATE utf8_bin,
  PRIMARY KEY (`id`)
) ENGINE=InnoDB AUTO_INCREMENT=26 DEFAULT CHARSET=utf8 COLLATE=utf8_bin;

/*Data for the table `sign_logs` */

insert  into `sign_logs`(`id`,`order_id`,`event_id`,`ticket_id`,`sign_id`,`attendee_id`,`created_at`,`updated_at`,`clear_checkin_at`,`period_check`,`account_id`,`in_checkin_at`,`checkin_at`,`checkout_at`,`deleted_at`,`organiser_id`,`sign_content`,`sign_content_parent`) values 
(1,2,1,9,19,4,'2020-06-18 07:34:26','2020-06-18 07:34:26',NULL,NULL,NULL,NULL,NULL,'2020-06-18 07:34:26',NULL,1,'data:image/png;base64,iVBORw0KGgoAAAANSUhEUgAAAeEAAAB4CAYAAADFVEoxAAAOgklEQVR4Xu3deYwkZRnH8W/1DKAcEZAFQe7DFTxAcImcAcGAAgaNoihoDBINKODu1OxiYgJ/cOz0AAoqSgIaREUIQgSDGuRIgAWBRfBAEZAjyLHIIoRjj+ky73b3Tu8w7ExPd9fV307IAlP1Ps/7eWvmt9VTXRXhSwEFFFBAAQUyEYgyqWpRBRRQQAEFFMAQ9iBQQAEFFFAgIwFDOCN4yyqggAIKKGAIewwooIACCiiQkYAhnBG8ZRVQQAEFFDCEPQYUUEABBRTISMAQzgjesgoooIACChjCHgMKKKCAAgpkJGAIZwRvWQUUUEABBQxhjwEFFFBAAQUyEjCEM4K3rAIKKKCAAoawx4ACCiiggAIZCRjCGcFbVgEFFFBAAUPYY0ABBRRQQIGMBAzhjOAtq4ACCiiggCHsMaCAAgoooEBGAoZwRvCWVUABBRRQwBD2GFBAAQUUUCAjAUM4I3jLKqCAAgooYAh7DCiggAIKKJCRgCGcEbxlFVBAAQUUMIQ9BhRQQAEFFMhIwBDOCN6yCiiggAIKGMIeAwoooIACCmQkYAhnBG9ZBRRQQAEFDGGPAQUUUEABBTISMIQzgresAgoooIAChrDHgAIKKKCAAhkJGMIZwVtWAQUUUEABQ9hjQAEFFFBAgYwEDOGM4C2rgAIKKKCAIewxoIACCiigQEYChnBG8JZVQAEFFFDAEPYYUCAVgdEDobYFVB4bL1fbHiqvAc+/uYXKLFi5AVQeX/Nr4f/Xwvdtyz5jO0DtBTj91lSmYhEFFOiagCHcNUoH6o3AeUfWx513Q2/GT2PU6nEQXQ5JL7/fEhjbHxbcmcaMrKGAAt0R6OUPhe506Ch9LlBN6gBxQY/VkV9AdGxvFzFKGgG/FMaONIh7q+3oCnRToKA/2LpJ4Fj5FWgGMDWIB/Lb52SdnftxGLgY2C6lvl8ENgWWQnIiDF+TUl3LKKBABwKGcAd47tpLgQvXg2Vv1CtEz8HQu3pZrbtjj5wK0Xdbxrwe4k92t0ZztOrmQHirfg7QDOIaDGwIc1/vTU1HVUCBbgkYwt2SdJwuC1w4C5Y1Lj6KHoah2V0u0IPhRg8DzoHkQ+ODJ6fA8EU9KNYy5BpBHP7SsgyG3tbbmo6ugALdEDCEu6HoGD0QGNkJokcaA98D8d49KNLFIasHAbe0DLgcon1h6L4uFlnLUOfsDIP/qm8Q/QWGPphOXasooEAnAoZwJ3ru20OBkT0hagbYIoj37WGxDoc+9wgYvL7l6ucLIT61w0Hb3P38D8DYg42droS4xxeDtdmemyugwKQChrAHRk4FWs8s8/w74RDAA9cBg8BK4GMQZ/B53epXgMsaZ8KfgKEbc7qwtqWAAi0ChrCHQ04FFu4Klb+PNze4CXzrpXw1W90HojsaZ8DhoqhdIZ7kxhtpdF29H9gDopdgaJM0KlpDAQU6FzCEOzd0hJ4IjG4GyZKWob8P8Td7UmpGg47uBkl4+zd8dGo5sE12AXzeIVC7qT6N5GIYPmlGU3InBRRIXcAQTp3cgtMXqIZbOr59fPtkfxi+Y/r792rLhRtB9ChEsyB8hjmZA8OLe1Vt6nGrvwQ+X98u8q3oqcHcQoHcCBjCuVkKG3mzQPUo4Dfh9C6kC3ArxAdnLzXyV4je1+hjAcQLs+2pOgZUgDcgbvlLS7ZdWV0BBaYWMISnNnKLTAVGr4Dki5C8BtH6wJkQn5FdS9VfAcc0zjqvhqHGv2fVUfVE4JJG9c9BfFVWnVhXAQXaFzCE2zdzj1QFqjsA4fOvzdtW1mDlTnD6hKcLpdFU9aPAHxsB/AAM7ZFG1bXXqP4TeA9Ej8HQTtn3YwcKKNCOgCHcjpbbZiRQPR04G1Y/qOAKiI9Pv5nqMmBdYBnEObgj1cKjoXJt3SH5Ggw3z4jTp7GiAgrMSMAQnhGbO6UvsPoirfD7zwFIYhgeTa+P0fBRpMYNQwZ2gbnNu3ml18KbKlX/AYTbeT4N8dYZNmJpBRSYoYAhPEM4d0tbYOJtIcNZMfNg6ILedzJ6NCTNM87vwfBpva85VYWRiyH6en2ryjdg3g+m2sOvK6BA/gQM4fytiR29pcBoeDjCgparpcNF07dAcjbEjc/J9oJv9Vn4SojX6UWF6Y85cjhEZwPNh0T8F+LNpr+/WyqgQJ4EDOE8rYa9TENgjc8Oh88RhyumQxhfBFEV5j01jUHa2KQaHoTwQGOHHj6ScDotnbcN1J4c3zJcMT68wXT2dBsFFMingCGcz3Wxq7UKrD4jDls1P0Pc3ONnUPkRzLuzO4ijx0NyeX2s2pkwP8uPR4V7UzevEs/gIRHdEXUUBRQYFzCEPRoKKhB+R5zcCFHzKuX/Ae9omUy4h3N4CtNiiJZA7c8wfFv7k62eC8xv7HcsxFe2P0Y39hi9GZLGjUqi42Do590Y1TEUUCBbAUM4W3+rdyyw6ulBc4H3twxVa9xBasLo0cOQ3AbRvTD2Arx+A5wR7vu8ltfoVZB8tnEmvA/Mv6vjltseoBouumreD/qHEJ/c9hDuoIACuRQwhHO5LDbVvsCqMA6fkw2PFJzsNfFt6+Y2DwEPQfJI/YYXyQswfM34ANV7gb3q/51sCcPPtt/bTPeoHgrRCCTNi7Behrj1bH+mA7ufAgrkRMAQzslC2Ea3BC7YHsb2hGRPIPxz2ORnxeHBC6vutzzJK7oLaouARRCFhyM0fg8bp/T9Ei7ACp+DTlqfGrUc4vW6peQ4CiiQD4GUfqjkY7J20a8C4bGDHAi1AyH6NLC2MAtvT4e7Yk3yqpzUeLzivyd8cTvgVVh3MZzS+vjFNsFHD4Pkq8BnJuzoRVhtSrq5AkURMISLslL22UWBhbNhcDaMvRfYBaKdgQNarjxu1noF2KjNwisger4R1s9C9DjUnqj/SeOt7Ch81GgdiCJItoDKHKgdDNHEt5rDbTIPh/jWNntwcwUUKIiAIVyQhbLNNATO3xlW7AYD+0DtIIg+0kbVcDvN8Hvnt/qddBtD8ShwFsQ/aWcnt1VAgeIJGMLFWzM7Tk3gnJ1hMDzBKa3X68DJhm9a3NZRIHsBQzj7NbCDXAtUw9lt4/VWF2ZdsDGs2B4GtoKxzSGaBdGmwMaQbFz/k3fW/3+yDaz6tnuq/pZ19DdIbofKYph3f64pbE4BBbouYAh3ndQByyUwnRAu14ydjQIKpCdgCKdnbaVCChjChVw2m1agIAKGcEEWyjazEjCEs5K3rgL9IGAI98MqO8cOBAzhDvDcVQEFphAwhD1EFFirQGsIJ1+G4cYTlWRTQAEFOhcwhDs3dIRSC1TDx4aaT2q6GeJDSj1dJ6eAAqkKGMKpcluseAKj34bkLCDcjCPcQ3p3iB8s3jzsWAEF8ihgCOdxVewpRwILt4bKU+MNRT+FofDEJl8KKKBAxwKGcMeEDlB+gZGrIGo8UzjcmrJ2CMy/pfzzdoYKKNBrAUO418KOXwKB6hHADRAlkITvmaUwdiQsuLMEk3MKXRUId0+L1oPTnuvqsA5WWgFDuLRL68S6K7D6Aq0XgU0hehmSEyG+qrt1HK14AuHBH2Phgr1DgfDnJpDWs6eLp2XHawoYwh4RCkxLoLp5/WyYOZAshWiTxm6/Bi6D+LfTGsaNCibw43Xg5QMgWR8qz4w3X9sRKh9uHA8HT/ixejUMHVOwidpuRgKGcEbwli2iQGsQr35rujmRh6FyLUS3Qm3JhB/KW8LYKzB8WxFn3R89Vz8FbFZ/vnO0LbAtJOFZ0zu2N//kLhjep7193LqfBQzhfl595z4DgVVB/ETLZ4fDGK8AG009WHQX1BYBiyD5HcwP+/lKXWDV2e1+EO0Ftb0gOhB4dwdtvABJeEfkJhi7CU5f2sFY7tpnAoZwny240+2WQLhYK9xBa/VV01MN3PyccXO7pyG5DngSoidh4A+wYgUMbgm1reobJeGM7MU13wZtLVPbvv5flccnL97rr09WdaqaE/dZ2/bTHms7qG1Yd1zl8R9Y+QysOwArd4Xa7lAZbJzV7gfJ3lMt1jS+vhK4BLgW4pumsb2bKDCpgCHsgaFARwLhc8QDX4LkOxPOjtc26qvABh2VdeduC4RQvR2S+6ByH/AIrFgCg0sgDuvlS4GeCBjCPWF1UAVaBRbOhsq+wBcaV9DKk6lA9BjU7q6HbQjdscdgQeMsOtPGLN6HAoZwHy66U85SoBou2jmqEcZ7hfdOs+ym/LWT5RD9HmqLYSAE790wN3zMzJcCuRAwhHOxDDahgAIKKNCPAoZwP666c1ZAAQUUyIWAIZyLZbAJBRRQQIF+FDCE+3HVnbMCCiigQC4EDOFcLINNKKCAAgr0o4Ah3I+r7pwVUEABBXIhYAjnYhlsQgEFFFCgHwUM4X5cdeesgAIKKJALAUM4F8tgEwoooIAC/ShgCPfjqjtnBRRQQIFcCBjCuVgGm1BAAQUU6EcBQ7gfV905K6CAAgrkQsAQzsUy2IQCCiigQD8K5CqEL7300j8Bc/pxIZyzAgoooEAqAveccMIJe6dSaRpFDOFpILmJAgoooEBpBAzh0iylE1FAAQUUUKADgVydCXcwD3dVQAEFFFCgcAKGcOGWzIYVUEABBcoiYAiXZSWdhwIKKKBA4QQM4cItmQ0roIACCpRFwBAuy0o6DwUUUECBwgkYwoVbMhtWQAEFFCiLgCFclpV0HgoooIAChRMwhAu3ZDasgAIKKFAWAUO4LCvpPBRQQAEFCidgCBduyWxYAQUUUKAsAoZwWVbSeSiggAIKFE7AEC7cktmwAgoooEBZBAzhsqyk81BAAQUUKJyAIVy4JbNhBRRQQIGyCBjCZVlJ56GAAgooUDgBQ7hwS2bDCiiggAJlETCEy7KSzkMBBRRQoHAChnDhlsyGFVBAAQXKImAIl2UlnYcCCiigQOEEDOHCLZkNK6CAAgqURcAQLstKOg8FFFBAgcIJGMKFWzIbVkABBRQoi8D/ASERJJekrRx0AAAAAElFTkSuQmCC','data:image/png;base64,iVBORw0KGgoAAAANSUhEUgAAAeEAAAB4CAYAAADFVEoxAAANjklEQVR4Xu3df4wcZR3H8ffsVUEKESFADKCIKAL/gCgYgkVUogbQAII/koKKIhI0eL3ZEo3CPyLX2UIkooISjGlEFMGIKBiBCpJI0RoSkB9C/AUaUUEUSoB2x8ztXLs97o6b6+w+MzvvSQjN3ezzfJ/X89APs/Mrwk0BBRRQQAEFgghEQXq1UwUUUEABBRTAEHYRKKCAAgooEEjAEA4Eb7cKKKCAAgoYwq4BBRRQQAEFAgkYwoHg7VYBBRRQQAFD2DWggAIKKKBAIAFDOBC83SqggAIKKGAIuwYUUEABBRQIJGAIB4K3WwUUUEABBQxh14ACCiiggAKBBAzhQPB2q4ACCiiggCHsGlBAAQUUUCCQgCEcCN5uFVBAAQUUMIRdAwoooIACCgQSMIQDwdutAgoooIAChrBrQAEFFFBAgUAChnAgeLtVQAEFFFDAEHYNKKCAAgooEEjAEA4Eb7cKKKCAAgoYwq4BBRRQQAEFAgkYwoHg7VYBBRRQQAFD2DWggAIKKKBAIAFDOBC83SrQbIHkBEiXQPsHzXZw9E0XMISbvgIcvwJDF0iWAk/1uo39O2jo/nZYJQH/A6jSbFiLAo0QSNItwxw7HMbXNWLYDlKBWQQMYZeFAgoMWaA/hNMY2p0hF2B3ClRGwBCuzFRYiAJNEVj1XYg+1BttejO039mUkTtOBWYKGMKuCQUUGLJA50xIv5532oWxHWH8mSEXYXcKVELAEK7ENFiEAk0S6BwI6b35kfAGaGcXarkp0EgBQ7iR0+6gFQgpcMlu8OxjvQqib8PER0NWY98KhBQwhEPq27cCjRRI3gbcmh8Jnw3tS+dn6BwDURdW3NxILgc90gKG8EhPr4NToIoCnbMgnQ7et0B855Yqs4d4sB/wcuCNwKHA7vnvHwR+CfwBontg4mdVHJ01KVBEwBAuouW+CihQgkByO3Ak8DDEWeDm22U7wH+fnqODLtDa+nfdA2HlfSUUZBMKBBMwhIPR27ECTRToHArpb3ojT1dDe6LvKLjvIR7z2UQppNnfXTdB/O4mKjrm0REwhEdnLh2JAjUQWHUlRB/JCz0O4htmCeHsa+b1EK2HsfWwaQdgGXSXQfR+4CX5Yy93hPQCaH++BgO3RAVmFTCEXRgKBBfovAe6e0D0pxeWkr4Kxh6H9O+zl9naDTYuhVbfZ7v7wpI/V/NxkJuflvUfiF9RnL7/SHr609E5MPGV4m35CQXCCxjC4efAChorsHpv6I4D5wyI4AHgNuCvwD0QXzegfhbYbPIN4JP5zkdDvHaBH5yxW+cMSC/r+2H2NfZOEM91Pnlx3fgpBYYgYAgPAdkuFNhaoLMM0o8DywcoM8uFTOwYLqiS10D0cH4u91qIT9q2sXcug/SMLW34Ioht8/TToQQM4VDy9ttAgakj3zZw9ozBZ4H5W2A7SLOvpfcYAM6TEO88gHYX2GRnPaSHQLoBtt8FPvPsAj84z27Jc/n54ewiL18Ese2gthBAwBAOgG6XTRNI3g6cCpw2Y+QPA1+C+MpyRbLHQm6+kCl/UULI9/ZOroBW/qakMsOy/0UQ3ALxO8p1tDUFBi9gCA/e2B4aLTC5P7Tun0GQHcGdWX74VhE6yR608SiwBHge4peWV+VWL4IAlu4CZz1RXvu2pMDgBQzhwRvbQ6MFkk19D5kY0JFvlYGT7KKzi3sVRuMwkf+5jJr7XwTBYxAP4mv8Mgq1DQXmFDCEXRwKDEwgWQ8ckp2w7F0BHV8ysK4q23Dnj5Du0ytv085w7pPllZp8Ari8117rWFjx0/LatiUFhiNgCA/H2V4aJ9D5HqQfyIf9aYi/2jgCVh8H3et7406/Be0sNEvckn/kz5W+D+LsPLibArUTMIRrN2UWXH2BzpGQZs9Hzr6CvR4m3lv9mgdRYZK99Si7KC1zeBNMZFeAl7BNvYXpfOCoXmMeBZeAahOBBAzhQPB2O8oCyfODuRCpTmYXvxI2/q1XcfY/JO1li6/+gl1hu4MhPRi674PorX1tPQHxLotv208qEFbAEA7rb+8jJ9B/sVB0OUxMPyFq5EY6/4BWTUKU3ROdHal+EFZcvfX+nRMhze4V7nvK1dgjMP4QrDoZor2BNwAH5/9kz4ueuT0F8U4Ng3W4IyZgCI/YhDqc0AJb3TazHOI1oSsK0/9s3wasPgLS44HjIT2oQF3ZhW3Tf1f9C1gDrathxa8LtOGuClRSwBCu5LRYVH0FkuyI75Re/ZteDef+pb5jWWzlnWMg/Xn+6YuAayD6LKQnL7LFRyC6o/cc7Oeuhs/9e5Ht+DEFKidgCFduSiyo3gJJ9hVr/kCKkE+pGpTi5AG9llfeN3cPSQJMvyf4WuDEgtVkDzO5HtLswq47oZ3d6uWmwEgKGMIjOa0OKpzA5lf1AaMWwhceAWM/6dmO7Qnjz8zunDwEvBaiTZCO9e1zO3Rvgdbaxb9BKdzM2rMCgxAwhAehapsNFhjVEL7wWBj7Ue+q7+gqmPjwHAF8ODDzXO2N0D0PVq5r8MJw6ArMKmAIuzAUKFVgFEM4ya7wvjQ7/AUeh3jXeb6KjoFV+e/vhrQN7enzw6VK25gCoyBgCI/CLDqGCgn0h3B6NrSz8KrxlpwAZOd1s+1x4ACIH5snhH/cu/o526KDYOL3NR68pSswcAFDeODEdtAsgf4QngqiWyG9AOJf1M8h+wp6SXaBVATpc717d+cL4GyEycb8iHkEz4nXbwatuPoChnD158gKayWw6mmIdshL3gBM//mHwJUQ31CP4fSfAyYL1j1fPICnQji7pzffRu3CtHrMnFXWS8AQrtd8WW0tBDpfhvTc/CvZtHckuXl7EKIbes+UXnFrNYcz8xzwi30F3T8KQ7iac2pVVRUwhKs6M9ZVc4GplwzcCGzXN5D/AX2PWaziwzyKngOeOU2GcM0XruUPWcAQHjK43TVNIDkW0tMg6ntaVDR9dLwG4uXVEVnMOWBDuDrzZyV1FDCE6zhr1lxDgcm9YOxUSL+YHx1vyi9gOgPib4Yf0GLPAc8Zwk9CvHP4cVmBAtUWMISrPT9WN3ICU19T958Lzi5k+hWkD0D6aG+40UZo3QMT2cMxhrCtPhm6V225D7jIOeD+8vrHll4M7fEhFG8XCtRawBCu9fRZfD0F+i/cSjdCtGSOcXwf+M7grqieCs2PAdNfiS/gPuD5xCfPh9Z5vT26J8HK6fuL6zlNVq3AEAQM4SEg24UCLxRIsvfoTt++NOPXm88ZT//8QWhdB9Fa6P6zb+fdoZXO+Fn26zl+3t0Xouwdva8HDsv/Pd1c9tKEBdwHPN9cJr/rvfs3u6e4tSdMZK8ddFNAgXkEDGGXhwJBBC56GWx6HWTB2NoH0iwg9wPeBbT6SppxRfVAis362G9h9wHP1f/k/tC6P//tbRAfNZBKbVSBERMwhEdsQh3OKAjMdkX1IMYVrYPuRdDO3oG8jduqT0H0tV4jaQztzjY26McVaISAIdyIaXaQ9RTYfEX1F4DtSxhDdkX2TdC9C1p3Q3xdCW3mTSTXACflIXwktO8or21bUmB0BQzh0Z1bR6bAEAWSbnZZN6QboL10iB3blQK1FjCEaz19Fq9AFQQ6B0J6b6+S6HKYyF596KaAAgsQMIQXgOQuCigwn0DnTEi/nu+xHOI1eimgwMIEDOGFObmXAgrMKZBkF3ad0vt1FZ+H7dQpUF0BQ7i6c2NlCtREIHmk96pD1kJ8dE2KtkwFKiFgCFdiGixCgToLTIUwEO9V51FYuwIhBAzhEOr2qYACCiigQO+WAjcFFFBAAQUUCCFgCIdQt08FFFBAAQU8EnYNKKCAAgooEE7AI+Fw9vasgAIKKNBwAUO44QvA4SuggAIKhBMwhMPZ27MCCiigQMMFDOGGLwCHr4ACCigQTsAQDmdvzwoooIACDRcwhBu+ABy+AgoooEA4AUM4nL09K6CAAgo0XMAQbvgCcPgKKKCAAuEEDOFw9vasgAIKKNBwAUO44QvA4SuggAIKhBMwhMPZ27MCCiigQMMFDOGGLwCHr4ACCigQTsAQDmdvzwoooIACDRcwhBu+ABy+AgoooEA4AUM4nL09K6CAAgo0XMAQbvgCcPgKKKCAAuEEDOFw9vasgAIKKNBwAUO44QvA4SuggAIKhBOoVAhfccUV64A3h+OwZwUUUECBERe46/TTTz+sKmM0hKsyE9ahgAIKKDAMAUN4GMr2oYACCiigQNUFKnUkXHUs61NAAQUUUKBMAUO4TE3bUkABBRRQoICAIVwAy10VUEABBRQoU8AQLlPTthRQQAEFFCggYAgXwHJXBRRQQAEFyhQwhMvUtC0FFFBAAQUKCBjCBbDcVQEFFFBAgTIFDOEyNW1LAQUUUECBAgKGcAEsd1VAAQUUUKBMAUO4TE3bUkABBRRQoICAIVwAy10VUEABBRQoU8AQLlPTthRQQAEFFCggYAgXwHJXBRRQQAEFyhQwhMvUtC0FFFBAAQUKCBjCBbDcVQEFFFBAgTIFDOEyNW1LAQUUUECBAgKGcAEsd1VAAQUUUKBMAUO4TE3bUkABBRRQoICAIVwAy10VUEABBRQoU8AQLlPTthRQQAEFFCggYAgXwHJXBRRQQAEFyhQwhMvUtC0FFFBAAQUKCPwf0w4Nl3wq0xoAAAAASUVORK5CYII='),
(2,52,1,39,19,74,'2020-06-18 07:42:21','2020-06-18 07:42:21',NULL,NULL,NULL,NULL,'2020-06-18 07:42:21',NULL,NULL,1,'data:image/png;base64,iVBORw0KGgoAAAANSUhEUgAAAeEAAAB4CAYAAADFVEoxAAAOzklEQVR4Xu3deYwkZR2H8admFnQFFUyQSKLickTUBMICRoIbAkTBBaIoEPAWDSpqXJjqXfBgIciyWz1uOIy6AolyBIjIsZ54cYgGQRKMR7wiURQEwiGwcux0mXe7hmnYWWZquqarquvpv8hM1fv+3s/77nyp7q63InwpoIACCiigQCkCUSm92qkCCiiggAIKYAi7CBRQQAEFFChJwBAuCd5uFVBAAQUUMIRdAwoooIACCpQkYAiXBG+3CiiggAIKGMKuAQUUUEABBUoSMIRLgrdbBRRQQAEFDGHXgAIKKKCAAiUJGMIlwdutAgoooIAChrBrQAEFFFBAgZIEDOGS4O1WAQUUUEABQ9g1oIACCiigQEkChnBJ8HargAIKKKCAIewaUEABBRRQoCQBQ7gkeLtVQAEFFFDAEHYNKKCAAgooUJKAIVwSvN0qoIACCihgCLsGFFBAAQUUKEnAEC4J3m4VUEABBRQwhF0DCiiggAIKlCRgCJcEb7cKKKCAAgoYwq4BBRRQQAEFShIwhEuCt1sFFFBAAQUMYdeAAgoooIACJQkYwiXB260CCiiggAKGsGtAAQUUUECBkgQM4ZLg7VYBBRRQQAFD2DWggAIKKKBASQKGcEnwdquAAgoooIAh7BpQQAEFChNoH9ZtauwHhTVpQ0MtYAgP9fQ6OAUUGKxAknb7i/3bOlj42vbmQqnt1Fm4AgpUS2AygA3has1LtasxhKs9P1angAK1ETCEazNVFSrUEK7QZFiKAgrUWcAQrvPslVW7IVyWvP0qoMCQCRjCQzahAxmOITwQZjtRQIHhFzCEh3+Oix+hIVy8qS0qkFNgzdEwsj2Mrct5oodXSqA3hJ/YBlZuqFR5FlNJAUO4ktNiUcMv0D4AOgdAdACwtDteb2up97x7JVzv+SunekO4HHd7baRACN70SIjeAekbn0fwIMQ7NJJlaAZtCA/NVA5wIIbwALHtqskC5+wPo7cAI9MreBVc/9VhCNd/Dgc/AkN48Ob22DiBc5bC6Hpg8t/bE8CNkN4M6XWw/E+NIxnKARvCQzmt8zwoQ3iegW2+6QKbAvhaYAHwDHASRNfA2INNlxm+8RvCwzen8z8iQ3j+je2hsQLnHA+j38wC+CFgD4jvbyzH0A/cEB76KZ6HARrC84BqkwpA8gXgzEzCAG7EkjCEGzHNBQ/SEC4Y1OaaLrBqEYyug+jgTOJ/wM5eATdhXRjCTZjlosdoCBctansNFmgvg/R04OUZQvgC1iIDuClLwhBuykwXOU5DuEhN22qowHkvg6d+Auw7BZBeBq33NRSkocM2hBs68X0N2xDui8+TFRg/FjqX99z/eydwCsQ3atM0gedsW7kVrNzYNAHHm1/AEM5v5hkKZAJrLoDopJ6r39OhNfllLJUaJ9AbwtEO3obWuAUwpwEbwnNi8yQF2tdA+s7M4VFIl0LrVl2aLJCEb8Fv3xUY3Q1O/muTNRz77AQM4dk5eZQCPQLt3/Xs/XwrxOEhDL4aL7DmbxAt6jJ09oXldzSeRIAZBQzhGYk8YP4FVh0ECxZCdN9z+wp/0NJ7YewX81/DbHto/x3SnbOjL4f4vbM90+OGXSAJobs4G+X+EP9q2Efs+PoXMIT7N7SFvgS+vBAmwq08L7QWL4foJuCfwDQ7TnWyUBy5e8ulzOaY3rOnOz69HtgpO2o9RGdkVz2z6L8fpJlq7+f36R6Q/g9aV/dToecGgSR8HLF/12LjbnCqb0e7MGYUMIRnJPKA+RVIngK2nt8+bH1mAR9CP7PRTEckIXR36R41sR2seHSmM/y9Aoawa6BkAUO45AkI3T8CcfaFogpUU9sSkonsVrUNEG9T22FY+EAFDOGBctvZ9ALtNwBLoLMEond7ZTzodeKzjPsXX7MLRJNvP6+H+Mj+27SFJggYwk2Y5dqPMfkw8BVgYTaUR4Dtsv++AbgA4vC83gJe7cWQtoBjehoLtyAthtbfCujAJoZSIHkX8J3u0DpnwPKVQzlMB1W4gCFcOKkNzo/A2lfB0yfCyMd6vhz1ALBDt7/o5zBxEiz/49z6D1fj6ThwaM/5GyBaDWNuwDE31AadtXoljIR9w8M70kfAKd9t0OAdah8ChnAfeJ5ahsC0YfzvLJgnYGIJrPhlvsrWfAhGLoR0dOq89MruwxiW/ylfWx7dTIHk+8Bh3bEv2AmW3dtMB0edV8AQzivm8RUReDaMT80+Qw5figkh+jBMHD67IF65LWx7MaRH94TvjyE6F+LvVWSgllELgSR8RBKennU/xDvWomSLrISAIVyJabCIuQskbwZ+mH1GHLYNfMXsgnh8f5i4DKLJjTfcenLuk9DwM7+8K0z8JUO4GuL3NBzE4ecQMIRzYHloVQWSVwLhM7jwKMHJIP4vpB+ZfhOK5GwgfPlq8u3nKyA+rqqjs66qCyQnABdmVX4U4ouqXrH1VUfAEK7OXFhJXwK9QZw+DNHkfa9hh63fAHdCuh2MHDi173P0OPBJGLukr649ueEC7SsgPbaLEO0DY2G9+VJgVgKG8KyYPKgeAr1BHKWQpj3P+X3+EP4AHAfxb+sxNqusrkDSybZdfQLibatbp5VVUcAQruKsWFMfApuC+B5gq1k0sh5G1nk7ySykPGQLAptubft9dhW8DsZOlEqBPAKGcB4tj62RQPsMSJcBL9286DTc/7tgameu6BLY+hz4TLg69qVADoH2xyH9anbC+yG+NMfJHqrACz65Rh4FaigwfiR0wuYae/YUH765eiZEL4E0bPaxT/a7x4CXZF/Q2gidL8HWX/cezxpOe2klJ98Gwlar4aENr4UV/yitFDuupYBXwrWcNoveXOC8l8GT50P0gZ7fPQzp2bDhPFj59NTP1xwL0fuBpd2fbfr8ePLfwj2Qnrv5OZorMJ1AEtZV+OjjaYhfpJECeQUM4bxiHl9BgfHDIb22Z8erxyA6H0YveOGr2iR8fnfe1NvS6X8gmtxo4U6YuAlG74SoZyvMziLgPmjdUkEISxqowOo9YCT7CCP6KYwdMtDu7WwoBAzhoZjGJg8iWQt8NhPoQLoWthqf/VvK026DGd5SfM2WVcOVc+fT0AoPlfDVWIHVR8HI1dm7KefC2OQ6bKyIA88vYAjnN/OMyggkYaest2flhG0DD4X4trmVN20YT9NU71vX4aERrISxm+fWp2fVW6B9GqRfykL4EzD2tXqPx+rLEDCEy1C3zwIEkvCQhrdkDd0F8V4FNAo8G8anzXCb04bsS12h2z8DNwHhUYe3QXxjMbXYSrUFkrDJy/uyGg+G+GfVrtfqqihgCFdxVqxpBoEkfNt51+5B4R7N1psGR9ZeBemK7OpnSxuC9OzSFd0NPAj8c/MaR+6Dk/81uNrtqViB5A5gcbYOd4fW5P7RxXZja0MtYAgP9fQO4+CS8GjB3bORXQVxtl3gIMeaHAjcsIUr5bB70sjsqkkfgFbYXMRXLQWe3SnrcYinuR+9loOy6AELGMIDBre7fgR6r4Cj02Es3A9c4ivslsQS6CyBKPzPwCzDd1PJTwDXQBxulfJVOwF3yqrdlFW0YEO4ohNjWb0Ca/eCjT/NHlMYfvF5iLMvxFRJau3OMLE3pHsDe0N0CKRb2j7zdoj3q1L11pJHwJ2y8mh57JYFDGFXR8UFNt3LG24Fyh47GH0OxsKjCH0pUKJAciVwTLeAzuthefiYxJcCuQUM4dxknjAYgXZ4m/csiN7a7S99EqLjIb5mMP3biwIvJJBMZB8/PAnxQq0UmKuAITxXOc+bJ4HxV0MnfPv4kz0dPATpftAKtwD5UqBkgfCxw8a/Z0VcDfF7Si7I7mssYAjXePKGr/TxY6FzPrDD1NjCDlitk4dvrI6ovgLtoyCd3CnLj0fqO5GVqNwQrsQ0NL2ITd80PRfo2Xs3uguiL8Ip1zddx/FXTSA5C/hct6r0MGiFndt8KTAnAUN4TmyeVJxA8ikgBPDk7T0PQXQmjIWf+VKgggLJj4C3ZYXtCHHYnMWXAnMSMITnxOZJ/QusWgSj6yA6uKetb3SfBbz8nv7btwUF5kug/fTUrWexf0Pni7kh7bqAGjLR1Rpm+wxIw+e822Z1PQrpUmjdWq06rUaB6QSSdOqnhrBrpD8BQ7g/P8/OJTC+O6RXQbrn1Gnpt6D1wVzNeLACpQoYwqXyD1nnhvCQTWh1h9NeAemqnvC9G9JlsPza6tZsZQp4JewamF8BQ3h+fW2d5Ijsi1evm8KIzoeFp8FJjwukQP0EvBKu35xVt2JDuLpzU/PKxg+GTngm70E9V7/hGbxv87Pfmk9t48t/NoQv9QEcjV8MfQMYwn0T2sDmAsmHgYt7fh4e7xceutDzdrRuCtRVIPl1t3IfwFHXGaxS3YZwlWZjKGpZczlEx/UM5TpgGcST2/wNxSgdhAIKKFCEgCFchKJtAKv3gJEQuLtlHM8A74Z4vTwKKKCAAtMLGMKujAIEVr4YtnkMWJA1th7iIwto2CYUUECBoRYwhId6egc1uOQOYHG3t/Qz0AoPYfClgAIKKDCDgCHsEilAYFMIA9GJMPabAhq0CQUUUKARApUK4Ysuuih863DfRsg7SAUUUECBMgRuP+GEE/Yro+Pp+jSEqzIT1qGAAgooMAgBQ3gQyvahgAIKKKBA1QUqdSVcdSzrU0ABBRRQoEgBQ7hITdtSQAEFFFAgh4AhnAPLQxVQQAEFFChSwBAuUtO2FFBAAQUUyCFgCOfA8lAFFFBAAQWKFDCEi9S0LQUUUEABBXIIGMI5sDxUAQUUUECBIgUM4SI1bUsBBRRQQIEcAoZwDiwPVUABBRRQoEgBQ7hITdtSQAEFFFAgh4AhnAPLQxVQQAEFFChSwBAuUtO2FFBAAQUUyCFgCOfA8lAFFFBAAQWKFDCEi9S0LQUUUEABBXIIGMI5sDxUAQUUUECBIgUM4SI1bUsBBRRQQIEcAoZwDiwPVUABBRRQoEgBQ7hITdtSQAEFFFAgh4AhnAPLQxVQQAEFFChSwBAuUtO2FFBAAQUUyCFgCOfA8lAFFFBAAQWKFDCEi9S0LQUUUEABBXII/B8mZ2CXdnAkBwAAAABJRU5ErkJggg==','data:image/png;base64,iVBORw0KGgoAAAANSUhEUgAAAeEAAAB4CAYAAADFVEoxAAARpElEQVR4Xu3dC4xldX3A8e+5O8uWdeW1uPJQnrZN8YGEoMEqSIqWKrZpBZsmmrRFjUREdnfu7EJSu8a2K3Nn2chDa+NGK9Qm0EeCWostiNTYUoEKtiWrwFpAWURBebM7c0/zm3tn587sPM4Md+bc87/ffzLZze45/8fnf+b+7vmf//n/M0wKKKCAAgooUIpAVkqpFqqAAgoooIACGIS9CBRQQAEFFChJwCBcErzFKqCAAgooYBD2GlBAAQUUUKAkAYNwSfAWq4ACCiiggEHYa0ABBRRQQIGSBAzCJcFbrAIKKKCAAgZhrwEFFFBAAQVKEjAIlwRvsQoooIACChiEvQYUUEABBRQoScAgXBK8xSqggAIKKGAQ9hpQQAEFFFCgJAGDcEnwFquAAgoooIBB2GtAAQUUUECBkgQMwiXBW6wCCiiggAIGYa8BBRRQQAEFShIwCJcEb7EKKKCAAgoYhL0GFFBAAQUUKEnAIFwSvMUqoIACCihgEPYaUEABBRRQoCQBg3BJ8BargAIKKKCAQdhrQAEFFFBAgZIEDMIlwVusAgoooIACBmGvAQUUUEABBUoSMAiXBG+xCiiggAIKGIS9BhRQQAEFFChJwCBcErzFKqCAAgooYBD2GlBAAQUUUKAkAYNwSfAWq4ACCiiggEHYa0ABBRRQQIGSBAzCJcFbrAIKKKCAAgZhrwEFFFBAAQVKEjAIlwRvsQoooIACChiEvQYUUEABBRQoScAgXBK8xSqggAIKKGAQ9hpQQAEFFFCgJAGDcEnwFquAAgooEAIjvwX5WsjunfSoHQP5z2HjN1I3Mgin3sO2r4sCjbdCfhzwzzC0u4sZm5UCfSzQyGdpfBM4Euo/SRnHIJxy79q2LgtM+bB4Hvgh8F3gdmj+HWx6uMsFmp0CiQvMFoCzHPKIT9dB/X0pIxiEU+5d29ZFgX0fFvHtfAxYOS3zvcDboX5rFws1KwUSF5j1LjjaHb9nK4DNUL88VQiDcKo9a7u6LDDXh0XehKzWKnDgRFj/QJcLNzsF+kggHvvQ+Sy4CaMnwqUx8pRcMggn16U2aOkEPrgSjj0MBg6DLH5OA7YABwNxJxx3xz+GsZNg8y+Wrh7mrEDqAiNbId8MxPPipIelDcKpX8u2bxkEGvGtPb69PwkcBPw91M9bhoItQoGEBRrPAgdODkvnF8PQVak12CCcWo/anhIEtr0J8psgX9NReNLPsUpAtsi+E5hpWDq+5NafSYnCIJxSb9qWEgVGPgT5ZzoqMAocnfrrFSWCW3RfCOwblm63tp5czEquQX1xXdrIHhUY+TzkfwjEDOqYqJX86xU92hFWKymBzkmRBuGkutbGKNB9gcYTwCEdr1d8DOqf6H455qhAvwgYhPulp22nAl0Q2O85VuS5JrXnWF2AMgsFCgoYhAtCeZgCCrQE9nu94laon5W2Tn+v/5t235bdOoNw2T1g+QpUUKDx8/b7wz8DYnH6G2DwPRVsSMEq9/f6vwWRPGxRAgbhRbF5kgL9LTByEuQ3A0dMOmTbYXBDei6u/5ten/ZSiwzCvdQb1kWBCgk0LgA+N7XCeR2GRirUiAJVLbL+b4rtLkDjIV0QMAh3AdEsFOhXgX2vLU0APA8rj4NLHk1bZPoEtdgVh40wuD3tdtu67gsYhLtvao4K9JVA46bWDkvZGOSxK8wOqL8/fYL9JqjFMsC3AMMwGCYmBQoIGIQLIHmIAgrMLdB4EHglEBO2DoHsnP4IRPvW/w2eWAt4ddvpLLd99HemmIBBuJiTRylQSGD7ITB6JuSHQm0MmodDHrsQdaQVo5A/DdnTrT8n/j5TAfkxwONQe6RQ8fMe1DyudUity9um5ecAfwa8AKwCvgu1CyGP3ZcKpG7UazF5LPScGY+/qL2SWLSzvStO9iTkl0B2D7AOajk0H5sKUdsNG35UAMdDkhYwCCfdvTau2wJbBmDNqyA/EYif4yE7DvIIbvETq0mZFCggkD8GQ+sKHOghSQsYhJPuXhu3GIEth8DqE6B2QkewnQi6xy4mR89RYJpA7JTzj1B/nzL9LmAQ7vcroE/bf/lLoXZqK9COnQjZCe072/hz7YtEiQ0OYpjxp8AviuWVHdoawiZ+XlrsHI+qsMB3oP6GCtf/RVT9irdA8+XAro5MjofaY7Dhmy8i44qeahCuaMdZ7WICMXy86hgYOAayU6F5KmRvAl7MHW0E2fvbP7sgf6D9gbILxnbBpbHJQR+nRmxMflHHbkvAyiPSf21possbMcR8L3BY+1/+b/J6i5XF8u1Q//f+vECGPwy1qyCfaYe7HMbeDJu/3V82BuH+6u9kWzt8PmRHAzERKu5m41ltTGo6apFNjuHCiUB7X8ff74d65zf4RWaf8mlXroIXYjnLlwDxhSTu7iP12Yzh4fdDNgT8crv9j08G5vyLkH0a6renfCVMtq3xOsivg+y1M7c33rMeD8xPwNi5/RWIpywGk9xmKO4nnMxv+Mh5reHabC3kMZS1DvKXQXY88KpFNjM+FO+H7D5otgNu7T5YcT+s79Js5EXWrPKnbT0FBr7S/hL0PPBL/RmI//zlcEAE4onlPPdAtrLjTnAncBtkd8DYbth0Y+W7fkoDht8OtfMhL/LeePtLyvjM8g9A/fq0LGZqzfCXIPuD9v/sgnrcQCSVDMKV7c745Y3h4+xkyN8MxF3uYlK8MnMP5N+H/D6o/WkrkxVrYUP80puWTGD4CMhiqP5AYBQYaBWVvRoG/3fJil1QxluPg0u7/LrWTBW4/CyoRTCOV7nCIO784nWm2rSjYwTmbsjvgWwnNPdA/hCsuqP1xXDkcBiLDTMObwXzSAt9jW2+17Lm/P94jFOD7HZ46lHYsmey/tHfMdpROxaacdyvz3DneyXUPzq1zePD9/GF7TTIn4CYHzGerobaMGx8aEFdWomDx3fl+ivgFe3q7oF6vNqXXDIIV6JLtxwAq98NtYNh7AioxW48v7bAqsdz2ruB+ODaCSvugeb3YOgHC8zHw7suMLwbshi9eGpy0lm95N/NbSdDc0drZGUwRlOWKcUz0exT8S1whgLjGp4elJepXkteTHwZPmf2BUw6A/HEu9b76nQt1D4NG/9jyWvZ9QIavwO8tbWSXBYjdvGFNPr4jI6ivgz13+560T2SYcm/6D2i0DPViOe2tWMgH2tNVBl/v/ZXCwbc+ID6PvADaN4FA3dA8+lW0wYehPVxx2XqWYHGN1ofRvsWsyhx68Ntvw/NL7SGyMvagjF2oYoP4uYZkP1ee4GTnu29RVYsfs9jeP3LcOCNcFHME5gjjQfiGJWIQBUp3izoXOgmfv+/Cfn3oBZ3xzPcIffKAijbzoXmB4F3zd3m/GIYiomMySaDcE917Zy70Uyv6S7Ibob8b2DsAdgcyyKaKi3QiC9NMVlrIn0I6p9d3iaNxHu5OyCPodyfQf3w5S1/ttJGYub+ayGLLSJf3RrSHf+C2h7C741aFqjFKGTXQf4tyG+FoZhrscDU+KP2M/TXtE6cdeh+hnzLXgAlgu/YxZC9bZ7g+yzUzoDBOxeIU7nDDcI902XzBuBY3vAayO6C/G6ox3J/pqQExp/zd2xskD8IY2cuzzPZgBzfevEv24HtSchO751n01Xs6E8eDKvWwp7DobkXVjwCQ7u715LxYBxf0trPvufNucQFUD71Ghj9GDTPn1bLGMG7DYg5EDGKF3f698KmmJDXF8kg3DPdPBGEs5gg9SBk8QH8EAzcBaM7++mi7JkuKaUijb8ALoX8WchWQ/YFGIwP2yVOwxdCdnX7eZwBeIm1u5v9lKH7dwMHzJJ/CQugbD8S9m6EbP205/nXt6/tr3XXonq5GYSr12fWOGmBa9bAc7dBfkpHMy+D+tala/bwx6H2J+3XggzASwfdRzmPTyaNYefLOt6Dj/b/GzQ/Dptu7iOMOZtqEPZKUKDnBBrvBa6dWq2lmi09vB6yK9plGYB77lqoWoVitnPzd1vPc2NBoH0pHqd9ZPnnOMzlFyMI2ShsjAltpSWDcGn0FqzAnB8Q10Mez88mXsu5D+oTK0t1iW74Wsgi4EeKRTJO8Rlwl2j7KpuYNMepkJ87w2znx6F5FRzw2d5a4Cdmmuf/DdlB8MwhsCUWzCklGYRLYbdQBYoINB5uL8IysZzj16D+jiJnzn9MI9YfPr193F7IXm8Anl/NI0Ig7nYj4NaOh/w3ZjH5KTSv6b3gO1HbRrwOdhhkN8JgvKtcWjIIl0ZvwQrMJxCTWkb/CXg9EIs5rIL8Khi6eL4zZ///T/4mDFwN+cRSpjHb/p3dnbW7+Np5Zq8KjO+qFosExchJvM8+W4oVwi6Fgb/trTvfzuoO3wLZWa138lf8CmyIte9LSwbh0ugtWIEiAsOxtGEE4oMmj84uhMF4lWiBqfFGoGNVpfwaGIrdnEwKzCAQiwfFGvSxOl828feZpGKy1S1Qu3X2Fb96AbjxTsg3QfaWdm1ig5APl10zg3DZPWD5CswrEAtoxK5CnSl/DwzdMO+p+w5oxMIOsWxpe9nH7AMw+Lni53tkugLDMbT8RsjXtFfpi00SYv7BxMpc05veseBI81vFX59snA0rBqD52NQMYy3ugWf2//fxo9ZBczXUOtcvXwe1fNrxM/1b+/z8zNb8ivE90SfSk1DvXG2stO41CJdGb8EKLETg8i2Tm2vsO++jUL+yWC4T76HnMVz4Lhj6erHzPCpdgW2vhGbsXnVJgTbe2VpIZuyW4q8XxRB2FhtynA5ZbDJzWoFyluGQ7AUYnNi1bBnKm7sIg3DpXWAFFCgqMBLLSf4x8FzrLiWWK2x+BIaumTuHxrPtu5rHob62aGkel6rA8JlQe2+B7RPbq/TVvgIb2+/1XnEgjJ0NYy+BFe3Vv5rPQ/ZDyJ5qT9h6BTTj9aTz2huT9AhkfgNkfw31r/ZIhcarYRDupd6wLgrMK9D4F+DsyY0exk/4OmSfmXnB/uZNrZ2QIi3Vu8bzVtoDekZgPIjGl7LOFFtGxqOKH7V28sofgfy/INsDtddBfjJksbHMUUDVvsTFF4RPwNgXYVO8bdBzySDcc11ihRSYS+CKo2EsFhdY3T4qPlAn/j7Hic+smrq3rcr9KbDfJiFLzfCvwJeg+e3iz46Xukq9lb9BuLf6w9ooUFBgZCvkmwscvBf2HgmXzbNNXoGcPCQBgUZs4lDgS9uimxqLy9wJ+T+0RmiG7lp0Tn1yokG4TzraZqYo0IjN0L/a2uhhxvQcjJ60fLswpWicYptit6xYmzw7CrKXtdZ2zg8Fjmit0JbthOaPIYtZzD+B7FHIYyj3YVj1P3DxtNnNKRotX5sMwstnbUkKKKCAAgpMETAIe0EooIACCihQkoBBuCR4i1VAAQUUUMAg7DWggAIKKKBASQIG4ZLgLVYBBRRQQAGDsNeAAgoooIACJQkYhEuCt1gFFFBAAQUMwl4DCiiggAIKlCRgEC4J3mIVUEABBRQwCHsNKKCAAgooUJKAQbgkeItVQAEFFFDAIOw1oIACCiigQEkCBuGS4C1WAQUUUECBngrCO3bs+E/gNLtFAQUUUECBJRL4zgUXXPCGJcp7wdkahBdM5gkKKKCAAhUWMAhXuPOsugIKKKCAAl0T6Kk74a61yowUUEABBRSogIBBuAKdZBUVUEABBdIUMAin2a+2SgEFFFCgAgIG4Qp0klVUQAEFFEhTwCCcZr/aKgUUUECBCggYhCvQSVZRAQUUUCBNAYNwmv1qqxRQQAEFKiBgEK5AJ1lFBRRQQIE0BQzCafarrVJAAQUUqICAQbgCnWQVFVBAAQXSFDAIp9mvtkoBBRRQoAICBuEKdJJVVEABBRRIU8AgnGa/2ioFFFBAgQoIGIQr0ElWUQEFFFAgTQGDcJr9aqsUUEABBSogYBCuQCdZRQUUUECBNAUMwmn2q61SQAEFFKiAgEG4Ap1kFRVQQAEF0hQwCKfZr7ZKAQUUUKACAgbhCnSSVVRAAQUUSFPAIJxmv9oqBRRQQIEKCBiEK9BJVlEBBRRQIE2B/wdfUGamJISaQAAAAABJRU5ErkJggg=='),
(3,2,1,9,19,4,'2020-06-18 07:50:02','2020-06-18 07:50:02',NULL,NULL,NULL,NULL,'2020-06-18 07:50:02',NULL,NULL,1,'data:image/png;base64,iVBORw0KGgoAAAANSUhEUgAAAeEAAAB4CAYAAADFVEoxAAAGDklEQVR4Xu3XsW0UUBBF0b9k4CZoAtogoIRtweSOoQY3QRlQAIQ0YUJACDlAYGm+9bRvbR9Sj2d2j790xWH5R4AAAQIECFQEDpWrjhIgQIAAAQJLhD0CAgQIECBQEhDhEryzBAgQIEBAhL0BAgQIECBQEhDhEryzBAgQIEBAhL0BAgQIECBQEhDhEryzBAgQIEBAhL0BAgQIECBQEhDhEryzBAgQIEBAhL0BAgQIECBQEhDhEryzBAgQIEBAhL0BAgQIECBQEhDhEryzBAgQIEBAhL0BAgQIECBQEhDhEryzBAgQIEBAhL0BAgQIECBQEhDhEryzBAgQIEBAhL0BAgQIECBQEhDhEryzBAgQIEBAhL0BAgQIECBQEhDhEryzBAgQIEBAhL0BAgQIECBQEhDhEryzBAgQIEBAhL0BAgQIECBQEhDhEryzBAgQIEBAhL0BAgQIECBQEhDhEryzBAgQIEBAhL0BAgQIECBQEhDhEryzBAgQIEBAhL0BAgQIECBQEhDhEryzBAgQIEBAhL0BAgQIECBQEhDhEryzBAgQIEBAhL0BAgQIECBQEhDhEryzBAgQIEBAhL0BAgQIECBQEhDhEryzBAgQIEBAhL0BAgQIECBQEhDhEryzBAgQIEBAhL0BAgQIECBQEhDhEryzBAgQIEBAhL0BAgQIECBQEhDhEryzBAgQIEBAhL0BAgQIECBQEhDhEryzBAgQIEBAhL0BAgQIECBQEhDhEryzBAgQIEBAhL0BAgQIECBQEhDhEryzBAgQIEBAhL0BAgQIECBQEhDhEryzD0Xg/du1Ds/XOny5+xP/ePnnZ8++zb/VfX7nf9tTe37vTu6aSJzy3kO9lfjc0x2juZu1Lr9O/rpmZgIiPHMy9SQFrl6sdXHzJL+6L03gToGbi7WuvgPKCIhwxtGWRynw4eej/Fq+FIF7Cxw+rnX55t6/7hf/ERBhj4LAnQIi7HEQ+FvgnWaEnwTQMKh1BAgQIEBgKiDCUylzBAgQIEAgLCDCYVDrCBAgQIDAVECEp1LmCBAgQIBAWECEw6DWESBAgACBqYAIT6XMESBAgACBsIAIh0GtI0CAAAECUwERnkqZI0CAAAECYQERDoNaR4AAAQIEpgIiPJUyR4AAAQIEwgIiHAa1jgABAgQITAVEeCpljgABAgQIhAVEOAxqHQECBAgQmAqI8FTKHAECBAgQCAuIcBjUOgIECBAgMBUQ4amUOQIECBAgEBYQ4TCodQQIECBAYCogwlMpcwQIECBAICwgwmFQ6wgQIECAwFRAhKdS5ggQIECAQFhAhMOg1hEgQIAAgamACE+lzBEgQIAAgbCACIdBrSNAgAABAlMBEZ5KmSNAgAABAmEBEQ6DWkeAAAECBKYCIjyVMkeAAAECBMICIhwGtY4AAQIECEwFRHgqZY4AAQIECIQFRDgMah0BAgQIEJgKiPBUyhwBAgQIEAgLiHAY1DoCBAgQIDAVEOGplDkCBAgQIBAWEOEwqHUECBAgQGAqIMJTKXMECBAgQCAsIMJhUOsIECBAgMBUQISnUuYIECBAgEBYQITDoNYRIECAAIGpgAhPpcwRIECAAIGwgAiHQa0jQIAAAQJTARGeSpkjQIAAAQJhgbOK8PX19ae11qvwd7SOAAECBAjcCnw+Ho+vz4VDhM/lL+FzECBAgMApBET4FMpuECBAgACBcxc4q/8JnzuWz0eAAAECBJICIpzUtIsAAQIECGwIiPAGllECBAgQIJAUEOGkpl0ECBAgQGBDQIQ3sIwSIECAAIGkgAgnNe0iQIAAAQIbAiK8gWWUAAECBAgkBUQ4qWkXAQIECBDYEBDhDSyjBAgQIEAgKSDCSU27CBAgQIDAhoAIb2AZJUCAAAECSQERTmraRYAAAQIENgREeAPLKAECBAgQSAqIcFLTLgIECBAgsCEgwhtYRgkQIECAQFJAhJOadhEgQIAAgQ0BEd7AMkqAAAECBJICIpzUtIsAAQIECGwIiPAGllECBAgQIJAUEOGkpl0ECBAgQGBDQIQ3sIwSIECAAIGkgAgnNe0iQIAAAQIbAr8AUDwreVogIkAAAAAASUVORK5CYII=','data:image/png;base64,iVBORw0KGgoAAAANSUhEUgAAAeEAAAB4CAYAAADFVEoxAAAQT0lEQVR4Xu3dD6wlVX3A8e/ct+zyL5JCKiERqqQWkCpBadNgJahYtsXWVtJq/0Brl7gktNbFN49d1LBqgd133+6K2laM67/gf9uqq20gaq1tSlJhUxUStYK2trEVU2plEXZ5d5pz79y39z3u23fvu3fumZn7nWQTeG/uOb/zOWfm9+bOzDkJbgoooIACCigQRSCJUquVKqCAAgoooAAmYQeBAgoooIACkQRMwpHgrVYBBRRQQAGTsGNAAQUUUECBSAIm4UjwVquAAgoooIBJ2DGggAIKKKBAJAGTcCR4q1VAAQUUUMAk7BhQQAEFFFAgkoBJOBK81SqggAIKKGASdgwooIACCigQScAkHAneahVQQAEFFDAJOwYUUEABBRSIJGASjgRvtQoooIACCpiEHQMKKKCAAgpEEjAJR4K3WgUUUEABBUzCjgEFFFBAAQUiCZiEI8FbrQIKKKCAAiZhx4ACCiiggAKRBEzCkeCtVgEFFFBAAZOwY0ABBRRQQIFIAibhSPBWq4ACCiiggEnYMaCAAgoooEAkAZNwJHirVUABBRRQwCTsGFBAAQUUUCCSgEk4ErzVKqCAAgooYBJ2DCiggAIKKBBJwCQcCd5qFVBAAQUUMAk7BhRQQAEFFIgkYBKOBG+1CiiggAIKmIQdAwoooIACCkQSMAlHgrdaBRRQQAEFTMKOAQUUUEABBSIJmIQjwVutAgoooIACJmHHgAIKKKCAApEETMKR4K1WAQUUUEABk7BjQAEFFFBAgUgCJuFI8FargAIKKKCASdgxoMDEBJqXQrYR5u6aWJVWpIACpRYwCZe6ewyuHgL7zoDDW6FxU6c9qcddPTrWVigwsoAng5EJLUCB1QSWku8fAaflez0M6amaKaCAAkHAJOw4UGDsAvueD0/8DvBKYEXC9Sp47NwWqECFBUzCFe48Qy+jwPx10Hg7ZL3H1r8Dt0B6exkjNiYFFIgnYBKOZ2/NtRLYuxlat0B2YU+zvgnZ22Duz2rVVBsz5QK3nAYbL4LWcdD43lGM5GxY/C+Y+4cpBxqq+SbhobjcWYF+An96JmwKV7vd7ceQvQrmPqqXAtUVaP4q8FxIToHsHOAZwFnAScduU7IDZndVt92TjdwkPFlva6ulQPMJYCZv2tsg/ZNaNtNGTYlA8wrgauC3hmtwkvXchvkK8EZIDwxXxvTtbRKevj63xWMVaP4dcGmnyOT3YPaDYy3ewhSYiMDCL0P2Usg2Q/haeaTtYeAn8mPio9B6j+/Gr+5pEh5prPnh6RaYvxKST+QG74D0j6fbw9ZXU2DvCbD4aJ/YM+AeSO6H7OuQPQiNB+HIg7AjJNoVW3MH8Jb8W6FW/ssGhCvkR06EnY9V06fYqE3Cxfpaeq0FmkeADcAhSE+udVMr07j5X4LkJFj8Amz/YWXCjhpoMyTbni37OCTvh/Szw4fVfAYkb4Hsd/PPhmQcEvFWmH3X8OXV/xMm4fr3sS0sRKD5TmBrp+jkIpi9t5BqLHRAgT1nQut64LU9H/hP4NuQ7Ye59w1Y0BTu1k3Cyeth8QNww3+MjtB+qOsO4Cl5WfdCetHo5U6qhIXndWoq/rg2CU+qT62nRgLtv/YfyB9C+StIr6xR4yrWlIVLINuSP0jUjX0xn4io0dOYf4JsL8z9ZcUaWOFw518ByUeA8I3EKcALIf1iNRrU/cOk+Ml1TMLVGBFGWSqBha9C9mzIHoXjT4XXPF6q8KYmmGa46t23RnPDk+vh69bjgBak3afYp0YpbkObXwbyK+DWm+CGnXHjWa32+WdCayNsvx+Wvp6fyNW7SbicI8KoSivQDFdd7+6El+2AOd+HnHhfNZ8D2R2QPLun6geAm2HTZ+Dx8yF5FmThK9HNnX26r89kvw9zH5h4yFNb4cI7ILsub/7dkF5cLopltzEegkNPh5MOdWIs/iq4PTLLBWI0CpRdYOmd4B9B2r3fVfagaxDfnp+BxRcD4cGrX+9pUHg4biuk7+3fyPmrIQnThR6f//4LkIZy3CYi0PtH6+QS29pNa9/GuAa46ui+2YdhLsz5PtHNJDxRbiurtsD8XZC8pNOGmWfC9d+qdnvKHn373dVwJfuco+9iL4t5wIlRFm6E7GYg3CsOX0dfAOlXy976esS350JoHTzalslcXR7brvlG4M0r9nkA0p+OYW4SjqFunRUUmA+TGPxtJ/DsNpjrfQq3gu0pW8i7X9L5Cjn5yXyqxOdCdvoqUYZ78JsHf8hn99Og8d2essLrN39QNoH6xtP7ClTMJNx+Yvu2fPrNLnd+G2O1b1KK7xWTcPHG1lALgflDkJzYaUrME0ktMHsa0Z4i8Q+Bl6/dsuzTwKeg8WmY/cHa+/fuMf8xSH4z/0kLHj8b3vBvw5Xh3usTiJ2Ed78YGjcCL+qJ/zBw7eq3MdbX0vV8yiS8HjU/M4UCsU8kdSLf+wJoXQ2tF60xRWILkvdB9nlY/EfY3rtIxpAg7WT/maMPaIV3WNOe+4FDFufuQwjEPHaarwLe0xNsmDzkDZDeOkQDCt3VJFwor4XXRyDmiaQOirvOgsZlkFy+ysIA4X7tXcBBSA7CzEHY9p3xtrwZpk3c1HNveDuku8dbh6U9WSDWsTP/IUh+uyeeTwHbIP12mXrJJFym3jCWEgvEOpGUmKQd2sIvQuuMzpzCvVvrbGicA9nTOzOKZRf0b8koUyQOa9MMC22EBTe62xMwczpc/z/DluT+wwhM+thpP9D3F8BP5VGGJ+ivLOuKTibhYcaS+06xwKRPJGWn7jtN5KBBP9aZX3hcUyQOWm37j4ZbIdvembijPaexa98Ow7eufSd57DxpApcDkP7ausKe0IdMwhOCtpqqC0zyRFJmq77TRA4S8H2QfBKyv4H07kE+UNw+zf/Np1EMVXwf+IWyfUVZXNtjlDzIsRMenpoJV6z5RBlLcT4VGhm0HuqJvN/PzoTs9Udn5wp7Z6+BubfHaPEwdZqEh9Fy3ykWGOREUneegaaJ7CKEe7yfA8IUn58r13qye14KrQOQ/B9kT4HkNpj1lbPChu9qx86+M+DwVmiEyVdWuV2xrqAOQ3LxJBZfWFd0Kz5kEh6HomVMgcA0J+F9l8HiPGQX9nR09PcrRxt0zTs7s28tbRfHv0IfrUXl/fTKY2cp+Yb1t08dc9wDTuAy5lpHKM4kPAKeH50mgWlNwrtfC43eRRLWmCayKmNi4SrIwhzS4X3RjZDcCbP5PNNVaUNV4uw9drLb8/e1x5x8w2IqyRWDT+BSHjuTcHn6wkhKLdB7Ijm0CXaGk3eNt12Xw0x4l7L36rdyVxnH7qDmV/IpMfPdpqFfYwzZ3mNnWf3hGApLHX4S0r+OEVkZ6jQJl6EXjKECAr0nkro/UXvrpbCh91WecLK8vIpXGcceWPOzkDSP7lP3fp30YbbnV6AVVhw7Y0XN4T3d/ZB9BObCbY2p3kzCU939Nn5wgeajwAn5/mHJs6fV82p41xWw4QBk3XNDza5+e3v8rafDkZAETqp/vw4+0kffs/mzwJ8DL1hR1hFIboDZtdaAHj2ECpVgEq5QZxlqTIGl6e/CKxThpL0X0tfFjGj8dS9cA9k785WGwtPNl9Xv6nel2pP69a2Qbhu/bbfEXedD4zDM/WtxdcQquf3U+Zs6C3As28I72eFY+RCk4ZUwtx4Bk7DDQYGBBZpfA8Jf+fki8a1rYK53XtqBSyrXju2JN24CtuRxhRmkzpueE2Zvv4ZJPA6dBjvDu8QFbEvvKJ8M6cp3Yguor6gim2EK0vMhC6teXQQ8Hzi5T21HIN1YVBR1KNckXIdetA0TEli6aspCFs4rLfjKqcim9Zt4IwvvWJ45PQk4+Hb7Nck6X8MXdW+4+d/AU4GvQ3pekT1bXNkDr3p1L3ATpJ8tLpZ6lGwSrkc/2oqJCSy7N9yt9R5YfDNsPzCxMEauqO/EG2Gd3rOmKwF3IZs/Bo7P/6+Ae/4Lz4Ls/k75ybtgduvIXTixApZWvXpZvt7zMWpOPg9HboAdIQm7DSBgEh4AyV0UWC6wcDtkr+78LPshJKd0lsg7fC7c+M1ya9Vx4o1xiK+8Nzzuq+GFa/NFBUKwV0F6xziiLr6MvSfAYngo8VjbjzpPO2+Yh23fKz6metVgEq5Xf9qaiQksvBrCxAOdTJx/PX0npCWe8KGuE2+Mq9OX3RsOhX4MuAeyh2Dm+5CdCK3HoLEy0fSZyzg7C5LTOqtItR9UeuHRK+2wutTrSv7HWte07zc/3V+GV9d2wIYPm3zXPwZNwuu385NTL7DwPGh9CZITgUc6D6Zkt8BcmEi+RFvfq98av3q0Xvpl9/xDIQWcH0NCnwv3hSuytZNw+Jr+YeAbkP09ZHfDxvtg24rlKyvSpJKFWcAgK1kLDUeBQgVCIs7uWVHFtZB2r5ILrX3twp909VvTiTfWlhhsj2UrLA32kcH3akE6M/ju7jkNAibhaehl21iwwLKvprt1hfdAvwhJSNA/gEfugp3hanlCW/sVkpWLLnj1O5D+ngugFVb2ORc4J/8Xvu0YZgtzbIdVpA5CchBmDsK27wxTgPtOh4BJeDr62VYWLtB9WKv9mku4R9zoU+W3ILuv84pKEhLyv4z/FY7wzm+WQhZWqOluXv0W3v9WoMD6BEzC63PzUwr0EWiGZHdcn1+EGYP6JeWw6zeAL0H2NWh8Fwj/ulu/xcvD7/r8vHU68BuQXLOifq9+HasKlFjAJFzizjG0KgqE90G5BFqXQPJyYFP/VhzzinkcDQ/v/G6u/7ST46CyDAXiCZiE49lb81QI7A4zI50HM+dClv93+5WVoo69sCDBzZC+dyp4baQCFRco6kRQcRbDV6BogWVXzFd2FpYfaQszPl1n8h3J0A8rMHEBk/DEya1QAQUUUECBjoBJ2JGggAIKKKBAJAGTcCR4q1VAAQUUUMAk7BhQQAEFFFAgkoBJOBK81SqggAIKKGASdgwooIACCigQScAkHAneahVQQAEFFDAJOwYUUEABBRSIJGASjgRvtQoooIACCpiEHQMKKKCAAgpEEjAJR4K3WgUUUEABBUzCjgEFFFBAAQUiCZiEI8FbrQIKKKCAAqVKwvv37/9n4OfsFgUUUEABBQoS+PKWLVt+vqCyhy7WJDw0mR9QQAEFFKiwgEm4wp1n6AoooIACCoxNoFRXwmNrlQUpoIACCihQAQGTcAU6yRAVUEABBeopYBKuZ7/aKgUUUECBCgiYhCvQSYaogAIKKFBPAZNwPfvVVimggAIKVEDAJFyBTjJEBRRQQIF6CpiE69mvtkoBBRRQoAICJuEKdJIhKqCAAgrUU8AkXM9+tVUKKKCAAhUQMAlXoJMMUQEFFFCgngIm4Xr2q61SQAEFFKiAgEm4Ap1kiAoooIAC9RQwCdezX22VAgoooEAFBEzCFegkQ1RAAQUUqKeASbie/WqrFFBAAQUqIGASrkAnGaICCiigQD0FTML17FdbpYACCihQAQGTcAU6yRAVUEABBeopYBKuZ7/aKgUUUECBCgiYhCvQSYaogAIKKFBPAZNwPfvVVimggAIKVEDAJFyBTjJEBRRQQIF6Cvw/Glvrl5AS6pAAAAAASUVORK5CYII='),
(4,54,1,41,19,76,'2020-06-18 07:51:56','2020-06-18 07:51:56',NULL,NULL,NULL,NULL,NULL,'2020-06-18 07:51:56',NULL,1,'data:image/png;base64,iVBORw0KGgoAAAANSUhEUgAAAeEAAAB4CAYAAADFVEoxAAAKmElEQVR4Xu3dbY8dVQEH8P/cXWBLF2kbIEVaQiGKkoAxqF/DxG9g+p4YLPp235eQwPt+AV/6MTS80AQCKhYtUkRabLePtHvHnM5dW2tpd7bDztnO7yaT2Xs79zz8zun+c2funG3iQYAAAQIECIwi0IxSq0oJECBAgACBCGGTgAABAgQIjCQghEeCVy0BAgQIEBDC5gABAgQIEBhJQAiPBK9aAgQIECAghM0BAgQIECAwkoAQHgletQQIECBAQAibAwQIECBAYCQBITwSvGoJECBAgIAQNgcIECBAgMBIAkJ4JHjVEiBAgAABIWwOECBAgACBkQSE8EjwqiVAgAABAkLYHCBAgAABAiMJCOGR4FVLgAABAgSEsDlAgAABAgRGEhDCI8GrlgABAgQICGFzgAABAgQIjCQghEeCVy0BAgQIEBDC5gABAgQIEBhJQAiPBK9aAgQIECAghM0BAgQIECAwkoAQHgletQQIECBAQAibAwQIECBAYCQBITwSvGoJECBAgIAQNgcIECBAgMBIAkJ4JHjVEiBAgAABIWwOECBAgACBkQSE8EjwqiVAgAABAkLYHCBAgAABAiMJCOGR4FVLgAABAgSEsDlAgAABAgRGEhDCI8GrlgABAgQICGFzgAABAgQIjCQghEeCVy0BAgQIEBDC5gABAgQIEBhJQAiPBK9aAgQIECAghM0BAgQIECAwkoAQHgletQQIECBAQAibAwQIEJikwNpycmB/cm1/svGDZL6ULH12k6I8X96bzFeT7E2a1aRdTZpryfxykstJcylpLyezxf5ukO2zSc4ms9Pb454/171v9nH/92/5vReTYx/cvfw3X+3+/di7/dvx/+8QwkMoKoMAAQLVCbzzreTaC0m72PJs0hxK2rIdTponq2tyFQ26uDdZu/T1TTnedv/2xiD5OUghVbhpBAECBCYncPxIMn8+aY4ksyNJjiTt80leSPLEFjjm5aPlFo6byCHNb5NjP713AOfd5I0fDYEihIdQVAYBArtM4K09yfJqcrWcan0s2Xip68Ctp2O306X2WjK70p2qXVrsr1xJDl5Ofl6ef81j7eHk4ceSZrHNXkpmK0m+SrI/acv2dNJ8O2meSdpnkpRtqMc8af6V5FzSnkty8c4FtyvJbE/SPprk1u2RoRoybjn3+nQ77Kfg0lchPO6Iq50Agd4CbZO8/VQyfyppF1vK8yduuW5Zrl0urmGm7Eu4lcDd3JZ6V7sr39BcSNq/Js3HSftJ0pzq9inb2WTpTLd/vVzj9RhBQAiPgK5KAgTuJPCbpeTkq0nzStKU625P3dzK9csSuP997X5DtJS/uLY32OnYUl45vXtL2eVXbFtO95Yf7nba937aUwL1ZLfNTyZLHyXNR93+F/801+oWEMJ1j4/WEXjABNZWktXnkvJt1fa5ZFauX35vsX2nR2dLaD3Iv79KmH+WNF8m+TJpS5iWbxV/mrSb+78ll08ma+WUtccuFXiQJ/EuHRLNJvAgCLz5RNK+kqR8qn05yUtd6ObgwL37Isnn3Xbj1OuFJOvdvjzf/Lk8X1q8Pr+QPLSelP1XZVsfJsjKdd0DK8n6nuSRlWRjJVleSa7vWVzf/bquX002SttL+9aHa8/A0or7RgSE8DfCqlACUxEoYTt/McmLSfP9LnBvhO/T2xTYSPL3m8G6GbC379vPk0ufJ2vlE6MHgV0rIIR37dBpOIGdErj9ftPmu0m7CN4t3QZzW0Ob95K8n2y8n8xOJU25pnkqefiT5LXzO9Ur9RCoQUAI1zAK2kBgVIF3nkyulGB9uTttWlY2mpUFHcoKR1u93/T2HpxN8uek/Uu3leCdvZcce3/UrqqcQGUCQriyAdEcAsMK3AjYw90qSUuHknlZKelQkrIdXuy3e49nWVXow26bf5gsLUK37F8vIexBgMA9BISwKUJg1wmUbxg/ui+Z7Us29nW37QwesLeo3PjC0x+7rXyiLYG7/EHyy1O7jk6DCVQmIIQrGxDNqUHgeFm0/vEkjyezl5ON2dZXUirfuC2rDS0vvnl79eKdv3n71oEkB5LrP+xWH5pdTeb7kqaEa6l7X9KWgF28tvlzeZ6yktLQj+tJ8+HNhRzmnySzP3TB+6uPhq5MeQQIdAJC2EzYBQJv/qxbB7f909Ya2xxOrl/73+BsSugdTOblW7sHk9nBpC2v7b3Ddr8LQWytmTtz1L+7+0qbxb2l5V7T8nN5rWxLp5Prp5Nfr+9Mc9RCgMCtAkLYfNgFApvrte5YUzdve+m7sH25vWZzxaTyf6tsJdCH/n9WrsWW5QbLPbJlvd9FoJZwbT5N5qeThxavWY5wx2aNighsQ2DoXw7baIK3ELibwI4H8E4PRwntf3SB2nyRtJvhWgJ28fP8TLJcnn+RrJ+5+59Z2+nmq48AgfsREML3o+e9OyCwrRC+fcm/9ZurKW2upHRjZaXyl2IWW7vYP3QuuX4uac4lj5xLXru69U6urSb79iZflT8esDeZrSbztitr43yy57z7YLeu6UgCUxAQwlMYZX0kQIAAgSoFhHCVw6JRBAgQIDAFASE8hVHWRwIECBCoUkAIVzksGkWAAAECUxAQwlMYZX0kQIAAgSoFhHCVw6JRBAgQIDAFASE8hVHWRwIECBCoUkAIVzksGkWAAAECUxAQwlMYZX0kQIAAgSoFhHCVw6JRBAgQIDAFASE8hVHWRwIECBCoUkAIVzksGkWAAAECUxAQwlMYZX0kQIAAgSoFhHCVw6JRBAgQIDAFASE8hVHWRwIECBCoUkAIVzksGkWAAAECUxAQwlMYZX0kQIAAgSoFhHCVw6JRBAgQIDAFASE8hVHWRwIECBCoUkAIVzksGkWAAAECUxAQwlMYZX0kQIAAgSoFhHCVw6JRBAgQIDAFASE8hVHWRwIECBCoUkAIVzksGkWAAAECUxAQwlMYZX0kQIAAgSoFhHCVw6JRBAgQIDAFASE8hVHWRwIECBCoUkAIVzksGkWAAAECUxAQwlMYZX0kQIAAgSoFhHCVw6JRBAgQIDAFASE8hVHWRwIECBCoUkAIVzksGkWAAAECUxAQwlMYZX0kQIAAgSoFhHCVw6JRBAgQIDAFASE8hVHWRwIECBCoUkAIVzksGkWAAAECUxAQwlMYZX0kQIAAgSoFqgrhEydO/C7Jj6uU0igCBAgQeBAEfn/06NGf1NIRIVzLSGgHAQIECOyEgBDeCWV1ECBAgACB2gWq+iRcO5b2ESBAgACBIQWE8JCayiJAgAABAj0EhHAPLIcSIECAAIEhBYTwkJrKIkCAAAECPQSEcA8shxIgQIAAgSEFhPCQmsoiQIAAAQI9BIRwDyyHEiBAgACBIQWE8JCayiJAgAABAj0EhHAPLIcSIECAAIEhBYTwkJrKIkCAAAECPQSEcA8shxIgQIAAgSEFhPCQmsoiQIAAAQI9BIRwDyyHEiBAgACBIQWE8JCayiJAgAABAj0EhHAPLIcSIECAAIEhBYTwkJrKIkCAAAECPQSEcA8shxIgQIAAgSEFhPCQmsoiQIAAAQI9BIRwDyyHEiBAgACBIQWE8JCayiJAgAABAj0EhHAPLIcSIECAAIEhBYTwkJrKIkCAAAECPQT+A5xukIjybKDXAAAAAElFTkSuQmCC','data:image/png;base64,iVBORw0KGgoAAAANSUhEUgAAAeEAAAB4CAYAAADFVEoxAAAKiklEQVR4Xu3dTaxcZRkH8P+Z2xa0JVChbRATugCixK9IwMRE4tbEhRvdmK5Y6IoF8SruuvOjGN2ZmBA3LNQNCxfujMaEhSSuRAU/glQFW9pe27SWtneOOc5AW7lw752P855z5jfJ5N72nvO+z/t73uHPmTszreJGgAABAgQIFBGoisxqUgIECBAgQCBC2CYgQIAAAQKFBIRwIXjTEiBAgAABIWwPECBAgACBQgJCuBC8aQkQIECAgBC2BwgQIECAQCEBIVwI3rQECBAgQEAI2wMECBAgQKCQgBAuBG9aAgQIECAghO0BAgQIECBQSEAIF4I3LQECBAgQEML2AAECBAgQKCQghAvBm5YAAQIECAhhe4AAAQIECBQSEMKF4E1LgAABAgSEsD1AgAABAgQKCQjhQvCmJUCAAAECQtgeIECAAAEChQSEcCF40xIgQIAAASFsDxAgQIAAgUICQrgQvGkJECBAgIAQtgcIECBAgEAhASFcCN60BAgQIEBACNsDBAgQIECgkIAQLgRvWgIECBAgIITtAQKDFPjuF5LxtWT92UEuz6IIDERACA+kkZZB4GaBE/X0zweS9Yt0CBDopoAQ7mZfVEVgDoG3Avhysv6eOQZyKgECSxYQwksGNjyBdgWeejCpX5jMWf0w+eqX253fbAQI7EZACO9Gy7EEOi/w1FeS+gfTMo8l6890vmQFElhhASG8ws239CEKnPhJki9OVrZ5b/LkK0NcpTURGIqAEB5KJ62DwP8ETryRZN8EY93j264g0HEBD9KON0h5BHYn8NaLsoTw7uAcTaCIgBAuwm5SAssSEMLLkjUugWUICOFlqBqTQDEBIVyM3sQEZhAQwjOgOYVAdwWEcHd7ozICbxcQwnYFgUEJ3BjCF/cnxy8NankWQ2BgAkJ4YA21nFUXcCW86jvA+vslIIT71S/VEthGQAjbIgT6JCCE+9QttRLYVkAIb0vkAAIdEhDCHWqGUgjMLyCE5zc0AoH2BIRwe9ZmItCCgBBuAdkUBBYmIIQXRmkgAl0QEMJd6IIaCOxUQAjvVMpxBHoh4C1KvWiTIglMBYSwrUBgUAKuhAfVTosZvIAQHnyLLXC1BITwavXbavsuIIT73kH1E7hJQAjbEAT6JCCE+9QttRLYVkAIb0vkAAIdEhDCHWqGUgjMLyCE5zc0AoH2BIRwe9ZmItCCgBBuAdkUBBYmIIQXRmkgAl0Q2E0If/9IcvVTyeYtydprW1df3ZWMLyejV//v54eTUZ2MT+/s70evJU/8owtCaiDQJQEh3KVuqIXA3AI3hnC+lIz2JeP3Jbknqe9Jqub+/sn3uWXu6XY8QH06+drhHR/uQAIrIiCEV6TRljl0gW8eTdY+mVQ/7uBKLyZ5Nlk/1sHalESgqIAQLspvcgK7Ffj2B5LRo0l9MBndmuTDST6T1Ed3O1KLxz+frD/S4nymItAbASHcm1YpdPgC3/l4kk8n2Z9UdyfVkaQ+klSHkvHhyddd3cZJ/prklSQnk/pkMjp5/fvNk8mT/97ViA4mQGChAkJ4oZwGI7CdwE/Xkr99KKkeSHJfMr4/qe5L8lCS27Y7+11+vpFUv0zqz18/Zt3jew5QpxJoQ8CDtA1lc/RQ4MT+5NqhZO2hZLx361cPN68aXttIxhvJpY1k/9r1c5pAHW0m47smV7X54PR+/wIwNpPqZ0n9XDJ6Ibny++QbL0/G3c2roxdQiSEIEJhLQAjPxefk7gsc35fsuy2ppvfRg8m4moRq81Tv6KNJ/bEkzdO9tye5Pambr83vW9u+XUvyu+nTxa8m9avJ6PUkryfjM9O3CZ1K1k+9c2FCuO2mmY/APAJCeB4957Yo8KNbk42DyebBZHwwWTs4eXFSc2/egjO6M0lz1XlnUt81+T7N3713xiLrJMt4fDTvx/1jkheT+sXJ19HLyb6/J4+fn7HWG04TwvMbGoFAewLL+I9Me9WbqccC3/pIsucTSf2f6e9CmyvVA0k9DdM0L0Kahml9KKlmDNOqTuomUJvbqCWwq0l+m9R/ntzXmrB9Kdl8Kfn6heXWIISX62t0AosVEMKL9TTalgLfuzu5+uj1p37rR2Z4pW8TpHVSVUk9z769llTNVWjz6U3/mtzrM0m9kYw2pl/PJFdPJ3tOJ+vNe1x7dBPCPWqWUgks5ek2rJ0VeOqzkyvN6g83lLjFxw+OjyZ7Lm7xkYRvnnZvMj6QVM1bX5ps3EiunE4OnUreuCO5/EBSPZyM70hGn5u+8neRKs3V5LmkOpfU55KcSaozyfjsDd+fSdbOJtWF5MqFZO/5ZN+F5PE3FllI98YSwt3riYoIvLPAPFcUXHsncNNHGpaufjPJX5L8c/ICpObr6GxSX0rSXH02/xNwKVm7mNTnk9G5ZO+55Oy55HjzAia3LQWEsI1BoE8CQrhP3Zqr1qIB3Fy5PpfkV0l+kaz9KXmiuWp1W7iAEF44qQEJLFFACC8Rt1tDtxrCb77Vpnkf68+Tq7/2yUxt7QYh3Ja0eQgsQkAIL0LRGAQ6IyCEO9MKhRDYgYAQ3gGSQwj0R0AI96dXKiWwnA8j4EqAQDEBIVyM3sQEZhBwJTwDmlMIdFdACHe3Nyoj8HYBIWxXEBiUgBAeVDstZvACQnjwLbbA1RIQwqvVb6vtu4AQ7nsH1U/gJgEhbEMQ6JOAEO5Tt9RKYFsBIbwtkQMIdEhACHeoGUohML+AEJ7f0AgE2hMQwu1Zm4lACwJCuAVkUxBYmIAQXhilgQh0QUAId6ELaiCwUwEhvFMpxxHohcCNIXxxf3K8+Vep3AgQ6KiAEO5oY5RFYDYBV8KzuTmLQBkBIVzG3awEliQghJcEa1gCSxEQwkthNSiBUgJCuJS8eQnMIiCEZ1FzDoHOCgjhzrZGYQS2EBDCtgWBQQkI4UG102IGLyCEB99iC1wtASG8Wv222r4LCOG+d1D9BG4SEMI2BIE+CQjhPnVLrQS2FRDC2xI5gECHBIRwh5qhFALzCwjh+Q2NQKA9ASHcnrWZCLQgIIRbQDYFgYUJCOGFURqIQBcEhHAXuqAGAjsVEMI7lXIcgV4ICOFetEmRBKYCQthWIDAoASE8qHZazOAFhPDgW2yBqyXwVgg/k6wfW621Wy2B/gkI4f71TMUE3kXgxG8mP1x/BBMBAt0XEMLd75EKCRAgQGCgAkJ4oI21LAIECBDovkCnQvjpp59unkp7uPtsKiRAgACBngo8/9hjj3Xm1zVCuKe7SNkECBAgMJOAEJ6JzUkECBAgQGBgAp26Eh6YreUQIECAAIF3FRDCNggBAgQIECgkIIQLwZuWAAECBAgIYXuAAAECBAgUEhDCheBNS4AAAQIEhLA9QIAAAQIECgkI4ULwpiVAgAABAkLYHiBAgAABAoUEhHAheNMSIECAAAEhbA8QIECAAIFCAkK4ELxpCRAgQICAELYHCBAgQIBAIQEhXAjetAQIECBAQAjbAwQIECBAoJCAEC4Eb1oCBAgQICCE7QECBAgQIFBIQAgXgjctAQIECBAQwvYAAQIECBAoJCCEC8GblgABAgQICGF7gAABAgQIFBIQwoXgTUuAAAECBISwPUCAAAECBAoJ/Bc2H4OIsMM41QAAAABJRU5ErkJggg=='),
(5,47,1,36,19,69,'2020-06-18 07:52:11','2020-06-18 07:52:11',NULL,NULL,NULL,NULL,'2020-06-18 07:52:10',NULL,NULL,1,'data:image/png;base64,iVBORw0KGgoAAAANSUhEUgAAAeEAAAB4CAYAAADFVEoxAAAK/UlEQVR4Xu3dXYhcZx3H8e+ZTS/apC1W26uIIdALWzGYEoMUSqRSqvWiimAFFSH0BRGsu3PWSC5MwTaamTS1UDRC8KK+IFIoVhpLLypeFIkv6IVvkFqqF2IsjUjSaurOkbMzbmbbbDJn9pl9znnOd27aps/5P//n8zybH2fP7E6GLwUUUEABBRSIIpBFmdVJFVBAAQUUUABD2EOggAIKKKBAJAFDOBK80yqggAIKKGAIewYUUEABBRSIJGAIR4J3WgUUUEABBQxhz4ACCiiggAKRBAzhSPBOq4ACCiiggCHsGVBAAQUUUCCSgCEcCd5pFVBAAQUUMIQ9AwoooIACCkQSMIQjwTutAgoooIAChrBnQAEFFFBAgUgChnAkeKdVQAEFFFDAEPYMKKCAAgooEEnAEI4E77QKKKCAAgoYwp4BBRRQQAEFIgkYwpHgnVYBBRRQQAFD2DOggAIKKKBAJAFDOBK80yqggAIKKGAIewYUUEABBRSIJGAIR4J3WgUUUEABBQxhz4ACCiiggAKRBAzhSPBOq4ACCiiggCHsGVBAAQUUUCCSgCEcCd5pFZheoLcHsgFw9nyNzrUwKL+eT62uO9gOm16C+RPTz+eVCigwKwFDeFay1lUgqMDBbTB3F2R3ATumKP0n4GfAC9A5AQvPTVHDSxRQILCAIRwY1HIKhBPovw2KjwB3Ah9aR93yrrnzhuvLO+ZfAb+G4u/QOQnd4+uYw0sVUGAKAUN4CjQvUWD2Ag9fA0u/BbbOYK4LhTKQvRO6f5zBfJZUQIE1BAxhj4YCtRTo/RK4aay1U1D8ADrHq92x9m8AboHBLZB9/AJ3xOOrfwby22vJYVMKJCpgCCe6sS6rTgL9OyG7DBZ+OHlXvfKZ7R7gcci+Xy14LzbLkW2wtBOKncBOyD4AxWXAGWALFA/B4v7J+3SkAgqsR8AQXo+e1ypwUYHDb4fBPHD/cNjZzXDg1Xqh9W+CorzrHn99HvJH69Wn3SiQpoAhnOa+uqqoAodvheKTUHxmrI1XIH9r1LbWnLx/DxRHx/73ALIbfT5cz92yq7QEDOG09tPVRBf46tUw9883t5HX/GutfxSKe4CifIcW4PPh6GfJBtogUPO/GNqwBa4xLYHe68Cm0ZpeAB6E/NvNWOOhs5Bd4fPhZuyWXaYhYAinsY+uohYCvbuBb41aeQTyL9SirYmb8PnwxFQOVCCQgCEcCNIyCsChU5BdC/wB8vJHgxr4etPz4fLb01dCPvYrMhu4LFtWoKYChnBNN8a2miZw+F4YfHPYdecOWHi6aSs43+/K8+HRH83t9ndPN3c37bzeAoZwvffH7hoj0Ct/9OjyYbt1fxPWJKi9c0D588Ple7VyWOxPcpVjFFCgmoAhXM3L0QqsIdArv207eqUQwoe+B9knhgvKnoXubW69AgqEFzCEw5tasZUCqYVw/z4ovjHaygLmNsP8a63cWhetwAwFDOEZ4lq6TQLJhfANUPwurbv7Np1H19oUAUO4KTtlnzUXSC2ES+4U11TzY2R7rRMwhFu35S54NgIpBlaKa5rN7ltVgWkFDOFp5bxOgVUCKQZWimvy2CpQLwFDuF77YTeNFUgxsMbXdNVmuLdmnwDV2MNi4wqsCBjCHgYFggikHMLZGeheGYTJIgoosErAEPZAKBBEILUQPrIN/vviiOYJyD8WhMkiCihgCHsGFAgvkFoI9z8KxRNDp2w/dB8Kb2ZFBRTwTtgzoEAQgdRCuPcVYP+QpvggLP4kCJNFFFDAO2HPgALhBZIL4eeAPUOnpXfAvr+EN7OiAgp4J+wZUCCIQHIhvFR+HBTwMuTlxzP6UkCBGQgYwjNAtWQbBVIK4d7YXfDc9TB/so076poV2AgBQ3gjlJ2jBQKphPCh2yE7Ptyw7DHofq4Fm+cSFYgmYAhHo3fitARSCeGVzxF+DfIr0tojV6NA/QQM4frtiR01UiCFEO7dAfx4xH8f5EcbuRU2rUCDBAzhBm2WrdZZIIkQfga4DXgd5q7284PrfN7sLRUBQziVnXQdkQWaHsJf2wqdv44QH4f805FBnV6BVggYwq3YZhc5e4HGh/AB6Hx56NR5Hyz8fPZmzqCAAoawZ0CBIAJND+GV/s9CviUIiUUUUOCSAobwJYkcoMAkAqmEcO7fCZNst2MUCCTgF1wgSMu0XWA8hJduhn3Pt13E9SugwKUFDOFLGzlCgQkExkOY07D0YYN4AjaHKNByAUO45QfA5YcS6J0BNgOvANcA/4LBZ+GL3w01g3UUUCA9AUM4vT11RVEEeteNftHFLihOQ/aW8jMAYWmbn0AUZUOcVIFGCBjCjdgmm2yGwHgQlwFM+fX1Hcg/1Yz+7VIBBTZawBDeaHHnS1ygDOLiRcjK37tcfhzgHBQ5LPYTX7jLU0CBKQQM4SnQvESBiwv09gDlxwGOXll5V7wA3SPKKaCAAuMChrDnQYGZCPQPQrFv+Fx4+dvS5T/KYD4I3WdnMqVFFVCgcQKGcOO2zIabI9B7Fbh81G/576OPBizuh8WvN2cddqqAArMSMIRnJWtdBZYFVu6Iy/8Yvyv+EXQWYP6kUAoo0F4BQ7i9e+/KN0xg+Rnx0xe4K/4PFAuw+NiGteJECihQKwFDuFbbYTNpC6y6K/7/L/XYwGfFj14F57ZC9/dpO7s6BZojYAg3Z6/sNAmB5bvih4H3jJazQc+Ke3cD+yE7A913JUHpIhRIQMAQTmATXUITBdZ8Vvw8ZA/CQvnt6wCv3u5hveLWUbEDkD8QoLAlFFAggIAhHADREgpMJ7Dms+Ky3EvAU1D8GTovD+sPTkPnb2+Y6zroFDD4x/k/L64HdgE3A7vHxv8U8vdP16tXKaDALAQM4VmoWlOBSgKr7orLN1EPIOtUKnHxwf8GvgT5IwFrWkoBBQIIGMIBEC2hwPoFlu+KnwK2rL/WeIXsSRg8AIu/CVvXagooEELAEA6haA0Fggn03g3ZDihuhGw7FNuBHcCmClOcg6x87vuk74SuoOZQBSIIGMIR0J1SAQUUUECBUsAQ9hwooIACCigQScAQjgTvtAoooIACChjCngEFFFBAAQUiCRjCkeCdVgEFFFBAAUPYM6CAAgoooEAkAUM4ErzTKqCAAgooYAh7BhRQQAEFFIgkYAhHgndaBRRQQAEFDGHPgAIKKKCAApEEDOFI8E6rgAIKKKCAIewZUEABBRRQIJKAIRwJ3mkVUEABBRQwhD0DCiiggAIKRBIwhCPBO60CCiiggAKGsGdAAQUUUECBSAK1CuFjx46dAHZFsnBaBRRQQIH0BX6xd+/e99ZlmYZwXXbCPhRQQAEFNkLAEN4IZedQQAEFFFCg7gK1uhOuO5b9KaCAAgooEFLAEA6paS0FFFBAAQUqCBjCFbAcqoACCiigQEgBQzikprUUUEABBRSoIGAIV8ByqAIKKKCAAiEFDOGQmtZSQAEFFFCggoAhXAHLoQoooIACCoQUMIRDalpLAQUUUECBCgKGcAUshyqggAIKKBBSwBAOqWktBRRQQAEFKggYwhWwHKqAAgoooEBIAUM4pKa1FFBAAQUUqCBgCFfAcqgCCiiggAIhBQzhkJrWUkABBRRQoIKAIVwBy6EKKKCAAgqEFDCEQ2paSwEFFFBAgQoChnAFLIcqoIACCigQUsAQDqlpLQUUUEABBSoIGMIVsByqgAIKKKBASAFDOKSmtRRQQAEFFKggYAhXwHKoAgoooIACIQUM4ZCa1lJAAQUUUKCCwP8A3g5piANi7xQAAAAASUVORK5CYII=','data:image/png;base64,iVBORw0KGgoAAAANSUhEUgAAAeEAAAB4CAYAAADFVEoxAAAFQElEQVR4Xu3X0WkkQRAFwVmjtA6NXeOQ5JRsKCg2myX0PfST4gqSe11+CBAgQIAAgUTglawaJUCAAAECBC4RdgQECBAgQCASEOEI3iwBAgQIEBBhN0CAAAECBCIBEY7gzRIgQIAAARF2AwQIECBAIBIQ4QjeLAECBAgQEGE3QIAAAQIEIgERjuDNEiBAgAABEXYDBAgQIEAgEhDhCN4sAQIECBAQYTdAgAABAgQiARGO4M0SIECAAAERdgMECBAgQCASEOEI3iwBAgQIEBBhN0CAAAECBCIBEY7gzRIgQIAAARF2AwQIECBAIBIQ4QjeLAECBAgQEGE3QIAAAQIEIgERjuDNEiBAgAABEXYDBAgQIEAgEhDhCN4sAQIECBAQYTdAgAABAgQiARGO4M0SIECAAAERdgMECBAgQCASEOEI3iwBAgQIEBBhN0CAAAECBCIBEY7gzRIgQIAAARF2AwQIECBAIBIQ4QjeLAECBAgQEGE3QIAAAQIEIgERjuDNEiBAgAABEXYDBAgQIEAgEhDhCN4sAQIECBAQYTdAgAABAgQiARGO4M0SIECAAAERdgMECBAgQCASEOEI3iwBAgQIEBBhN0CAAAECBCIBEY7gzRIgQIAAARF2AwQIECBAIBIQ4QjeLAECBAgQEGE3QIAAAQIEIgERjuDNEiBAgAABEXYDBAgQIEAgEhDhCN4sAQIECBAQYTdAgAABAgQiARGO4M0SIECAAAERdgMECBAgQCASEOEI3iwBAgQIEBBhN0CAAAECBCIBEY7gzRIgQIAAARF2AwQIECBAIBIQ4QjeLAECBAgQEGE3QIAAAQIEIgERjuDNEiBAgAABEXYDBAgQIEAgEhDhCN4sAQIECBAQYTdAgAABAgQiARGO4M0SIECAAAERdgMECBAgQCASEOEI3iwBAgQIEBBhN0CAAAECBCIBEY7gzRIgQIAAARF2AwQIECBAIBIQ4QjeLAECBAgQEGE3QIAAAQIEIgERjuDNEiBAgAABEXYDBAgQIEAgEhDhCN4sAQIECBAQYTdAgAABAgQiARGO4M0SIECAAAERdgMECBAgQCASEOEI3iwBAgQIEBBhN0CAAAECBCIBEY7gzRIgQIAAARF2AwQIECBAIBIQ4QjeLAECBAgQEGE3QIAAAQIEIgERjuDNEiBAgAABEXYDBAgQIEAgEhDhCN4sAQIECBAQYTdAgAABAgQiARGO4M0SIECAAAERdgMECBAgQCASEOEI3iwBAgQIEBBhN0CAAAECBCIBEY7gzRIgQIAAARF2AwQIECBAIBIQ4QjeLAECBAgQEGE3QIAAAQIEIgERjuDNEiBAgAABEXYDBAgQIEAgEjgqws/z/F7X9RNZmCVAgACB7xf4u+/7fcqfKcKn/Ev4PQgQIEDgEwIi/AllGwQIECBA4HSBo/4nfDqW348AAQIECGwKiPCmprcIECBAgMBAQIQHWD4lQIAAAQKbAiK8qektAgQIECAwEBDhAZZPCRAgQIDApoAIb2p6iwABAgQIDAREeIDlUwIECBAgsCkgwpua3iJAgAABAgMBER5g+ZQAAQIECGwKiPCmprcIECBAgMBAQIQHWD4lQIAAAQKbAiK8qektAgQIECAwEBDhAZZPCRAgQIDApoAIb2p6iwABAgQIDAREeIDlUwIECBAgsCkgwpua3iJAgAABAgMBER5g+ZQAAQIECGwKiPCmprcIECBAgMBAQIQHWD4lQIAAAQKbAiK8qektAgQIECAwEBDhAZZPCRAgQIDApoAIb2p6iwABAgQIDAT+ASsaCnlE6/6+AAAAAElFTkSuQmCC'),
(6,33,1,2,19,39,'2020-06-18 08:55:24','2020-06-18 08:55:24',NULL,NULL,NULL,NULL,'2020-06-18 08:55:24',NULL,NULL,1,'data:image/png;base64,iVBORw0KGgoAAAANSUhEUgAAAeEAAAB4CAYAAADFVEoxAAAFQElEQVR4Xu3X0WkkQRAFwVmjtA6NXeOQ5JRsKCg2myX0PfST4gqSe11+CBAgQIAAgUTglawaJUCAAAECBC4RdgQECBAgQCASEOEI3iwBAgQIEBBhN0CAAAECBCIBEY7gzRIgQIAAARF2AwQIECBAIBIQ4QjeLAECBAgQEGE3QIAAAQIEIgERjuDNEiBAgAABEXYDBAgQIEAgEhDhCN4sAQIECBAQYTdAgAABAgQiARGO4M0SIECAAAERdgMECBAgQCASEOEI3iwBAgQIEBBhN0CAAAECBCIBEY7gzRIgQIAAARF2AwQIECBAIBIQ4QjeLAECBAgQEGE3QIAAAQIEIgERjuDNEiBAgAABEXYDBAgQIEAgEhDhCN4sAQIECBAQYTdAgAABAgQiARGO4M0SIECAAAERdgMECBAgQCASEOEI3iwBAgQIEBBhN0CAAAECBCIBEY7gzRIgQIAAARF2AwQIECBAIBIQ4QjeLAECBAgQEGE3QIAAAQIEIgERjuDNEiBAgAABEXYDBAgQIEAgEhDhCN4sAQIECBAQYTdAgAABAgQiARGO4M0SIECAAAERdgMECBAgQCASEOEI3iwBAgQIEBBhN0CAAAECBCIBEY7gzRIgQIAAARF2AwQIECBAIBIQ4QjeLAECBAgQEGE3QIAAAQIEIgERjuDNEiBAgAABEXYDBAgQIEAgEhDhCN4sAQIECBAQYTdAgAABAgQiARGO4M0SIECAAAERdgMECBAgQCASEOEI3iwBAgQIEBBhN0CAAAECBCIBEY7gzRIgQIAAARF2AwQIECBAIBIQ4QjeLAECBAgQEGE3QIAAAQIEIgERjuDNEiBAgAABEXYDBAgQIEAgEhDhCN4sAQIECBAQYTdAgAABAgQiARGO4M0SIECAAAERdgMECBAgQCASEOEI3iwBAgQIEBBhN0CAAAECBCIBEY7gzRIgQIAAARF2AwQIECBAIBIQ4QjeLAECBAgQEGE3QIAAAQIEIgERjuDNEiBAgAABEXYDBAgQIEAgEhDhCN4sAQIECBAQYTdAgAABAgQiARGO4M0SIECAAAERdgMECBAgQCASEOEI3iwBAgQIEBBhN0CAAAECBCIBEY7gzRIgQIAAARF2AwQIECBAIBIQ4QjeLAECBAgQEGE3QIAAAQIEIgERjuDNEiBAgAABEXYDBAgQIEAgEhDhCN4sAQIECBAQYTdAgAABAgQiARGO4M0SIECAAAERdgMECBAgQCASEOEI3iwBAgQIEBBhN0CAAAECBCIBEY7gzRIgQIAAARF2AwQIECBAIBIQ4QjeLAECBAgQEGE3QIAAAQIEIgERjuDNEiBAgAABEXYDBAgQIEAgEjgqws/z/F7X9RNZmCVAgACB7xf4u+/7fcqfKcKn/Ev4PQgQIEDgEwIi/AllGwQIECBA4HSBo/4nfDqW348AAQIECGwKiPCmprcIECBAgMBAQIQHWD4lQIAAAQKbAiK8qektAgQIECAwEBDhAZZPCRAgQIDApoAIb2p6iwABAgQIDAREeIDlUwIECBAgsCkgwpua3iJAgAABAgMBER5g+ZQAAQIECGwKiPCmprcIECBAgMBAQIQHWD4lQIAAAQKbAiK8qektAgQIECAwEBDhAZZPCRAgQIDApoAIb2p6iwABAgQIDAREeIDlUwIECBAgsCkgwpua3iJAgAABAgMBER5g+ZQAAQIECGwKiPCmprcIECBAgMBAQIQHWD4lQIAAAQKbAiK8qektAgQIECAwEBDhAZZPCRAgQIDApoAIb2p6iwABAgQIDAT+ASsaCnlE6/6+AAAAAElFTkSuQmCC','data:image/png;base64,iVBORw0KGgoAAAANSUhEUgAAAeEAAAB4CAYAAADFVEoxAAAGCklEQVR4Xu3XMU5WURCG4fPTiT21m5CNWFuxAxOtrXUNrMF9yAJsbUxMrG3BEC2MRnDC8H+TnIf6cOfe50zywmH5IUCAAAECBCICh8hUQwkQIECAAIElwpaAAAECBAiEBEQ4BG8sAQIECBAQYTtAgAABAgRCAiIcgjeWAAECBAiIsB0gQIAAAQIhAREOwRtLgAABAgRE2A4QIECAAIGQgAiH4I0lQIAAAQIibAcIECBAgEBIQIRD8MYSIECAAAERtgMECBAgQCAkIMIheGMJECBAgIAI2wECBAgQIBASEOEQvLEECBAgQECE7QABAgQIEAgJiHAI3lgCBAgQICDCdoAAAQIECIQERDgEbywBAgQIEBBhO0CAAAECBEICIhyCN5YAAQIECIiwHSBAgAABAiEBEQ7BG0uAAAECBETYDhAgQIAAgZCACIfgjSVAgAABAiJsBwgQIECAQEhAhEPwxhIgQIAAARG2AwQIECBAICQgwiF4YwkQIECAgAjbAQIECBAgEBIQ4RC8sQQIECBAQITtAAECBAgQCAmIcAjeWAIECBAgIMJ2gAABAgQIhAREOARvLAECBAgQEGE7QIAAAQIEQgIiHII3lgABAgQIiLAdIECAAAECIQERDsEbS4AAAQIERNgOECBAgACBkIAIh+CNJUCAAAECImwHCBAgQIBASECEQ/DGEiBAgAABEbYDBAgQIEAgJCDCIXhjCRAgQICACNsBAgQIECAQEhDhELyxBAgQIEBAhO0AAQIECBAICYhwCN5YAgQIECAgwnaAAAECBAiEBEQ4BG8sAQIECBAQYTtAgAABAgRCAiIcgjeWAAECBAiIsB0gQIAAAQIhAREOwRtLgAABAgRE2A4QIECAAIGQgAiH4I0lQIAAAQIibAcIECBAgEBIQIRD8MYSIECAAAERtgMECBAgQCAkIMIheGMJECBAgIAI2wECBAgQIBASEOEQvLEECBAgQECE7QABAgQIEAgJiHAI3lgCBAgQICDCdoAAAQIECIQERDgEbywBAgQIEBBhO0CAAAECBEICIhyCN/ZW4N2LtQ5P1jp8ut/j+tnPMyef7z97e6J6/venPuR3HzL7oXM7v2HSs6oud54/W+v69O89Ovm61qsv/7dbThHoExDhPktPKgm8PV3r6ffSrzhM4NEEbr6t9ebs0R7vwQT+ISDCViMk8P4mNNhYAn8K3P4x+GGt1y/REDi2gAgfW9y8XwIibBXGCFyt9fp8zNt4ka0ERHir6/axBAgQIDBJQIQn3YZ3IUCAAIGtBER4q+v2sQQIECAwSUCEJ92GdyFAgACBrQREeKvr9rEECBAgMElAhCfdhnchQIAAga0ERHir6/axBAgQIDBJQIQn3YZ3IUCAAIGtBER4q+v2sQQIECAwSUCEJ92GdyFAgACBrQREeKvr9rEECBAgMElAhCfdhnchQIAAga0ERHir6/axBAgQIDBJQIQn3YZ3IUCAAIGtBER4q+v2sQQIECAwSUCEJ92GdyFAgACBrQREeKvr9rEECBAgMElAhCfdhnchQIAAga0ERHir6/axBAgQIDBJQIQn3YZ3IUCAAIGtBER4q+v2sQQIECAwSUCEJ92GdyFAgACBrQRGRfjy8vLjWuv5VjfgYwkQIEDgmAJXFxcX58cceNcsEZ5yE96DAAECBI4hIMLHUDaDAAECBAhMFxj1n/B0LO9HgAABAgQ6BUS4U9OzCBAgQIBAQUCEC1iOEiBAgACBTgER7tT0LAIECBAgUBAQ4QKWowQIECBAoFNAhDs1PYsAAQIECBQERLiA5SgBAgQIEOgUEOFOTc8iQIAAAQIFAREuYDlKgAABAgQ6BUS4U9OzCBAgQIBAQUCEC1iOEiBAgACBTgER7tT0LAIECBAgUBAQ4QKWowQIECBAoFNAhDs1PYsAAQIECBQERLiA5SgBAgQIEOgUEOFOTc8iQIAAAQIFAREuYDlKgAABAgQ6BUS4U9OzCBAgQIBAQUCEC1iOEiBAgACBTgER7tT0LAIECBAgUBAQ4QKWowQIECBAoFNAhDs1PYsAAQIECBQEfgAlwC95pgyfIwAAAABJRU5ErkJggg=='),
(7,2,1,9,19,4,'2020-06-18 08:55:30','2020-06-18 08:55:30',NULL,NULL,NULL,NULL,NULL,'2020-06-18 08:55:30',NULL,1,'data:image/png;base64,iVBORw0KGgoAAAANSUhEUgAAAeEAAAB4CAYAAADFVEoxAAAMz0lEQVR4Xu3dfYwcdR3H8ffs1UaLCYaHghq0YDDyECU8qcQE0CIQwESIKD5EAUESI9B2d4vRSP3DtNzu2YIP2IYGkYh/kCAKaEQQEIMCoX9oSDVi1IhKKUEhAaX0dszczdHteS07d/M8702aNO3s9/v7vX6/66ezNzcT4EsBBRRQQAEFChEICulqUwUUUEABBRTAEHYTKKCAAgooUJCAIVwQvG0VUEABBRQwhN0DCiiggAIKFCRgCBcEb1sFFFBAAQUMYfeAAgoooIACBQkYwgXB21YBBRRQQAFD2D2ggAIKKKBAQQKGcEHwtlVAAQUUUMAQdg8ooIACCihQkIAhXBC8bRVQQAEFFDCE3QMKKKCAAgoUJGAIFwRvWwUUUEABBQxh94ACCiiggAIFCRjCBcHbVgEFFFBAAUPYPaCAAgoooEBBAoZwQfC2VUABBRRQwBB2DyiggAIKKFCQgCFcELxtFVBAAQUUMITdAwoooIACChQkYAgXBG9bBRRQQAEFDGH3gAIKKKCAAgUJGMIFwdtWAQUUUEABQ9g9oIACCiigQEEChnBB8LZVQAEFFFDAEHYPKKCAAgooUJCAIVwQvG0VUEABBRQwhN0DCiiggAIKFCRgCBcEb1sFFFBAAQUMYfeAAgoooIACBQkYwgXB21YBBRRQQAFD2D2gQOME+mdCuD8EW4emvhRaIQy27/qzwWEw9jdY9ZvGETlhBXISMIRzgraNAuUR6IXJxhJsg3ALsAWC7TDYCt27k9XwaAUUmEvAEHZfKNAogaQBzABo/T9RawWs2tAoOierQAYChnAGqJZUoLwCiUN4L1MJ7oPBOs+Ky7vajqz8AoZw+dfIESpQkMD6ZTB5LITHAtGv04BF8WBeBJbEv78IOjcWNEjbKlBpAUO40svn4BXIW6C/FsKr4q7R95Zn/g3ZAJ0VeY/GfgpUXcAQrvoKOn4FchfonQLcNXQmPDOCx4CroRP9nS8FFBhBwBAeAclDFFBgLoH+Rggvnf6b8DkI9oUghPD90LlfMwUUeHUBQ/jVjTxCAQX2KNC/FMKN8V/PfDz9L5g8G656SDgFFNi7gCHsDlFAgQUK9I+D8AFgH+BZYD/AIF6gqm9vhoAh3Ix1dpYKZCzQWwrcCZwwFMT/hvBT0I3+3JcCCswhYAi7LRRQICWBOYM4uoD6CGj/PqUmllGgVgKGcK2W08koULTAbkEcDya8ELrfLXpk9legjAKGcBlXxTEpUGmBqSDetmsK4Xrorqz0lBy8AhkJGMIZwVpWgWYLjF8HwRemDYJboX1+sz2cvQJzCxjC7gwFFMhAYOLzMPhmXPjX0DkpgyaWVKDyAoZw5ZfQCShQRoGpZxb/ZHpk4TboHlzGUTomBYoWMISLXgH7K1BLgd7RwO92Ta3jvzW1XGcntVABvzAWKuj7FVBgDoHZF2eNvRtWPiKVAgrsLmAIuyMUUCAjgd4O4DXxR9Id6PYzamRZBSorYAhXdukcuAJlFxi/BYIL4hC+F7rLyz5ix6dA3gKGcN7i9lOgMQL9yyC8Pp7uAMZeDyv/05jpO1EFRhAwhEdA8hAFFJiPQP9ICB/f9U4vzpqPou+pt4AhXO/1dXYKFCzQix5vGL+aGMLrjoLWDuj+seCFsH1JBQzhki6Mw1KgHgJNDuE1i2GfJ4EDYWyJH8XXY0enPQtDOG1R6ymgwJBAk0O4/xSEBwG/gM4H3BYKzCVgCLsvFFAgQ4GmhnDvEmDTNGzrLFgV3z0sQ2pLV1LAEK7ksjloBaoi0NgQfgbYH9gKnSOrslqOM38BQzh/czsq0CCBJobwRBsGvelFHnwYVt/eoAV3qgkFDOGEYB6ugAJJBJoYwr2dwBjwHHTekETLY5snYAg3b82dsQI5CjQthMfvgSC+CGvscFj5RI7YtqqggCFcwUVzyApUR6BJIdxbCUxMr014LXSvrM46OdKiBAzhouTtq0AjBJoSwteMQ6sTL+nz0Nm3EcvrJBcsYAgvmNACCiiwZ4G6h/CaRbDPjcAnY4OXobPYHaHAqAKG8KhSHqeAAvMQqHMIj38Ugugq6ENimIcgPA+6T80Dyrc0VMAQbujCO20F8hGoawhfcyqM3QvhzL+hPeh08zG1S50EDOE6raZzUaB0AsMh/MLrYM1/SzfExANadxYsuiMO4EkIL4DurYnL+AYFAEPYbaCAAhkKvBLC/4DOmzNslFPpiUtgED0jOfo54Ojngd8HnYdzam6bGgoYwjVcVKekQDkEet8BPjc9luB4aD9WjnHNdxQT62CwOn73s8AR0Hl6vtV8nwJTXxkyKKCAAukL9A6F4E/xR7a3Qee89HvkVbF3DnAtcGjc8SXgLQZwXv717mMI13t9nZ0CBQn0H4bwRAhfhNfuB5dHwVWx18S7YLAOOGNo4AZwxVax7MM1hMu+Qo5PgdwFpq78nQReGGq9FFohDLbPGs5bo2f1QRg9NSh+hWdCMHOl8E3Q+UzuU1hQw/4BMHkltL40VGYAfBk6axdU2jcrMEvAEHZLKKAA8PXjYedyCE6edeaXhs7fgfuAxyB4HNo/T6NoNjXGL4Lga8DBQ/V/BKyAzp+z6WnVJgsYwk1efefeEIHxk6fPYnc7s40es3cYtN4G4fFAVt+zjc4gW7Ogn4DB96H1DATRjS2Gwm2wDBa9MMcZ90yJpTBYAq2/vMpZ+lxn7ns4mw8PB94JnA4cO1Q3+nGq86FzR0M2itMsQMAQLgDdlgrkIzBxNgwuBaILi8rwemn6Qq2g7Ld1fA4GG2DxRljxzzLAOYb6ChjC9V1bZ9ZYgSh8Jy+H4LQEBNth8G1oRVcy/zbB+4D+ZRB+a9cZb7AM2n+FtdFZ7TIIz4Yg+o/A25PVzf3o6Pvg18LOb8AXh8+0cx+IDZsjYAg3Z62dae0FekdD8BUIPzLiVKPQ+RlwOwQ/hPbQxVUjVqC3Brh66OhToXP/3O8e/2D8H4Po+87HzfEx9ahN0z5uBwzWQvBj6G5Ju7j1FNibgCHs/lCg8gLr3wg72tCKnl87/P3XmyH4AbR/mv4U+6dBOA4cM107iG7fuHzPAZz+CKyoQB0EDOE6rKJzaKhA7xQIPwF8HIIlQwgPwuCrsPrebGDGr4Bgw1DtlyBYDu1fZdPPqgrUV8AQru/aOrPaCvSWA6vm+FGiHcDl0NmYzdTXHwM7o2fnxme/U12ug84V2fSzqgL1FzCE67/GzrBWAutOgrEHZ33s/AcIb4DFN8OV27KZbu8SYNNQ7SjwT/fj52y0rdocAUO4OWvtTCsvED1Cbyz6mdWZr9sHINgM7Zuzm9qGg2DnJgg/NNTDs9/swK3cMAFDuGEL7nSrKjAVwLcDi4CXoXUurLoz29lMXc0cffz8prhPdPOKMz37zVbd6s0SMISbtd7OtpIC/c9CGD0WMHqGbQ6P0Ou9F4iutD7fs99KbhgHXSEBQ7hCi+VQmyjQfweEW+OZZxDA0UVewVEQHhjfsjG6hWX0+5nX8zC4EFbf1kR956xA1gKGcNbC1ldgQQK96NF58W0egzOgHd1cI4VX7yzgIuDcvRR7FAafhtUz/wlIoa8lFFBgWMAQdj8oUGqB4RAOO9Dtz3+4E++B8GMwOAeCw/ZSZwBBG9rr59/LdyqgwCgChvAoSh6jQGEC47dAcEHc/pcQrNx9KK0DYRB9HT89a4iHAAdAuCz+mDm6TeTSOaYR3brybmALBFtgbAus8L7Jha23jZsmYAg3bcWdb8UEph6OcH36gw5vheAm6NyVfm0rKqDAqAKG8KhSHqdAIQL9IyF8PKXWk9MPeJj8Hqx+MqWallFAgQUIGMILwPOtCuQjMPx94VE7Bi9DeI8fM4/q5XEKFCNgCBfjblcFFFBAAQVeuf2dFAoooIACCiiQs0CpzoQ3b978CHBCzga2U0ABBRRojsCjF1988Yllma4hXJaVcBwKKKCAAnkIGMJ5KNtDAQUUUECBsguU6ky47FiOTwEFFFBAgTQFDOE0Na2lgAIKKKBAAgFDOAGWhyqggAIKKJCmgCGcpqa1FFBAAQUUSCBgCCfA8lAFFFBAAQXSFDCE09S0lgIKKKCAAgkEDOEEWB6qgAIKKKBAmgKGcJqa1lJAAQUUUCCBgCGcAMtDFVBAAQUUSFPAEE5T01oKKKCAAgokEDCEE2B5qAIKKKCAAmkKGMJpalpLAQUUUECBBAKGcAIsD1VAAQUUUCBNAUM4TU1rKaCAAgookEDAEE6A5aEKKKCAAgqkKWAIp6lpLQUUUEABBRIIGMIJsDxUAQUUUECBNAUM4TQ1raWAAgoooEACAUM4AZaHKqCAAgookKaAIZymprUUUEABBRRIIGAIJ8DyUAUUUEABBdIUMITT1LSWAgoooIACCQT+By8t1YjMNzuvAAAAAElFTkSuQmCC','data:image/png;base64,iVBORw0KGgoAAAANSUhEUgAAAeEAAAB4CAYAAADFVEoxAAAFQElEQVR4Xu3X0WkkQRAFwVmjtA6NXeOQ5JRsKCg2myX0PfST4gqSe11+CBAgQIAAgUTglawaJUCAAAECBC4RdgQECBAgQCASEOEI3iwBAgQIEBBhN0CAAAECBCIBEY7gzRIgQIAAARF2AwQIECBAIBIQ4QjeLAECBAgQEGE3QIAAAQIEIgERjuDNEiBAgAABEXYDBAgQIEAgEhDhCN4sAQIECBAQYTdAgAABAgQiARGO4M0SIECAAAERdgMECBAgQCASEOEI3iwBAgQIEBBhN0CAAAECBCIBEY7gzRIgQIAAARF2AwQIECBAIBIQ4QjeLAECBAgQEGE3QIAAAQIEIgERjuDNEiBAgAABEXYDBAgQIEAgEhDhCN4sAQIECBAQYTdAgAABAgQiARGO4M0SIECAAAERdgMECBAgQCASEOEI3iwBAgQIEBBhN0CAAAECBCIBEY7gzRIgQIAAARF2AwQIECBAIBIQ4QjeLAECBAgQEGE3QIAAAQIEIgERjuDNEiBAgAABEXYDBAgQIEAgEhDhCN4sAQIECBAQYTdAgAABAgQiARGO4M0SIECAAAERdgMECBAgQCASEOEI3iwBAgQIEBBhN0CAAAECBCIBEY7gzRIgQIAAARF2AwQIECBAIBIQ4QjeLAECBAgQEGE3QIAAAQIEIgERjuDNEiBAgAABEXYDBAgQIEAgEhDhCN4sAQIECBAQYTdAgAABAgQiARGO4M0SIECAAAERdgMECBAgQCASEOEI3iwBAgQIEBBhN0CAAAECBCIBEY7gzRIgQIAAARF2AwQIECBAIBIQ4QjeLAECBAgQEGE3QIAAAQIEIgERjuDNEiBAgAABEXYDBAgQIEAgEhDhCN4sAQIECBAQYTdAgAABAgQiARGO4M0SIECAAAERdgMECBAgQCASEOEI3iwBAgQIEBBhN0CAAAECBCIBEY7gzRIgQIAAARF2AwQIECBAIBIQ4QjeLAECBAgQEGE3QIAAAQIEIgERjuDNEiBAgAABEXYDBAgQIEAgEhDhCN4sAQIECBAQYTdAgAABAgQiARGO4M0SIECAAAERdgMECBAgQCASEOEI3iwBAgQIEBBhN0CAAAECBCIBEY7gzRIgQIAAARF2AwQIECBAIBIQ4QjeLAECBAgQEGE3QIAAAQIEIgERjuDNEiBAgAABEXYDBAgQIEAgEhDhCN4sAQIECBAQYTdAgAABAgQiARGO4M0SIECAAAERdgMECBAgQCASEOEI3iwBAgQIEBBhN0CAAAECBCIBEY7gzRIgQIAAARF2AwQIECBAIBIQ4QjeLAECBAgQEGE3QIAAAQIEIgERjuDNEiBAgAABEXYDBAgQIEAgEjgqws/z/F7X9RNZmCVAgACB7xf4u+/7fcqfKcKn/Ev4PQgQIEDgEwIi/AllGwQIECBA4HSBo/4nfDqW348AAQIECGwKiPCmprcIECBAgMBAQIQHWD4lQIAAAQKbAiK8qektAgQIECAwEBDhAZZPCRAgQIDApoAIb2p6iwABAgQIDAREeIDlUwIECBAgsCkgwpua3iJAgAABAgMBER5g+ZQAAQIECGwKiPCmprcIECBAgMBAQIQHWD4lQIAAAQKbAiK8qektAgQIECAwEBDhAZZPCRAgQIDApoAIb2p6iwABAgQIDAREeIDlUwIECBAgsCkgwpua3iJAgAABAgMBER5g+ZQAAQIECGwKiPCmprcIECBAgMBAQIQHWD4lQIAAAQKbAiK8qektAgQIECAwEBDhAZZPCRAgQIDApoAIb2p6iwABAgQIDAT+ASsaCnlE6/6+AAAAAElFTkSuQmCC'),
(8,30,1,2,19,36,'2020-06-18 08:55:35','2020-06-18 08:55:35',NULL,NULL,NULL,NULL,'2020-06-18 08:55:35',NULL,NULL,1,'data:image/png;base64,iVBORw0KGgoAAAANSUhEUgAAAeEAAAB4CAYAAADFVEoxAAALkElEQVR4Xu3dXYhcZx3H8e+Z3UTbTaKBJG0v8kJALYkvMcS0XUQrVEVtaosWKRhvcrG1iDVhz+bCggFbcTObRtKLSiAUoSi+QMUiVUq1oqW2wVgtbRG0JjHapkaJoYnGzc6R09lmX7pm98ycmeecM9+BXDRzzvP//z/P0/1lkp3ZCB8KKKCAAgooEEQgClLVogoooIACCiiAIewhUEABBRRQIJCAIRwI3rIKKKCAAgoYwp4BBRRQQAEFAgkYwoHgLauAAgoooIAh7BlQQAEFFFAgkIAhHAjesgoooIACChjCngEFFFBAAQUCCRjCgeAtq4ACCiiggCHsGVBAAQUUUCCQgCEcCN6yCiiggAIKGMKeAQUUUEABBQIJGMKB4C2rgAIKKKCAIewZUEABBRRQIJCAIRwI3rIKKKCAAgoYwp4BBRRQQAEFAgkYwoHgLauAAgoooIAh7BlQQAEFFFAgkIAhHAjesgoooIACChjCngEFFFBAAQUCCRjCgeAtq4ACCiiggCHsGVBAAQUUUCCQgCEcCN6yCiiggAIKGMKeAQUUUEABBQIJGMKB4C2rgAIKKKCAIewZUEABBRRQIJCAIRwI3rIKKKCAAgoYwp4BBRRQQAEFAgkYwoHgLauAAgoooIAh7BlQQAEFFFAgkIAhHAjesgoooIACChjCngEFFFBAAQUCCRjCgeAtq4ACCiiggCHsGVCgsgJ7PwXRZRC9MPeIjXXN368dfePzl3ouvXq+51kLjSUQHZ+j9pXAeYgfqiy9gymwQAFDeIFQXqZAuQT2XA4DZwve8ylIHgOegP6nYNfTBe/X9hTIXcAQzp3UBRUogkA9KUIXl+ihkb4En/X8CYiehMbvIfodxA8XfAbbU6BtAUO4bUIXUKCIAoUP4elo/wb6gUUzJaOTkBwBjkDtJUhehOFHiqhtTwq0KmAItyrnfQoo0KJA/TqIrgXeDclGYAMwMGuxuV4pA8sGYOhci4W9TYHCCRjChdsSG1Kg1wTGVkByC3Az8DHgEl+X+q7x34577XxUe15DuNr763QKlFBg/zqY2AzJZiD99dGpfz9OYhgZK+FQtqzAnAKGsAdDAQUKLrD32xDd1mwyeRRGPlLwhm1PgQULGMILpvJCBRQIIzB2OyT3T9ZOoG8AdqXfzOVDgdILGMKl30IHUKDqAmMbIHluasrYr1tV3/Iems/D3EOb7agKlFdg+luuDOHy7qOdzxYwhD0TCihQAgFDuASbZIstCBjCLaB5iwIKdFvAEO62uPW6I2AId8fZKgoo0JaAIdwWnzcXVsAQLuzW2JgCCkwJGMKehmoKGMLV3FenUqBiAhdD+DTEyys2nOP0sIAh3MOb7+gKlEOgfj3w82av0W4Y3luOvu1SgfkFDOH5jbxCAQWCCozugdpXmi0k74WRZ4K2Y3EFchQwhHPEdCkFFOiEQP1Z4J3ACxCnP3HJhwKVETCEK7OVDqJAFQVGt0LtqcnJtkP8YBWndKbeFTCEe3fvnVyBEgjUfwts8lVwCbbKFlsSMIRbYvMmBRTovED9PuALk3Vugvjhzte0ggLdFTCEu+ttNQUUmFfg3g9C42uQDE5e+heI18x7mxcoUEIBQ7iEm2bLClRXYPRDUPvZ1HzJORgZqO68TtbrAoZwr58A51egMAKjW6B2eFo7ByC+szDt2YgCHRAwhDuA6pIKKJBVYM9iGDg/edcF4MMQP551Fa9XoGwChnDZdsx+FaicwDfWwPifgRrwT+i7Bnb9sXJjOpACcwgYwh4LBRQIKDB6E/T9AJJFkP77b/I22P23gA1ZWoGuChjCXeW2mAIKNAX2rYbGLuBLU38F3b8Sdp5WSIFeEjCEe2m3nVWB4AKvhe89wPaZrSxbDEPjwduzAQW6LGAIdxnccgr0psDY+yFJX/neMmv+sxAv6U0Tp1YADGFPgQIKdFBg343Q+Dzw8VlF/gTcA/EDHSzu0goUXsAQLvwW2aACZROofxL4NLAFuHpm98l/ILrD8C3bntpvpwQM4U7Juq4CPSUwuhT6boTkNmDbHKOnn4L1Vd/721OHwmEXIGAILwDJSxRQ4OvvAjZC38uzLK5rfsZz9AFg2aznJiD6BfBT4LE5DFdB43KoHX3jc7WXYddfYe+tUHsJhn/lHihQRQFDuIq76kwKtC1QH4JkM0RvB94DLG97yUwLJH+HkVVQT5q3xX6tyuTnxWUR8GCXZafsU4GOCNQHoHEz1AYheQdEG4FVk59e1ZGKC1j0LPAQ8Nmpa6MtMPybBdzrJQqUSsAQLtV22awCWQX23wAT64EBSFY2AzZaD8lVwBXdf4W7oP4PQ7x16lVwek80BMMHF3S3FylQIgFDuESbZasKZBd4/a9zs9859x3RODS+CXwXRp7Ia9W516k/CtzQfC45CCNDna3n6gp0X8AQ7r65FRXokkD9DLB0gcVegeTXEH0H+n7Z/Kao0I/63cCXJ7t4EuLB0B1ZX4G8BQzhvEVdT4HCCNRfbf419OxHlECS/pCEZ6DxE+CHsPtEYdq+2Eg9favTjyb/8wTEq4vXox0p0J6AIdyen3croEDHBMY2QPJcc/n0Dw7D6Y869KFApQQM4Uptp8MoUCWBA8vg/L+mJvJtSlXaXWeZ/OOlEAoooEBxBaZ/Y5khXNx9srNWBXwl3Kqc9ymgQBcEDOEuIFsioIAhHBDf0gooMJ+AITyfkM+XW8AQLvf+2b0CFRcwhCu+wT0/niHc80dAAAWKLGAIF3l37K19AUO4fUNXUECBjgnM+MSvJRCnnyvtQ4HKCBjCldlKB1GgigIXQ/g0xF3+SU5V9HSmogkYwkXbEftRQIFJgRkf1nEQhv3saM9G5QQM4cptqQMpUBWBsdshuX9ymu0QP1iVyZxDgdcFDGHPggIKFFSgnv784M3N5hpXw+4/FLRR21KgZQFDuGU6b1RAgc4I7N8EFx4ANjXXT07CyJWdqeWqCoQVMITD+ltdAQUuCuy/CsbvgOiuaSgTEPeLpEBVBQzhqu6scylQGoE0fP87BLUvAtO/A/oAxHeWZgwbVaAFAUO4BTRvUUCBPAT2DcLE56D2GUjeOrVi9Cok2yB+PI8qrqFAkQUM4SLvjr0pUEmB+ieA9O1G22aOlzwL0d0Qf6+SYzuUAnMIGMIeCwV6QiB9z23fOdh5tLPj7rsWJlZD7cWZdWorIbkeJm6FaP3M56L02lEYPtjZ3lxdgeIJGMLF2xM7UiBngXsvg4mTwFKITkJyBDgC0VFI/gHR8amCaVg20q8Lr1z69157djWwApJ1zbcSRZshuSJD8xeAu2DZfTB0LsN9XqpAZQQM4cpspYMo8P8E6mkAvwVI/39fHN4p+T5E34L4x+F7sQMFwgoUKoQPHTr0NPC+sCRWV6BaAjt3nubMmUbQoRYtiti27c0MDr6J5ctrQXuxeM8LHN6xY8fWoigYwkXZCftQoIMCp041OHbsAseOTXD8+AWef36ciYn2Cvb1wYYNi1izpp+1a/tYu7afFSsM2PZUvbsLAoZwF5AtoYACCiigQOEFCvVKuPBaNqiAAgoooECOAoZwjpgupYACCiigQBYBQziLltcqoIACCiiQo4AhnCOmSymggAIKKJBFwBDOouW1CiiggAIK5ChgCOeI6VIKKKCAAgpkETCEs2h5rQIKKKCAAjkKGMI5YrqUAgoooIACWQQM4SxaXquAAgoooECOAoZwjpgupYACCiigQBYBQziLltcqoIACCiiQo4AhnCOmSymggAIKKJBFwBDOouW1CiiggAIK5ChgCOeI6VIKKKCAAgpkETCEs2h5rQIKKKCAAjkKGMI5YrqUAgoooIACWQQM4SxaXquAAgoooECOAoZwjpgupYACCiigQBYBQziLltcqoIACCiiQo4AhnCOmSymggAIKKJBFwBDOouW1CiiggAIK5ChgCOeI6VIKKKCAAgpkEfgfQHdeiL4jjIoAAAAASUVORK5CYII=','data:image/png;base64,iVBORw0KGgoAAAANSUhEUgAAAeEAAAB4CAYAAADFVEoxAAAFQElEQVR4Xu3X0WkkQRAFwVmjtA6NXeOQ5JRsKCg2myX0PfST4gqSe11+CBAgQIAAgUTglawaJUCAAAECBC4RdgQECBAgQCASEOEI3iwBAgQIEBBhN0CAAAECBCIBEY7gzRIgQIAAARF2AwQIECBAIBIQ4QjeLAECBAgQEGE3QIAAAQIEIgERjuDNEiBAgAABEXYDBAgQIEAgEhDhCN4sAQIECBAQYTdAgAABAgQiARGO4M0SIECAAAERdgMECBAgQCASEOEI3iwBAgQIEBBhN0CAAAECBCIBEY7gzRIgQIAAARF2AwQIECBAIBIQ4QjeLAECBAgQEGE3QIAAAQIEIgERjuDNEiBAgAABEXYDBAgQIEAgEhDhCN4sAQIECBAQYTdAgAABAgQiARGO4M0SIECAAAERdgMECBAgQCASEOEI3iwBAgQIEBBhN0CAAAECBCIBEY7gzRIgQIAAARF2AwQIECBAIBIQ4QjeLAECBAgQEGE3QIAAAQIEIgERjuDNEiBAgAABEXYDBAgQIEAgEhDhCN4sAQIECBAQYTdAgAABAgQiARGO4M0SIECAAAERdgMECBAgQCASEOEI3iwBAgQIEBBhN0CAAAECBCIBEY7gzRIgQIAAARF2AwQIECBAIBIQ4QjeLAECBAgQEGE3QIAAAQIEIgERjuDNEiBAgAABEXYDBAgQIEAgEhDhCN4sAQIECBAQYTdAgAABAgQiARGO4M0SIECAAAERdgMECBAgQCASEOEI3iwBAgQIEBBhN0CAAAECBCIBEY7gzRIgQIAAARF2AwQIECBAIBIQ4QjeLAECBAgQEGE3QIAAAQIEIgERjuDNEiBAgAABEXYDBAgQIEAgEhDhCN4sAQIECBAQYTdAgAABAgQiARGO4M0SIECAAAERdgMECBAgQCASEOEI3iwBAgQIEBBhN0CAAAECBCIBEY7gzRIgQIAAARF2AwQIECBAIBIQ4QjeLAECBAgQEGE3QIAAAQIEIgERjuDNEiBAgAABEXYDBAgQIEAgEhDhCN4sAQIECBAQYTdAgAABAgQiARGO4M0SIECAAAERdgMECBAgQCASEOEI3iwBAgQIEBBhN0CAAAECBCIBEY7gzRIgQIAAARF2AwQIECBAIBIQ4QjeLAECBAgQEGE3QIAAAQIEIgERjuDNEiBAgAABEXYDBAgQIEAgEhDhCN4sAQIECBAQYTdAgAABAgQiARGO4M0SIECAAAERdgMECBAgQCASEOEI3iwBAgQIEBBhN0CAAAECBCIBEY7gzRIgQIAAARF2AwQIECBAIBIQ4QjeLAECBAgQEGE3QIAAAQIEIgERjuDNEiBAgAABEXYDBAgQIEAgEjgqws/z/F7X9RNZmCVAgACB7xf4u+/7fcqfKcKn/Ev4PQgQIEDgEwIi/AllGwQIECBA4HSBo/4nfDqW348AAQIECGwKiPCmprcIECBAgMBAQIQHWD4lQIAAAQKbAiK8qektAgQIECAwEBDhAZZPCRAgQIDApoAIb2p6iwABAgQIDAREeIDlUwIECBAgsCkgwpua3iJAgAABAgMBER5g+ZQAAQIECGwKiPCmprcIECBAgMBAQIQHWD4lQIAAAQKbAiK8qektAgQIECAwEBDhAZZPCRAgQIDApoAIb2p6iwABAgQIDAREeIDlUwIECBAgsCkgwpua3iJAgAABAgMBER5g+ZQAAQIECGwKiPCmprcIECBAgMBAQIQHWD4lQIAAAQKbAiK8qektAgQIECAwEBDhAZZPCRAgQIDApoAIb2p6iwABAgQIDAT+ASsaCnlE6/6+AAAAAElFTkSuQmCC'),
(9,2,1,9,19,4,'2020-06-18 08:55:41','2020-06-18 08:55:41',NULL,NULL,NULL,NULL,'2020-06-18 08:55:41',NULL,NULL,1,'data:image/png;base64,iVBORw0KGgoAAAANSUhEUgAAAeEAAAB4CAYAAADFVEoxAAAFQElEQVR4Xu3X0WkkQRAFwVmjtA6NXeOQ5JRsKCg2myX0PfST4gqSe11+CBAgQIAAgUTglawaJUCAAAECBC4RdgQECBAgQCASEOEI3iwBAgQIEBBhN0CAAAECBCIBEY7gzRIgQIAAARF2AwQIECBAIBIQ4QjeLAECBAgQEGE3QIAAAQIEIgERjuDNEiBAgAABEXYDBAgQIEAgEhDhCN4sAQIECBAQYTdAgAABAgQiARGO4M0SIECAAAERdgMECBAgQCASEOEI3iwBAgQIEBBhN0CAAAECBCIBEY7gzRIgQIAAARF2AwQIECBAIBIQ4QjeLAECBAgQEGE3QIAAAQIEIgERjuDNEiBAgAABEXYDBAgQIEAgEhDhCN4sAQIECBAQYTdAgAABAgQiARGO4M0SIECAAAERdgMECBAgQCASEOEI3iwBAgQIEBBhN0CAAAECBCIBEY7gzRIgQIAAARF2AwQIECBAIBIQ4QjeLAECBAgQEGE3QIAAAQIEIgERjuDNEiBAgAABEXYDBAgQIEAgEhDhCN4sAQIECBAQYTdAgAABAgQiARGO4M0SIECAAAERdgMECBAgQCASEOEI3iwBAgQIEBBhN0CAAAECBCIBEY7gzRIgQIAAARF2AwQIECBAIBIQ4QjeLAECBAgQEGE3QIAAAQIEIgERjuDNEiBAgAABEXYDBAgQIEAgEhDhCN4sAQIECBAQYTdAgAABAgQiARGO4M0SIECAAAERdgMECBAgQCASEOEI3iwBAgQIEBBhN0CAAAECBCIBEY7gzRIgQIAAARF2AwQIECBAIBIQ4QjeLAECBAgQEGE3QIAAAQIEIgERjuDNEiBAgAABEXYDBAgQIEAgEhDhCN4sAQIECBAQYTdAgAABAgQiARGO4M0SIECAAAERdgMECBAgQCASEOEI3iwBAgQIEBBhN0CAAAECBCIBEY7gzRIgQIAAARF2AwQIECBAIBIQ4QjeLAECBAgQEGE3QIAAAQIEIgERjuDNEiBAgAABEXYDBAgQIEAgEhDhCN4sAQIECBAQYTdAgAABAgQiARGO4M0SIECAAAERdgMECBAgQCASEOEI3iwBAgQIEBBhN0CAAAECBCIBEY7gzRIgQIAAARF2AwQIECBAIBIQ4QjeLAECBAgQEGE3QIAAAQIEIgERjuDNEiBAgAABEXYDBAgQIEAgEhDhCN4sAQIECBAQYTdAgAABAgQiARGO4M0SIECAAAERdgMECBAgQCASEOEI3iwBAgQIEBBhN0CAAAECBCIBEY7gzRIgQIAAARF2AwQIECBAIBIQ4QjeLAECBAgQEGE3QIAAAQIEIgERjuDNEiBAgAABEXYDBAgQIEAgEjgqws/z/F7X9RNZmCVAgACB7xf4u+/7fcqfKcKn/Ev4PQgQIEDgEwIi/AllGwQIECBA4HSBo/4nfDqW348AAQIECGwKiPCmprcIECBAgMBAQIQHWD4lQIAAAQKbAiK8qektAgQIECAwEBDhAZZPCRAgQIDApoAIb2p6iwABAgQIDAREeIDlUwIECBAgsCkgwpua3iJAgAABAgMBER5g+ZQAAQIECGwKiPCmprcIECBAgMBAQIQHWD4lQIAAAQKbAiK8qektAgQIECAwEBDhAZZPCRAgQIDApoAIb2p6iwABAgQIDAREeIDlUwIECBAgsCkgwpua3iJAgAABAgMBER5g+ZQAAQIECGwKiPCmprcIECBAgMBAQIQHWD4lQIAAAQKbAiK8qektAgQIECAwEBDhAZZPCRAgQIDApoAIb2p6iwABAgQIDAT+ASsaCnlE6/6+AAAAAElFTkSuQmCC','data:image/png;base64,iVBORw0KGgoAAAANSUhEUgAAAeEAAAB4CAYAAADFVEoxAAAQaklEQVR4Xu3dfbBcdXnA8e/ZG2IMIBAFzCQmgcpbaGwlYAs4FQenrY1tbUHpWI0VSmO145jknht07JAZS4U9m2QG20rpBKfElupYOlVK5Q8ptKa8NWixFQMJJJAKviWBAWMwd0/nlz03byRk9969e96+O7OzJPec3+95Ps8Jz93dc84vwocCCiiggAIK5CIQ5TKrkyqggAIKKKAANmEPAgUUUEABBXISsAnnBO+0CiiggAIK2IQ9BhRQQAEFFMhJwCacE7zTKqCAAgooYBP2GFBAAQUUUCAnAZtwTvBOq4ACCiiggE3YY0ABBRRQQIGcBGzCOcE7rQIKKKCAAjZhjwEFFFBAAQVyErAJ5wTvtAoooIACCtiEPQYUUEABBRTIScAmnBO80yqggAIKKGAT9hhQQAEFFFAgJwGbcE7wTquAAgoooIBN2GNAAQUUUECBnARswjnBO60CCiiggAI2YY8BBRRQQAEFchKwCecE77QKKKCAAgrYhD0GFFBAAQUUyEnAJpwTvNMqoIACCihgE/YYUEABBRRQICcBm3BO8E6rgAIKKKCATdhjQAEFFFBAgZwEbMI5wTutAvkKrHoXpM/A8IZ843B2BeotYBOud/3NvpYCydXAzZ3UY/8fUMtjwKSLIuA/wKJUwjgUGIhAay2kV2ZT7YB4xkCmdRIFFDisgE3YA0OB2gi0Hof0jfvT9V1wbUpvooUVsAkXtjQG1ptA6/LO9sNf7m2/Omzdeh2k3wcaWbbrYcpiWPpEHbI3RwWKLGATLnJ1jK1LgesvgqH1nY2HpsOyXV3uWIPNVl0E7buBV2XJfgbiT9YgcVNUoBQCNuFSlMkgjyxw/SIYuiP7+XaIX6vWmEBrLqRbsj89D+kVMPI1fRRQoDgCNuHi1MJIeha44UPQCGf5Tuns6nec+wlvfBXsfiGzeQmiN8Pwd3omdgcFFJhUAZvwpPI6+OQJNK+EaO3+d8CcA/EPJm++so08dhZ0lALvhOG7ypaB8SpQBwGbcB2qXLkcD2rALwFvsAEfWOTVs2B0EzAN+FeIf6Nyh4AJKVARAZtwRQpZnzSS3wNuy/LdA8yyAR9a/VUfhfZfdP42XQQjd9bn+DBTBcolYBMuV71qHm1zMUR/myHsgsZZsPzpmqMcJv3kqc6nA3wH4nP1UUCB4grYhItbGyM7SKD5BxB9fv874BePhZXho2gfBwmEe0K3v9r5q2gxDK8TSAEFiitgEy5ubYxsn0BrPqT/m/3xeYhPEOdIAkn4xeQYYCvE83RSQIFiC9iEi10fo+P6E2DoR/svtYnHbjqhzcsEkv8ELszeBZ/vCkkeIgoUX8AmXPwa1TzCJCy1dx7Qhuh0GN5ac5AjpN/8B4iu6Pww/VMY+TOdFFCg+AI24eLXqMYRJrcCH8je2S2B4Wz5vRqTHDb15mqIlmY/+jzEY6skCaWAAgUXsAkXvED1DS9JwmoM2Tu7z8HIR+pr8UqZt34F0nvCWVjAeojfqpMCCpRHwCZcnlrVKNLrF8DQI1nCd0N8aY2S7zHV5m6IpgK7IJ7e485uroACOQvYhHMugNMfTmBfY3kO4hM1OpJA8z6IfhnYA1PmwNJntFJAgXIJ2ITLVa8aRJvcBCzpJBp5hu8RK95sQbQ8+/EIxOHj+wo9mmdAeypcM3ZpWoVyMxUF9gvYhD0aCiSQnAbRZkjDcXk7xJcVKLgChZK8F/hiFtC/QPyuAgU3wVBWvQHay4CPAz+EF+fByp9McFB3V6CwAjbhwpamjoG1HoF0AaQ/gWkz4GO766jwyjnvbVLfBsINSyp0Q441F8KeDwOL9+ef3gYj7/MYUKDKAjbhKle3VLk1/xCiv+mEnMYw0ipV+AMLtvkNiC4Gfga8DeL7BjZ11xM1fxHaZ8PQs0fYZTa0j4PG7Owa8IXAKYdsuxniN3Y9pRsqUFIBm3BJC1e9sPfdbvHHEL+uevn1I6O9lyPd2xmpcQMsv6Yfo05sjFVnQroQ2gshCs00PI+fwJibgesgHrtP+ASGclcFii9gEy5+jWoQYRJWQgrvitrQmOfKSEcq+b5fVLZBHFZJGuBj5RQ4fgGMLgDelDXcC4Bj+xREWJbyj2y+fdJ0mNII2IRLU6qqBrrvMpuQ4G9BnK0AVNV8x5tX8ndA+H50kn9RufFk2H0pRLOgfQpE4SPhc7LneIM/dL+wyMTXgYchehiGHoalW/o1uOMoUCYBm3CZqlW5WJvrIHp/J610GYysqVyKfUmotRDS/+oMFX0Fhn97YsOunA7Tz4b0HIjOzp5nQHp6jx8lh4U1HoT2QzD0OKSbOq/Ltk8sPvdWoD4CNuH61LpgmSaXAP+WNZYmDK8oWIAFCqf5VYiyy5DSRTBy5ysH99fTYedciOZCOg+GstdoXufPvH6cyd0H6f0w9AC89BB84olxjuNuCiiQCdiEPRRyEkh+CoRlCXdAPCOnIEow7Q3nQON/wplYwD9D/O5O0J8JzfVMiM4Efg6iOZDOBcJzoie2tYENEIUbZYTLxu4v5lnYJSifISpwFAGbsIdIDgLJ1UC2IlJjESw/yju7HEIsxJSty4FPQ3o28FOIwicHsyE9Cwj3i57IYwfw3ey5EdInINoG7adhxbaJDOy+CijQvYBNuHsrt+ybQPNHEL0WeBTi+X0bttQDrZkJL10A0YXZ/aAvzD4pmEBW0RZIt0B4Hd3aeQ3PYx6Fj39/AgO7qwIK9EnAJtwnSIfpVmDVEmiH+0OHk4wug+Hbu92zOtuFhhuuq91zPjTOg/QtEJ06jvzCNbWbIN0Kja2QPpX991MwvHUc47mLAgoMWMAmPGBwp0vCnZ6mdD5ejV9dfY/mFdA4CUZfP4GG+x+d72fbT0L6GEzdCLMeg/eOVt/PDBWotoBNuNr1LVh2rfmQZqviRDfDcLZaUsHCnFA44azv9iXQeBvQy0fK4USo/4Y03Bf6z4GxX1CWQ7x6QiG5swIKFFbAJlzY0lQxsNaHIf1cltkHIP5C+bM8qOmGy666eWyAdAM0NnTOQh4Or9kj2dQ52zk80ptg5I+7GdBtFFCgnAI24XLWraRRJ18GsuUJR+fCNU+VI5GVU2Hau6ExE9KT9l93SzdNdw+kX4TGv7+84R6affI14Neyv70V4g+Ww8coFVBgvAI24fHKud84BPZ9Hxze5X0QRm4dxyAT3GX1q2H0TdB+MzSmQPuQa2ob4V7IYZnAseec3m7ZGM4+5h5o39u5JWP8SHcBN78E0Xuybf8e4t/vbj+3UkCBMgvYhMtcvdLFfmAT5m6IL528FPbeA/lciML30OcC4VKoM4BZPc6ZhtO4D79P+kOIvgnptzqve+6HT4zjHshJuGY6XDsdHvdBfFGPMbq5AgqUVMAmXNLClTPs1ichvQ4IZ/UOAb/Q/TvFw2XcfA9EMyAagtFssYG9Cw6EZtvvu3CFmMPNMh7oPMOiA8v+b+J1SMJ1weshDf8Wt0IcbivpQwEFaiJgE65JoYuR5g2zoRGWLRx7rIZ4+ctjW3Mi7AlnF8+ANIXoZEhndhaBT8OSh2EZv/A63kdoqOEa2+8B2yENCw6E5w5Id0JjZ/b6Y2hvhyk7Jm9RguSFbDnAXRBPH29C7qeAAuUUsAmXs24ljvqg7z5DHpshegY4qXPSU3jdd3nOePMMS+WFZh+e2yANt2F8HNgIjY0wHFb/KcCj9QVIx777fTvE9xQgKENQQIEBCtiEB4jtVEEgWQTckVmEhQLCd67ho+nxPMK75HCnqNDEvwXpg5A+ACseHc9gg90n+SXg/mzOf4L4dwc7v7MpoEARBGzCRahC7WJIdgHTjpJ2aNDhO9fwrvUHnXe07W2dj7PDQgNh3dqlJV5KLwkNODTiF6AxH5Yf+DF97Y4IE1agrgI24bpWPte8w3W3x58Ke06FxnEHhxK+kz1mCyzdmWuIkzp5652Qjq0cdR3En5rU6RxcAQUKK2ATLmxpDKy6AslGIKwD/CTEp1c3TzNTQIGjCdiEjybkzxXoq8Cqy6Ad7hwWvg6/HEb+sa/DO5gCCpRKwCZcqnIZbPkFkueB470muPyVNAMF+iFgE+6HomMo0JVAshK4trNpdP7BCzd0NYAbKaBAxQRswhUrqOkUVaAV7lG9GdLXAHdB/OtFjdS4FFBgcAI24cFZO1OtBZKvAL+Z3bLzvIndrrPWkCavQKUEbMKVKqfJFFOgeTFE3+jE1v4SrLiimHEalQIKDFrAJjxoceeroUDzuxCdBTwPQ/P7s/BDDRlNWYEKCtiEK1hUUyqSwIGXJA19FJb9VZGiMxYFFMhXwCacr7+zV15g7JKkdAuMnFb5dE1QAQV6ErAJ98Tlxgr0IpDcAnyoczJW4zTvD92LndsqUA8Bm3A96myWAxdI3g/cGi4IhuizMPyxgYfghAooUHgBm3DhS2SA5RMI1wSnj2VrJD8JI94funxFNGIFBiJgEx4Is5PUS2DfMoWj0L4IVjxYr/zNVgEFuhWwCXcr5XYKdCWw+ndg9PbOpuktMHJVV7u5kQIK1FLAJlzLspv05Am0nstuTfksxDMnbx5HVkCBKgjYhKtQRXMoiEBrKaSrO8E03gHLv16QwAxDAQUKKmATLmhhDKtsAiunwrFPA6cA34T4vLJlYLwKKDB4AZvw4M2dsZICyWeBP+mkFi2G4XWVTNOkFFCgrwI24b5yOlg9BW6YDdHjEE0D74xVz2PArBUYn4BNeHxu7qXAAQLNdRCFm3OEd8FLYPhmeRRQQIFuBGzC3Si5jQJHFFgzE/Z8L/vxcxCfKJYCCijQrYBNuFspt1PgsAJJAgxn74LfB8O3CaWAAgp0K2AT7lbK7RR4mcCNJ8PuTcBrgPUQv1UkBRRQoBcBm3AvWm6rwEECrY9A+pfZX70d4nsEUkABBXoRKFQTXrt2bbjH7gW9JOC2CuQlEMc72b69zZw5Q1x77Ql5heG8CijQm8BDV1111Vt622XytrYJT56tI1dYYP363dxyy4t7M7zyyuO4+OKpFc7W1BSolIBNuFLlNJmaCiR7gCHAM6JregSYtgL9ECjUO+F+JOQYCky+QLIIuCObZwTicIa0DwUUUKBnAZtwz2TuoEByF/CrwM9g6ARYtksTBRRQYDwCNuHxqLlPjQXCLSobYaGG8FgH8eIaY5i6AgpMUMAmPEFAd6+bQPPTEH2qk/XQJbDs3roJmK8CCvRPwCbcP0tHqoWAJ2TVoswmqcCABGzCA4J2mioIJFcD2eIMjUWw/M4qZGUOCiiQn4BNOD97Zy6dQPNZiE4FHoV4funCN2AFFCicgE24cCUxoGIKrFoC7Zs6sfkuuJg1MioFyidgEy5fzYw4F4Hk28DPAw9DvDCXEJxUAQUqJ2ATrlxJTWhyBPY2YSBeMDnjO6oCCtRRwCZcx6qbswIKKKBAIQRswoUog0EooIACCtRRwCZcx6qbswIKKKBAIQRswoUog0EooIACCtRRwCZcx6qbswIKKKBAIQRswoUog0EooIACCtRRwCZcx6qbswIKKKBAIQRswoUog0EooIACCtRRwCZcx6qbswIKKKBAIQRswoUog0EooIACCtRRwCZcx6qbswIKKKBAIQRswoUog0EooIACCtRR4P8BAG6tl2Y89D8AAAAASUVORK5CYII='),
(10,31,1,2,19,37,'2020-06-18 08:55:58','2020-06-18 08:55:58',NULL,NULL,NULL,NULL,'2020-06-18 08:55:58',NULL,NULL,1,'data:image/png;base64,iVBORw0KGgoAAAANSUhEUgAAAeEAAAB4CAYAAADFVEoxAAAMm0lEQVR4Xu3de4xcZRnH8e+Z5U7lfq8oAmpEQgLIXRCMJjQiiJgoBoyGCCZ4SbZ7tkVjJGogdIaSFFQwaaIB+QcUIUaDxYDFInejxhrLRaJcKhCwKgXa3XnN25mlu233Mtsze27fk0y2yZ7zvs/zeQ/7Y2bPnpPgpoACCiiggAK5CCS5zOqkCiiggAIKKIAh7EmggAIKKKBATgKGcE7wTquAAgoooIAh7DmggAIKKKBATgKGcE7wTquAAgoooIAh7DmggAIKKKBATgKGcE7wTquAAgoooIAh7DmggAIKKKBATgKGcE7wTquAAgoooIAh7DmggAIKKKBATgKGcE7wTquAAgoooIAh7DmggAIKKKBATgKGcE7wTquAAgoooIAh7DmggAIKKKBATgKGcE7wTquAAgoooIAh7DmggAIKKKBATgKGcE7wTquAAgoooIAh7DmggAIKKKBATgKGcE7wTquAAgoooIAh7DmggAIKKKBATgKGcE7wTquAAgoooIAh7DmggAIKKKBATgKGcE7wTquAAgoooIAh7DmggAIKKKBATgKGcE7wTqtANQVan+r0FV7e3N+OL8Aba2Hxumr2bFcKzF7AEJ69nUcqUCGB1qUQ1kN6y8ybah4A7ZMhOQWSk4FTgJ2nOP51YC0kLwAvQnip82o8B+0A7VdhYO3M5g/vAF6BRhxrmq19WGeHxjOT7Bj72G3r7zfWwuBz043u9xXYHgFDeHv0PFaBygg0Q6eVdIqfCc2TIJwMjfj1VOCdM2h/Q3xbDMkOEAZmsH+Bdon/gzB8QIEKspQKChjCFVxUW1KgN4GxAGYU0h06xy7dFUZOh+QM4HQgfq3T9hpwB6QX16lpe517AUN47s2dUYECCVx3OIw81S3ofuA+SE6F9mmQ7DJFoW8CvwdWQ1gNjSdh41NwxZMTj1k6HzbOh0Z8HQLtg4H9uq99gUOAI4CivUt+BNITC7RQllJRAUO4ogtrWwpML9A8GpKvQ7hw+n35G/AA8BA0HoSFf5zBMe6igALTCBjCniIK1Ebgur1g5EPdj5bPAo6dovU1wG+Be2BkBVzxam2YbFSBORQwhOcQ26kUmFuBZXvAhlNgNF69/MHO1cvJbpPUEC+gurnzEXNYCcNPzG2tzqZAPQUM4Xquu11XVqB5HnAMcAJwJvC2bbca/xxp058LHd75fvI5GIoh7KaAAnMoYAjPIbZTKdAfgaX7QHsBhE8DH59ijvh73PgR80MQjoPGIIQEwr9g+KD+1OaoCigwlYAh7PmhQGkFmvGd7kVADN95k7zjvReSFdBeAYsehSWfh8a3IHRvYMF/Id2jtAQWrkDJBQzhki+g5ddJoLk7ED9ufjckp0H46Da6H4HkFgi/g8b9sDBeYAVccxYMfBNCvCBrbFsJabxQy00BBXISMIRzgndaBbYtcO0FEPaH0YMgObjzYj6EQyHZfxK1NyD8CBp3wdCvtt5nyeXQuL7z0fOm7TUI34bhJa6CAgrkK2AI5+vv7AoArQWd3+kmC4AjeyB5Atq3QnIzDI/dcGPc4UvPhvZVEMb/KdId0L4CFsW/+3VTQIGcBQzhnBfA6esocPXeMPARIL7OgSTeNWqm2wjwYwh3w/Btkx/03UNh53+M+/56aJ8Li34z04ncTwEF+i9gCPff2BkU6ArEC6nCJyH5DDDZR8tt4DFInoH2s50nDPE8hBdg9GlYPD5Yp5BtxrAeuxXkMki/5jIooEDxBAzh4q2JFVVS4MqdYN76bTxJ6HlIVnVvkvEgpPF+zNu5NeO73Q93BkkugqGfbOeAHq6AAn0SMIT7BOuwCkwUaMZn6Y49EGEdJD+F5E5YeFe2Uq0bIFzeHfP7kI79O9tpHE0BBTIRMIQzYXQQBaYSaH4R+GFnj8YyCN+BoZezNdvqIqz/QLpntnM4mgIKZC1gCGct6ngKbCXQjIEbH9v3V0iPyh7oqvfAjuOvdt4A6c7Zz+OICiiQtYAhnLWo4ykwQeDay6B9Y/dd8Mdg4S+zB/IirOxNHVGBuREwhOfG2VlqK9AMndbjAxOG4x2vMt6aj3cfSRjnOR/SOzOewOEUUKCPAoZwH3EdWgEYC+G0D/+ttW6FcGFX+SuQ3qC4AgqUS6APPxjKBWC1CpRToBlv9LGiU3vycxg6v5x9WLUC9RYwhOu9/nZfWoHmBmDHTvkDJ8Hgw6VtxcIVqLGAIVzjxbf1MguMD+GQwnCrzN1YuwJ1FTCE67ry9l1ygSXxwQ1jvw++D9LxjygseW+Wr0B9BAzh+qy1nVZKoPUlCD/othSg/T6fjFSpBbaZmggYwjVZaNusmkDrKAh/gSR0nxN8N6RnV61L+1Gg6gKGcNVX2P4qLPDW74X/B8yDcBUMf6PCDduaApUTMIQrt6Q2VB+B1vEQHp3Yb+PLsPB79TGwUwXKLWAIl3v9rL72Aq1LIdy0BcMN0FgCC/9Zex4BFCi4gCFc8AWyPAWmF2jdBOHSeG/MeOeOcfvfDgPLYPD+6cdwDwUUyEPAEM5D3TkVyFyguR7YtTvsOmD8YwzvgfYqSO6CPf8Ml23MfHoHVECBWQkYwrNi8yAFiijQ/AIwCBzdra778IgJ747fBB6DsBL4BQyvKmIn1qRAXQQM4bqstH3WSGBTGF8PbPnUpvgOOb5b3qmLMQqjZ8DiB2qEY6sKFErAEC7UcliMAlkKbPpb4uMgOQ1CfODDkeNGH/v98asweo5BnKW7YykwcwFDeOZW7qlAyQVaC6D9CUjiRVxxewXYBzCIS76yll9eAUO4vGtn5QrMUqB5QOf3wZwwMYgH5sPg67Mc1MMUUGAWAobwLNA8RIHyC2wZxMndMPTZzX0tPR9GdoDh28rfqx0oUFwBQ7i4a2NlCvRZ4K0gBtITN0925S6w+9g74gMhfbHPhTi8ArUVMIRru/Q2rsBkAs2xP22KO9wC6cVaKaBAfwQM4f64OqoCJRZ4K4RHgQEIKQy3StyQpStQWAFDuLBLY2EK5CXQPBO4d+LsA/vCYLya2k0BBTIUMIQzxHQoBaoj0LoawuJuP89DOr86vdmJAsURMISLsxZWokCBBJo3Apd1Cko+AEOPFag4S1GgMgKGcGWW0kYUyEqg+S5InoIQfz78DNILshrZcRRQYKKAIewZoYACWwi0HoVwPIT1sMs+8NX40Ac3BRTog4Ah3AdUh1QgX4F4YVU4DJJnpqjj7cAI8DKEfTu3r0ziLSzP695JKz6e2Kui811IZ6+BgCFcg0W2xaoLXHMuNA7shucZwHsz6HgdpHtlMI5DKKDAFAKGsKeHAqUQaO3XeRJSMgLteZDEJyS9v/OEJPbMuIV/Q7p3xmM6nAIKbEPAEPa0UKBQAvHxg/HBCuEIYPxrv/6UGZ6G5GmIX8MfOg92WPRsf+ZyVAUU2FLAEPacUKBQAs3HgWN7LGkjhNuhsRJYCUOrezze3RVQICcBQzgneKdVYGuB5irg1MllQryQ6tfQeBHCSxBWQ/I4pH9SUwEFyilgCJdz3ay6kgLNB4FjgDWQrIGwBvj75lca/+2mgAIVEjCEK7SYtqKAAgooUC4BQ7hc62W1CiiggAIVEjCEK7SYtqKAAgooUC4BQ7hc62W1CiiggAIVEjCEK7SYtqKAAgooUC4BQ7hc62W1CiiggAIVEjCEK7SYtqKAAgooUC4BQ7hc62W1CiiggAIVEjCEK7SYtqKAAgooUC4BQ7hc62W1CiiggAIVEjCEK7SYtqKAAgooUC4BQ7hc62W1CiiggAIVEjCEK7SYtqKAAgooUC4BQ7hc62W1CiiggAIVEjCEK7SYtqKAAgooUC6BQoXw8uXLHwZOKBeh1SqggAIKlEjgkUsuueTEotRrCBdlJaxDAQUUUGAuBAzhuVB2DgUUUEABBYouUKh3wkXHsj4FFFBAAQWyFDCEs9R0LAUUUEABBXoQMIR7wHJXBRRQQAEFshQwhLPUdCwFFFBAAQV6EDCEe8ByVwUUUEABBbIUMISz1HQsBRRQQAEFehAwhHvAclcFFFBAAQWyFDCEs9R0LAUUUEABBXoQMIR7wHJXBRRQQAEFshQwhLPUdCwFFFBAAQV6EDCEe8ByVwUUUEABBbIUMISz1HQsBRRQQAEFehAwhHvAclcFFFBAAQWyFDCEs9R0LAUUUEABBXoQMIR7wHJXBRRQQAEFshQwhLPUdCwFFFBAAQV6EDCEe8ByVwUUUEABBbIUMISz1HQsBRRQQAEFehAwhHvAclcFFFBAAQWyFDCEs9R0LAUUUEABBXoQMIR7wHJXBRRQQAEFshQwhLPUdCwFFFBAAQV6EPg/SLC+iKnTFk4AAAAASUVORK5CYII=','data:image/png;base64,iVBORw0KGgoAAAANSUhEUgAAAeEAAAB4CAYAAADFVEoxAAAFQElEQVR4Xu3X0WkkQRAFwVmjtA6NXeOQ5JRsKCg2myX0PfST4gqSe11+CBAgQIAAgUTglawaJUCAAAECBC4RdgQECBAgQCASEOEI3iwBAgQIEBBhN0CAAAECBCIBEY7gzRIgQIAAARF2AwQIECBAIBIQ4QjeLAECBAgQEGE3QIAAAQIEIgERjuDNEiBAgAABEXYDBAgQIEAgEhDhCN4sAQIECBAQYTdAgAABAgQiARGO4M0SIECAAAERdgMECBAgQCASEOEI3iwBAgQIEBBhN0CAAAECBCIBEY7gzRIgQIAAARF2AwQIECBAIBIQ4QjeLAECBAgQEGE3QIAAAQIEIgERjuDNEiBAgAABEXYDBAgQIEAgEhDhCN4sAQIECBAQYTdAgAABAgQiARGO4M0SIECAAAERdgMECBAgQCASEOEI3iwBAgQIEBBhN0CAAAECBCIBEY7gzRIgQIAAARF2AwQIECBAIBIQ4QjeLAECBAgQEGE3QIAAAQIEIgERjuDNEiBAgAABEXYDBAgQIEAgEhDhCN4sAQIECBAQYTdAgAABAgQiARGO4M0SIECAAAERdgMECBAgQCASEOEI3iwBAgQIEBBhN0CAAAECBCIBEY7gzRIgQIAAARF2AwQIECBAIBIQ4QjeLAECBAgQEGE3QIAAAQIEIgERjuDNEiBAgAABEXYDBAgQIEAgEhDhCN4sAQIECBAQYTdAgAABAgQiARGO4M0SIECAAAERdgMECBAgQCASEOEI3iwBAgQIEBBhN0CAAAECBCIBEY7gzRIgQIAAARF2AwQIECBAIBIQ4QjeLAECBAgQEGE3QIAAAQIEIgERjuDNEiBAgAABEXYDBAgQIEAgEhDhCN4sAQIECBAQYTdAgAABAgQiARGO4M0SIECAAAERdgMECBAgQCASEOEI3iwBAgQIEBBhN0CAAAECBCIBEY7gzRIgQIAAARF2AwQIECBAIBIQ4QjeLAECBAgQEGE3QIAAAQIEIgERjuDNEiBAgAABEXYDBAgQIEAgEhDhCN4sAQIECBAQYTdAgAABAgQiARGO4M0SIECAAAERdgMECBAgQCASEOEI3iwBAgQIEBBhN0CAAAECBCIBEY7gzRIgQIAAARF2AwQIECBAIBIQ4QjeLAECBAgQEGE3QIAAAQIEIgERjuDNEiBAgAABEXYDBAgQIEAgEhDhCN4sAQIECBAQYTdAgAABAgQiARGO4M0SIECAAAERdgMECBAgQCASEOEI3iwBAgQIEBBhN0CAAAECBCIBEY7gzRIgQIAAARF2AwQIECBAIBIQ4QjeLAECBAgQEGE3QIAAAQIEIgERjuDNEiBAgAABEXYDBAgQIEAgEjgqws/z/F7X9RNZmCVAgACB7xf4u+/7fcqfKcKn/Ev4PQgQIEDgEwIi/AllGwQIECBA4HSBo/4nfDqW348AAQIECGwKiPCmprcIECBAgMBAQIQHWD4lQIAAAQKbAiK8qektAgQIECAwEBDhAZZPCRAgQIDApoAIb2p6iwABAgQIDAREeIDlUwIECBAgsCkgwpua3iJAgAABAgMBER5g+ZQAAQIECGwKiPCmprcIECBAgMBAQIQHWD4lQIAAAQKbAiK8qektAgQIECAwEBDhAZZPCRAgQIDApoAIb2p6iwABAgQIDAREeIDlUwIECBAgsCkgwpua3iJAgAABAgMBER5g+ZQAAQIECGwKiPCmprcIECBAgMBAQIQHWD4lQIAAAQKbAiK8qektAgQIECAwEBDhAZZPCRAgQIDApoAIb2p6iwABAgQIDAT+ASsaCnlE6/6+AAAAAElFTkSuQmCC'),
(11,44,1,1,19,68,'2020-06-18 08:56:25','2020-06-18 08:56:25',NULL,NULL,NULL,NULL,'2020-06-18 08:56:25',NULL,NULL,1,'data:image/png;base64,iVBORw0KGgoAAAANSUhEUgAAAeEAAAB4CAYAAADFVEoxAAAM50lEQVR4Xu3da4wdZR3H8e+cLWgpBgq2JVxbEEgk8UVBpQlUwUZswHiBeIlBjWCgURO77mxaMBETFds5UkhUIgnwQt4Y0iBCQBJFJHJJtYSLkHBRwNYUKrRC0lbY7hkznEO7bbftObtz5pmZ8z3Jvmlnnv//+TxP99ezO2cmwpcCCiiggAIKBBGIglS1qAIKKKCAAgpgCLsJFFBAAQUUCCRgCAeCt6wCCiiggAKGsHtAAQUUUECBQAKGcCB4yyqggAIKKGAIuwcUUEABBRQIJGAIB4K3rAIKKKCAAoawe0ABBRRQQIFAAoZwIHjLKqCAAgooYAi7BxRQQAEFFAgkYAgHgresAgoooIAChrB7QAEFFFBAgUAChnAgeMsqoIACCihgCLsHFFBAAQUUCCRgCAeCt6wCCiiggAKGsHtAAQUUUECBQAKGcCB4yyqggAIKKGAIuwcUUEABBRQIJGAIB4K3rAIKKKCAAoawe0ABBRRQQIFAAoZwIHjLKqCAAgooYAi7BxRQQAEFFAgkYAgHgresAgoooIAChrB7QAEFFFBAgUAChnAgeMsqoIACCihgCLsHFFBAAQUUCCRgCAeCt6wCCiiggAKGsHtAAQUUUECBQAKGcCB4yyqggAIKKGAIuwcUUEABBRQIJGAIB4K3rAIKKKCAAoawe0ABBRRQQIFAAoZwIHjLKqCAAgooYAi7BxRQQAEFFAgkYAgHgresAgoooIAChrB7QAEFFFBAgUAChnAgeMsqoIACCihgCLsHFFBAAQUUCCRgCAeCt6wCCiiggAKGsHtAAQUKEFj1PphxHrQOA17prmB6IgxtgXTTwY9vzIGds6Dx0u5jsz9rZd/jNu95futkmPEyDK87+LgeoUB/BQzh/vo6ugIDJpB8DqI5MH4sNBZAdDKkJwPHlhDiWeBBYAPwd4jvKGGPtlRzAUO45gvs9BTov0DzTEjPBS4Gzul/vVwqtIDGXiMdDvG2XEZ3EAW6FDCEu4TyMAUUmCjQXAqtpdBYCukHamDzBsRH1mAeTqFiAoZwxRbMdhUoXmD1MRAtgfQYaJwBrY9BtGA/fWTvMJ+C6DlIO1/R8zD2HFz1evG9T1ax+UFgMbQWQ/Tl9hGx3wvLsTgD14Ubb+CW3AkrsMc72s9DejRER0M6D5gL6Zz273Wzr3QucMgBzN4C/gjRHyB9FOJH9FVAge4FDOHurTxSgRoINE9q//42+4rOB6b6o+S7IFoL6b0Q73X1cQ2YnIICBQkYwgVBW0aBMALJl9rvaFvZlcpnA4um2Mc4RHfB+BNwyFoYfmqK43iaAgpMEDCE3Q4K1EKgeQGkZ0N0BKSnA6d1+S53HHi68zGdVyB6FVqvQeM1aL0O45tgaBOMdvnZ3lpgOgkFChMwhAujtpACeQokS4AzgVPaFxmRBW83r+xiqfXQyH53+zCMrO/mJI9RQIH+CBjC/XF1VAX6JPCzE6A1Cny7ywJjwC8gWgeN+2B4S5fneZgCChQgYAgXgGwJBaYvkJwP0aWQfn0/Y6XAI5A+CY1ngBdg6FlY/s/p13YEBRTol4Ah3C9Zx1UgN4HrZsL49r2G2wnp7dDIbrv4IIxkwetLAQUqJmAIV2zBbHcQBZKdwFBn5v8AfgzxrYMo4ZwVqJuAIVy3FXU+NRNYMx92vtiZ1HqIz6rZBJ2OAgMtYAgP9PI7+fILNLM7Wq1t9xldDSM/KX/PdqiAAt0KGMLdSnmcAkEEkh8BV7dLp0th9PdB2rCoAgr0RcAQ7gurgyqQl0ByH/DJ9mg7F8DKCQ+tz6uG4yigQCgBQziUvHUV6Eogye5o1YB0O4zO6uoUD1JAgcoIGMKVWSobHTyB7JF7aXZLyez3wTfByBWDZ+CMFai3gCFc7/V1dpUWaF4J6Y2dKVwK8W2Vno7NK6DAPgKGsJtCgdIKJL8BvtBub+x0uOq50rZqYwooMCUBQ3hKbJ6kQBECzeyuWNlNOt6E+IgiKlpDAQWKFTCEi/W2mgJdCiQXAnd3Dr4S4l91eaKHKaBAhQQM4Qotlq0OksCujyaNwdARMLxjkGbvXBUYFAFDeFBW2nlWSGDV8dDY0Gn41xB/tULN26oCCvQgYAj3gOWhChQjsOoaaPygU+s8iB8opq5VFFCgaAFDuGhx6ylwUIFdT03aAfFhBz3cAxRQoLIChnBll87G6yngDTrqua7OSoHJBQxhd4YCpRLwBh2lWg6bUaDPAoZwn4EdXoHeBCbeoGP8JFjxr8nPv+44aB2z79815kAr+3e9ec+/29+fswCijfC9R3vr06MVUCAPAUM4D0XHUCA3geR/wHvaw8UH+Pe5ejNEc3IrS/QqpI8Bj0H6H5jxOAz/Ob/xHUkBBSYTMITdFwqUSiBJd7ezvxBO1gEfzrHtVvtJTfu8ngcegPQF4EmfZZyjuEMp0BEwhN0KCpRKIEgITyaQ/Wdgr+8POz8BK+8vFZfNKFBxAUO44gto+3UT6CaE85zzmvkwvhDShUD2dcG+74qjFNLse8VWGL8IVjycZweOpcAgCxjCg7z6zr2EAkWH8GQE2cekWAytxRBdDBwKbAGOAt4AvgbxnSXEsyUFKidgCFduyWy43gJlCOGJwsnczoMkst9BvxvEKQzN8n7W9d6Jzq4YAUO4GGerKNClQNlCOGt7jyDuzONAV253OVUPU0CBvS+8UEQBBcIKlDGEdwXxq7ttDOGw+8TqdRHwnXBdVtJ51ESgrCH8ThB38fGpmiyD01CgIAFDuCBoyyjQnUCZg67MvXWn61EKlE3AEC7bitjPgAuUOejK3NuAbxunX1kBQ7iyS2fj9RQoc9BN7G3bTLgmu8WmLwUUmIaAITwNPE9VIH+BSoTwRohPyH/ujqjA4AkYwoO35s641AJlDeHkT8DH23RDp8Jwdj9pXwooME0BQ3iagJ6uQL4Cu0L4bYg7T1PKt0Lvo63+FET3ds77JcTf6n0Mz1BAgckEDGH3hQKlEtgVwhsgPrEcrSVjwAygRP8xKIeMXSgwXQFDeLqCnq9AbgLXz4OxVzrD/Q3iPB9XOMUus/tIp0+3T45ugpErpjiQpymgwCQChrDbQoHSCCQfAp7oBN4LMHJq+NaaV0J6Y6ePSyG+LXxPdqBAfQQM4fqspTOpvEDyUeDR3dOYMRuW/zfstJLfAp9p95CeBqPPh+3H6grUS8AQrtd6OptKC1x3HIxvnDCFn0P8nbBTSsbbzxdOX4fR94ftxeoK1E/AEK7fmjqjSgsk24GZu6eQngOjD4WZUvIwsKhd248lhVkDq9ZdwBCu+wo7v4oJJJ8Gfpf97De7Egp4AOLzip9E87OQ3tH5MfQNMPrd4nuwogL1FzCE67/GzrByAs3bIP0KpNshOgz4IcTXFDuNZBuQ1X4L4vcWW9tqCgyOgCE8OGvtTCsjkCwAsgughjott2DnKbDypWKmMPFjSelKGP1pMXWtosDgCZQqhG+++eZ1QAk+Gzl4G8EZl0vgnnt2sHbtDqII0hQWLTqUyy8/vJAmH3roLW65JXsjDMuWHc5ZZx1aSF2LKFCQwF8vu+yyjxRU66BlDOGDEnmAAmEEli3byttvpzQa0GrBJZfMZOnSCdds9amtLICzIM5ezeaRzJ7d6FMlh1UgiIAhHITdogpUTiDJHpiQPTjh3Vd2sdYSiO/v71SaL0I6H3gG4jP6W8vRFRhsgVK9Ex7spXD2Ckwm0LwW0hUTrpbeCuMXwYrs40N9eK06Hhob2gOna2B0uA9FHFIBBToChrBbQYHSC6ze1rlKegtwFNDHIE5uBy5pk0TnwshfSs9jgwpUWMAQrvDi2fqgCCRzgbs7Fy2+G8RvQvoNGF2bj8I7n0++AciuzM5eL0Oc/UjalwIK9FHAEO4jrkMrkJ/AxCBOt0I0uzP2ZmA98BhE2UeYXgM6P07eVf0kYAcMPQ7LN+3uKZnV/h0z3wQunNDrNoiLuRQ7PyBHUqCSAoZwJZfNpgdTYGIQR2n7w0vZfZ1ze7WA70N8bW4jOpACChxQwBB2gyhQKYF3gjh7yMMhObd9J7Ac4hdzHtfhFFDgAAKGsNtDgUoKrJkP4wshXQgshGgJpFMJ5h3AFyG+q5IMNq1AxQUM4YovoO0r0JvA9fNgbF77SU1DG2H4372d79EKKJCngCGcp6ZjKaCAAgoo0IOAIdwDlocqoIACCiiQp4AhnKemYymggAIKKNCDgCHcA5aHKqCAAgookKeAIZynpmMpoIACCijQg4Ah3AOWhyqggAIKKJCngCGcp6ZjKaCAAgoo0IOAIdwDlocqoIACCiiQp4AhnKemYymggAIKKNCDgCHcA5aHKqCAAgookKeAIZynpmMpoIACCijQg4Ah3AOWhyqggAIKKJCngCGcp6ZjKaCAAgoo0IOAIdwDlocqoIACCiiQp8D/AZxg4Ij1ons+AAAAAElFTkSuQmCC','data:image/png;base64,iVBORw0KGgoAAAANSUhEUgAAAeEAAAB4CAYAAADFVEoxAAAOBklEQVR4Xu3de4xcZRnH8e+ZtpFbS0KAVqCyARVCAhpT0BgiVALlqkC4CQhIuSg1hMucqYCBEm7unGmJIBjEyk3AgNUExAASICQkBtIQNQhIubYGBAELaWmh3WOmc9puS9vd7c7lvOd85x/S9pz3eZ7P+4bfzu7MbIQPBRRQQAEFFOiJQNSTqhZVQAEFFFBAAQxhD4ECCiiggAI9EjCEewRvWQUUUEABBQxhz4ACCiiggAI9EjCEewRvWQUUUEABBQxhz4ACCiiggAI9EjCEewRvWQUUUEABBQxhz4ACCiiggAI9EjCEewRvWQUUUEABBQxhz4ACCiiggAI9EjCEewRvWQUUUEABBQxhz4ACCiiggAI9EjCEewRvWQUUUEABBQxhz4ACCiiggAI9EjCEewRvWQUUUEABBQxhz4ACCiiggAI9EjCEewRvWQUUUEABBQxhz4ACCiiggAI9EjCEewRvWQUUUEABBQxhz4ACCiiggAI9EjCEewRvWQUUUEABBQxhz4ACCiiggAI9EjCEewRvWQUUGK5AY38Y+DxUXh10x45QSWHg3bV/N9AHY5es+3dr/nVHGNgKKq+vV3VH4B2ozh9uN16nQDsFDOF2arqWAgq0USA5AjgNOKGNi25oqQGIx3S4hssrsEEBQ9iDoYACORFItgYOhGg/GDgVot2611js/wu7h22lQQIePI+DAgp0WSA5BtJdoLITpH0Q9bX+y6QuNzKonCHcO/tyVzaEy73/Tq9AlwQa20N6DHA0cPjwiqb3Q3QHxA8N7/qRXpWka+8whEeq5/XtETCE2+PoKgoo8BmB5ASIdob0G8BhwPhhIC2D6CpYeSfMXDSM60dxiSE8CjxvbZOAIdwmSJdRoLwCyVGQ7gfRNtm3lps/y/0SsOVGTAaApyB6HVa+AZWFEC2CMS/DhYNfAd1hUkO4w8AuPwwBQ3gYSF6igAIbEpg9GQYuAi4Yhs+/IL0Noj9D/PdhXN+FSwzhLiBbYggBQ9gjooACIxSoHwDRmdnbhzZxb/oJpNdB5UmInxxhkS5cviaEl0G8sWftXejDEmUWMITLvPvOrsCIBepnQjR3vduyby+nC6DyMrAAVj4PM18a8fJdu6GxF6TPZ+WaXyRM7VppCykwSMAQ9jgooMAQAo1zIF0K6eEQfW/Qxa8A10B8W3iE9eMhui/r+2aIZ4Q3gx0XQcAQLsIuOoMCHRUY/LPTVYU+Bc4NM3xXQ/XPgsoVrT9FM6B6c0cJXVyBjQgYwh4NBRTYhMBnAvhBiL8TPlnjPkiPz+aYms+fWYev7ARDCxjCQxt5hQIlFGgc3XpRFXuuHT49H2o3FgMjWQxMAP4L8Q7FmMkpQhQwhEPcNXtWoKMCs7aArT9et0R0AVR/3tGyXVs8ORB4IiuXQFzrWmkLKbCegCHskVBAgfUE1v8WdPoRLJ0Es5YWgyq5HTi9NUt0CFT/Uoy5nCJEAUM4xF2zZwU6KrB+CEcPQPW7HS3Z1cXrKyGqAB9B3PyWtA8FeiZgCPeM3sIK5Fmg/iOIslcMpz+G2k157nb4vSWXANe2rk9Phtq9w7/XKxVov4Ah3H5TV1SgAALJA8BR2SBfyc9HTY6WNnkX2B6YD/GU0a7m/QqMVsAQHq2g9ytQSIFkBTAGWALxNsUYMWk+6z2pNUt0AFSfKsZcThGygCEc8u7ZuwIdEagfCdGDraUHroSZszpSpquLNvaF9K9A82fBv4d49XuEu9qFxRRYX8AQ9kwooMB6Ao1bIT0r+8uCfJBF/UWI9gAWQ2VvuHih265AHgQM4Tzsgj0okCuB5D1gO+BNiHfNVWub1czsE2Hgd61b/YjKzSL0po4JGMIdo3VhBUIUaEyD9OEssOpQnRniFOv2nCwDPgfpm1ArwBcV4e+IE6wVMIQ9DQooMEhg8AdZpPtD7emweRr3Q3pc9kXFFKjOD3seuy+agCFctB11HgVGJVCkV0U3Toe0+elYzcedEGefkjUqIG9WoK0ChnBbOV1MgZAFGgdD+mhrgiK8Kjp5C5gEvAFxX8g7Y+/FFTCEi7u3TqbACAWSBKi2bgr9W9Fr3hM8ANGhfj70CI+Cl3dNwBDuGrWFFMi7QLIA2B34N8S75L3bjffX+Bakzd+SVIHoXqieHO4sdl50AUO46DvsfAoMSyD5OtD8MIvm4w6IzxjWbbm8qLEA0uYXE/6u4Fzuj00NFjCEPQ8KKAAkMVDPKM6CeG6YLPWrIPppq/foEqj+LMw57LosAoZwWXbaORXYpMDgX9gQBfpWnvokiBZln3m9DOIt3XQF8i5gCOd9h+xPga4IJAPNp47AxxBv1ZWSbS9SvwaiS7NnwTOgmv0qxrYXckEF2iZgCLeN0oUUCFXg+j5Y8VrW/TyIsw+3CGmeW8bBRwshnQgshPgLIXVvr+UVMITLu/dOrkAm0DgW0nnZM8jLoJr90vuQgOpnQHRbq+N0JtRW/3w7pCHstYQChnAJN92RFVhXILkauCwLsMOgln12dEhOyTPAvsD7MGEynLs0pO7ttbwChnB5997JFVj9TPhxSKdmf5gI8Tth0az6XcHNEG4+GhA3X+ntQ4EgBAzhILbJJhXopEDyKTAWWALxNp2s1Jm1G3MhPRPS5rPf3aH2dmfquKoC7RcwhNtv6ooKBCRQPxKiB1sNh/h50XN2hpUvAVtDdDtUfxAQvq0qsOotCT4UUKC0Ao1bIT2rNX6I7w9ObgLOa34FAdHeUP1nabfSwYMUMISD3DabVqBdAsl7wHYQvQbV3dq1anfW6R8PlWb/44BHIZ7WnbpWUaB9AoZw+yxdSYHABBrTIF39Suh+iH8S1gDJr4Czs56PhfiPYfVvtwq0PiHHhwIKlFKgfgtE52SjHwzxY+Ew3LADLF/9Ku6lEG8dTu92qsBaAUPY06BAaQWSd4HtIXoKqgeExdA4D9Lmz4Objx9CfEtY/dutAi0BQ9iToEBpBZLm79wdD/GU8AiS5iuiv+xHVIa3c3a8roAh7IlQQIHABGYfCQPZ26rS86F2Y2AD2K4CawQMYQ+DAgoEJpD8DdgH0lehtntgzduuAusIGMIeCAUUCEhg8LNgvg/xbwNq3lYV+IyAIeyhUECBgARWPwvmBYj3CqhxW1VggwKGsAdDAQUCEVjnWfCJEN8XSOO2qcBGBQxhD4cCCgQisOZZ8CsQfzGQpm1TgU0KGMIeEAUUCEAgORm4u9VoejbUfh1A07aowJAChvCQRF6ggAK9F2i8Celk4A2I+3rfjx0o0B4BQ7g9jq6igAIdE6hfCdHlreUr58HFv+xYKRdWoMsChnCXwS2ngAIjEZizHaxsfkb0GOBDiLcdyd1eq0DeBQzhvO+Q/SlQaoHGKZBm7wWOzoDqHaXmcPjCCRjChdtSB1KgSALJ08A3W8+Cl0yEWcuKNJ2zKGAIewYUUCCnAnOmwMpns+bugfiUnDZqWwpstoAhvNl03qiAAp0VSO4FTspqTIX4yc7Wc3UFui9gCHff3IoKKDCkwOzJMPAKMA54DuKvDXmLFygQoIAhHOCm2bICxRdI7gJOzeY8BeJ7ij+zE5ZRwBAu4647swK5FujfBSoLsxY/gHi7XLdrcwqMQsAQHgWetyqgQCcEkoeAw1srR4dC9ZFOVHFNBfIgYAjnYRfsQQEFMoH+g6DyWPYHXxHtuSi8gCFc+C12QAVCEqi/CNEewFsQ7xRS5/aqwOYIGMKbo+Y9CijQAYFGP6S11sKV6XDxbzpQxCUVyJWAIZyr7bAZBcoqcF0fjH0B2AKiJ6D67bJKOHe5BAzhcu230yqQU4HkOeCrwGIY2wcX/i+njdqWAm0VMITbyuliCigwcoE5x8DKP7TuSy+C2vUjX8M7FAhTwBAOc9/sWoECCTQWQzoB0kVQm1ygwRxFgSEFDOEhibxAAQU6J5BcBMxurR9Nger8ztVyZQXyJ2AI529P7EiBkgjc8DlY3vxkrB2ARyA+tCSDO6YCawRyFcJz5859BtjX/VFAgeIL3H33Eh5/fPmqQS+/fAK77jq2+EM7YR4Enp0+ffp+eWhk1fd/8tJIsw9DOE+7YS8KdE7ggw8GuPTSxXzyScqee44jjsd3rpgrK7CugCHsiVBAgbILNH4B6YyWQjoNao+WXcT5yymQq2fC5dwCp1agbAL946HyPjAWon9AdZ+yCTivAqsFDGHPggIKdFkguRa4JCt6FsRzu9yA5RTIjYAhnJutsBEFyiKQpNmkH0K8bVmmdk4FNiRgCHsuFFCgiwLJEcCfsoI1iJMuFreUArkTMIRztyU2pECRBZJHgEOAT2HMtnDRx0We1tkUGErAEB5KyH9XQIE2CfTvApXmh3M0H3dBfFqbFnYZBYIVMISD3TobVyA0gf5ZULki63oqxE+GNoH9KtBuAUO43aKup4ACGxFIVgBjgOUQbyGTAgrk7BOz3BAFFCiqwPV9sOK1bLp5EB9X1EmdS4GRCPhMeCRaXquAApsp0DgW0nmtm6PLoNp8r7APBUovYAiX/ggIoEA3BJKrgctaldLDoPZwN6paQ4G8CxjCed8h+1OgEAJr3prUnGYixO8UYiyHUGCUAobwKAG9XQEFhiPQeBvSiZA+DrWDhnOH1yhQBgFDuAy77IwK9Fwg+U+rhXhiz1uxAQVyJGAI52gzbEUBBRRQoFwChnC59ttpFVBAAQVyJGAI52gzbEUBBRRQoFwChnC59ttpFVBAAQVyJGAI52gzbEUBBRRQoFwChnC59ttpFVBAAQVyJGAI52gzbEUBBRRQoFwChnC59ttpFVBAAQVyJPB/qv8Ml44RvfkAAAAASUVORK5CYII='),
(12,2,1,9,19,5,'2020-06-18 08:56:37','2020-06-18 08:56:37',NULL,NULL,NULL,NULL,'2020-06-18 08:56:36',NULL,NULL,1,'data:image/png;base64,iVBORw0KGgoAAAANSUhEUgAAAeEAAAB4CAYAAADFVEoxAAAPxklEQVR4Xu3dfZBdd13H8ffZTUPbGDtkWktRS6ow1aJ/WKV0HAUij51SRwsVFCligIIMhSb3bHSokBqVZs9N+kBFC4SOPNmZtqi0QBEdQ3VE7ExmdEaRjpW2PINtxba0TbJ7nN/es8lustncu3vu+Z2H953pTLs55/f9/l6/k/303nseEnwpoIACCiigQBSBJEpViyqggAIKKKAAhrAHgQIKKKCAApEEDOFI8JZVQAEFFFDAEPYYUEABBRRQIJKAIRwJ3rIKKKCAAgoYwh4DCiiggAIKRBIwhCPBW1YBBRRQQAFD2GNAAQUUUECBSAKGcCR4yyqggAIKKGAIewwooIACCigQScAQjgRvWQUUUEABBQxhjwEFFFBAAQUiCRjCkeAtq4ACCiiggCHsMaCAAgoooEAkAUM4ErxlFVBAAQUUMIQ9BhRQQAEFFIgkYAhHgresAgoooIAChrDHgAIKKKCAApEEDOFI8JZVQAEFFFDAEPYYUEABBRRQIJKAIRwJ3rIKKKCAAgoYwh4DCiiggAIKRBIwhCPBW1YBBRRQQAFD2GNAgcoF+hcMSvY+U3npqAWziyA/EaZuidqGxRWokYAhXKPFsJWuCGT5YKZpi//+9V8MnAP5acC5kJwL+emDeU+eDFse78pqO08FlhNo8S8BF16BOgrMB3CbQ7j/LsivOob+w5BuqOPK2JMCMQQM4Rjq1uywQJtDOHzczHXAWcde4Da/++/wYe3UVyxgCK+Yzh0VWIlAG0N45yaYuBL4pcMiyQzkfwPsg2QfTO6DK+5biZj7KNBmAUO4zavr3Goo0KYQzi4EXg+8YgH0LHAlpO+pIb4tKVA7AUO4dktiQ+0WaHoI938CeDPMXgTJjx2xVn8NXAHpV9q9hs5OgfIEDOHyLB1JgSEEFobwD66Dy74/xE412OSaM+DgW4F3LtHMfuCVkN5eg0bH0MJ08U5/6rYxDO6QHRcwhDt+ADj9qgXmQzh5FHrrq64+er0Qvvsvg4l3AKcs3j+/BZI/h/RTo4/blD22nwzrHht0+9g62N6Q/2lqiq99GsIeAwpUJnDNRjg4/1HtbZC+srLSIxeafhlMXAL5rwALLyl6EpI/gJkPw7avjTxs43Zo+tcHjQPvXMOGcOeW3AnHE+hfDHnxkWbyTuj9cbxeFlbOXgTJs5e+scah7R6C2ffC2hvhim/Wo+8qujCEq1Ducg1DuMur79wrFsj+8PB3qvkFMHVnxQ0cUW7u7ObfBi5epo+vQP5BOOGmboXvvIghHPcYbX91Q7j9a+wMayOQfRZ4SdHO6ZB+p7zWdp8HB58BE/99eMyJ02A2/B1fUCf8LH8BzFyyxNnNC9uZAd4Ij30MtocTrzr6MoQ7uvCVTdsQrozaQgr090N+wsBhtXeOyn4VOBV4DvA84OxV+IbA9cYaSwIawqs4rtx1CAFDeAgkN1GgHIGV/EKffjlMnAucBPlG4FnAz5bTTxfObl6t1ErWbLU13b9LAoZwl1bbuUYWGOUX+tz3tZcCv1Zy009AsqM7ZzevVm+UNVttLffvooAh3MVVd86RBI73Cz17LiQvhNnNx/m+NvR/APJbYeIu4C7o/UekSbW87PHWrOXTd3pjFzCEx05sAQXmBZb7hb77JJhZ6kYQ4V7Md0FyH8zcD2v2wcEvw7Yv61qFgCFchXKXaxjCXV59516xwPwv9PzbMPW0xcWzEMAnHf6Z39dWvDjHKGcI12Md2tuFIdzetXVmtRLoXwD5pwct5a+DqQ8fEcLhMqDizGm+AJMvhC2P12oKnWzGEO7kslc4aUO4QmxLdVkg2ws8H/gapD96tET2PuAt4QbFwDpIPgS9zV0Wq8fcDeF6rEN7uzCE27u2zqw2AnNnOt9RtDMFaXZ0azvPhokvAE89/GezV8G27bWZRicbMYQ7uewVTtoQrhDbUl0V6N8LeXj27jchffqxFXZuh4l3L/7zpAe9XV2Viz9vQzj+GrS7A0O43evr7KILTO+A5Mrl3wUvbLK/B/JwP+fwHfHawZ8k0zB5bTfv3Rx7AQ3h2CvQ9vqGcNtX2PlFFLj2dDjwdWASeALSBWc/L9dW9jngRUC4PGmi2PIbMPuB7j3FKOLyzZU2hGOvQNvrG8JtX2HnF1EgC9/nFh8v55fD1HuHa2b3D8NMuA54XbH994BTFoTxzbDmRth6z3DjudXKBQzhldu55zAChvAwSm6jwIoEsm8AZwAPQPqM0Ya4/inwZHje8GULwvgRYH0xzkEgPBrxT8t9GtNoXbZ/a0O4/Wscd4aGcFx/q7dWoP9ayItrgWffAtv+bGVTfc9GWHMJ8GogPMghfEecQz7/dzc87/c6mLpuZeO71/IChrBHyHgFDOHx+jp6ZwWyB4BwPfCXID1n9Qzb18LJl0PyR4dP2Ap33kpOL4L5n4Bd0PvE6ms5wmGBQyE8wnf6+ikwvIAhPLyVWyowpMDO34GJPyk2fgOke4bccYjNrjkD9l8GE+HGHj9U7PBd4LTi3z8O+S6Y2jfEYG6yrMD1p8GT3yk22QvpJsEUKFvAEC5b1PEUoH8Q8nBG9IOQnjoekOwsSN4O+duL8cP3xWuK+0/vh+RjkFztyVur0c9eAPx9McJHIX3takZzXwWWEjCEPS4UKFUgC9/9hpOpwuvFkP5tqcMfNdjVPw+TW4GLiz96CNhQ/Hs4eev9MPs5WLsXrvjf8fbSttGnfwuSmwazyq+Gqd9r2wydT3wBQzj+GthBawTm3p2Gu2OFv1efgPQV1U0t+w0ghHFx8tZRlcNlTuGRiOGypr+D3meq662plRbdwexiSP+yqTOx7/oKGML1XRs7a5xA/98g/2nIvw8nboDLn6x2CkudvDXXwcOL70k997NrYWI3bP1qtT02qVp2J/DS4p3wM2Hq3iZ1b6/NEDCEm7FOdll7gUUfXaYw1Y/X8u4NMBsenbgJkvMhf/aCXvJwjdOC//4I5Htg6vPx+q1r5Sx8nD8JyQz0wvftvhQoXcAQLp3UAbspkD0BPAXyB2FqTCdjrVR27gSjcK3xm4qTt8JAC+/CFf77XZDuWGmF9u236MzoeyA9u31zdEZ1EDCE67AK9tBwgek9kISHLszAmlPrfQJU9npgC/BTBfrCd8b/Cvw+pLc3fEFKaL9/DuT/Xgzk5UkliDrE0gKGsEeGAqsSmP5FSMJlLJOQb4Gpa1Y1XGU7z4Xx+4ATi5ILvjdO7oCZ3bBt/vKcyrqqT6FFlyddD+n8pWD1adFOWiFgCLdiGZ1EPIHsv4AfBz4PafjYt2GvLFx2Ez6GDtc1h6c2hdf8k5tuA26C9FMNm1QJ7fZ/HfKPFwOVfMOVEtpziNYIGMKtWUonUr1AFkIqXJ/7PVizsd4fQy+nM3dp1Q7IXzPYatG9qcMP7oEkXNJ0K/T+sXrnGBX7WyEvTq5LzoPe3TG6sGb7BQzh9q+xMxyLQD+cffzpwdAz2+B3p8dSptJBs4uAWwYnmB16LXxyU/jhDTAx3f5Lm6ZvhaS4znvizPbPt9IDzWILBAxhDwcFViSQHRicaZx8G3pPW9EQtd0puxDy10ESzqguXke+O04+BPknYfZu2BYe2XjEa+fTYc2ZkHwVtny9tlM9ZmNZ+Gg+/H78FqThcZS+FBiLgCE8FlYHbbdAFh6O8DOD71DDU4x6/9PO+e78EZi8FGbfDcnaYo5HXtoUfnwQkgcgfwCSMyE/8/ClUMl90DurWT5ZuGb6eYOeJ58FW8L3/r4UGIuAITwWVgdtr0D/ZshfVczvbZDe0N65LpzZUZc2hT/MIZktHlaxFMNjkP8VTP1mc4ymXwXJzYN+557T/I7m9G6nTRQwhJu4avYcSaD/C5D/w6B4cjv0fjlSIxHLzoVx+B+Pk4do4ouQnj/EdjXZJNxpbOZbwAnAAUjn3/3XpD/baKOAIdzGVXVOYxLI9he/oH3AOzvXw9ofgNn1kM//83/AI3DCo7D2EXjro2NaiDEN238N5B8dDD57FWzbPqZCDqvAIQFD2INBgaEEwslK3FFs+mZIbxxqNzdqkED2QWBz0fAmSPc2qHlbbaiAIdzQhbPtqgWyzwIvGXxMOXkKbHm86g6sN26B7H4gnFR2P6Qbx13N8RUIAoawx4ECxxUIZwlPzD/y7yOQXnrcXdygYQLZc4F/Lpq+ClI/im7YCja1XUO4qStn3xUKTGeQ9AYFk+dD764Ki1uqEoHpHZBcWayxd8iqxNwivhP2GFBgKIH558ryMKQbhtrFjRomkM0U98x2jRu2ck1v13fCTV9B+x+zQBaeJFQ8mMEbN4wZO9Lw2RuB9w+KT1wIW4vbkUZqx7KdEjCEO7XcTnY0gatfDZN/UexzA6RvG21/t26GwPRDkDwV+BKk5zSjZ7tsi4Ah3JaVdB5jEDj0MfSjkK4fQwGHjC6wawvM7vJdcPSF6GwDhnBnl96JLy+QfRIITxXy/sGtPlSyJwZPjUoOQM87ZLV6res5OUO4nutiV1EFpl9WPD/X+wdHXYdxF59++eD2o3OvPqTpuCs6vgJHChjCHhMKHCVw6ClJ/wnpTwrUVoH+ByB/QzG78yH9Yltn6rzqK2AI13dt7CyawFwIA+m50VqwcAUC2YNAuOTsXkifWUFBSyhwlIAh7EGhgAIdFOi/FPI7BxP3YQ0dPABqM2VDuDZLYSMKKFCdwPSNkLzJj6KrE7fS0gKGsEeGAgp0UCD7LnAqsBfSTR0EcMo1ETCEa7IQtqGAAlUKzN0JbT2kP1dlVWspcKSAIewxoYACCiigQCQBQzgSvGUVUEABBRQwhD0GFFBAAQUUiCRgCEeCt6wCCiiggAKGsMeAAgoooIACkQQM4UjwllVAAQUUUMAQ9hhQQAEFFFAgkoAhHAnesgoooIACChjCHgMKKKCAAgpEEqhVCO/Zs+dfgOdEsrCsAgoooED7Be7evHnzeXWZpiFcl5WwDwUUUECBKgQM4SqUraGAAgoooEDdBWr1TrjuWPangAIKKKBAmQKGcJmajqWAAgoooMAIAobwCFhuqoACCiigQJkChnCZmo6lgAIKKKDACAKG8AhYbqqAAgoooECZAoZwmZqOpYACCiigwAgChvAIWG6qgAIKKKBAmQKGcJmajqWAAgoooMAIAobwCFhuqoACCiigQJkChnCZmo6lgAIKKKDACAKG8AhYbqqAAgoooECZAoZwmZqOpYACCiigwAgChvAIWG6qgAIKKKBAmQKGcJmajqWAAgoooMAIAobwCFhuqoACCiigQJkChnCZmo6lgAIKKKDACAKG8AhYbqqAAgoooECZAoZwmZqOpYACCiigwAgChvAIWG6qgAIKKKBAmQKGcJmajqWAAgoooMAIAobwCFhuqoACCiigQJkChnCZmo6lgAIKKKDACAL/Dxa5jZdrP4VDAAAAAElFTkSuQmCC','data:image/png;base64,iVBORw0KGgoAAAANSUhEUgAAAeEAAAB4CAYAAADFVEoxAAAQe0lEQVR4Xu3dDbAdZX3H8e+eGxlJoi22yFhQE6fMVNo6Na2lWpspfbEg0KmxFRixdUoRFSsmuXsuFqy3Qo2cPWmAlqmtZTrggK0MZayKCFWsL219ITOdSU0VlA46FFErvkQgyT3bee7Zm5x7k5t7zzl7zu6e/e5MBifZfZ7/83nW/LJ7d5+NcFNAAQUUUECBQgSiQnq1UwUUUEABBRTAEPYkUEABBRRQoCABQ7ggeLtVQAEFFFDAEPYcUEABBRRQoCABQ7ggeLtVQAEFFFDAEPYcUEABBRRQoCABQ7ggeLtVQAEFFFDAEPYcUEABBRRQoCABQ7ggeLtVQAEFFFDAEPYcUEABBRRQoCABQ7ggeLtVQAEFFFDAEPYcUEABBRRQoCABQ7ggeLtVQAEFFFDAEPYcUEABBRRQoCABQ7ggeLtVQAEFFFDAEPYcUEABBRRQoCABQ7ggeLtVQAEFFFDAEPYcUEABBRRQoCABQ7ggeLtVQAEFFFDAEPYcUEABBRRQoCABQ7ggeLtVQAEFFFDAEPYcUEABBRRQoCABQ7ggeLtVQAEFFFDAEPYcUEABBRRQoCABQ7ggeLtVQAEFFFDAEPYcUEABBRRQoCABQ7ggeLtVQAEFFFDAEPYcUEABBRRQoCABQ7ggeLtVQAEFFFDAEPYcUEABBRRQoCABQ7ggeLtVQAEFFFDAEPYcUEABBRRQoCABQ7ggeLstg0Drld0qmreXoRprUECB+gkYwvWbc0c8LzC7Ftbt62LsWwezPxRGAQUUGLeAITxucfsriUCSHi4k9v8HJZkVy1CgbgL+5VO3GXe8mYAhPPypEG7nR8dDtPcobT0XOusheujIP0s3QOcBuPzTw9dgCwpUW8AQrvb8Wf3AAobwwHRH3M4ftKXoG5DuBnZD9E3o7IXm3YO25nEKVFHAEK7irFlzDgKG8HCIvX6DtBTNQTp15JGNrbD92kFa9BgFqihgCFdx1qw5BwFDeDjEYUP4WL1HH4NGG7bdNVyNHq1A+QUM4fLPkRWORMAQHgnrqhrdtQHmNkG6CQi/fhNYkx0anlJf2/3f+46H2SdW1aQ7KVBRAUO4ohNn2cMKGMLDCuZ7fHsHpJcvbnPqdNj2uXz7sTUFyiVgCJdrPqxmbAJFhXDr5RDth/hfxjbUynSU/CoQHsx6SrfkNIZmuzLlW6gCAwgYwgOgecgkCBQRwsnbgHdkevcDnwC+BuyB+I5JUB1+DK1bIbogC+F7oPmy4du0BQXKK2AIl3durGykAuMM4eRc4DpgYzakDtBYMrz1EGcreI104CVvvP16SP86KzKFqXWw7fGSF215CgwsYAgPTOeB1RbIO4TbL82CtSdI05+A6FJIf2sFq+9C/KPV9syr+vZpkP7X4dZczSwvWdspp4AhXM55saqRC7QehejEbjfD/EUfQoPtkP7hCiWHq98rIfoAsBk6mw/fdh2m/5FDFdBB3v9AKmAIdqnAKgUM4VVCudukCST3Za/HhIENcCu4dSqkr4fGm4DjVtAJwbsV4gcnTXE04zGER+Nqq2UUMITLOCvWNAaB5F4gPI0LdE6GmYdX12lyPqSvhijcYs6e4l32yPDO6/kQf3B1bbtXV8AQ9kyoj4AhXJ+5dqSLBBaF8Gkws+QjBK1zoHE6dH4Eop8ETgXCf5dueyB9BzRvEzgvAUM4L0nbKb+AIVz+ObLCkQj0hnDjxbD9P7KrsLOB3wdetUK3j0OnBTOzIymv1o0awvCun4bGfmiGV9ncJljAEJ7gyXVoxxLoDeH0Ymj8DHTOheh5K7gdAG6A6D0w/UWNRyFQ9xCePQ7WfR04EabW+orWKM6x8rRpCJdnLqxkrALJ54FfOEaX4Wnmj0L6AERfhc7/AHth5ktjLbOWndU9hNuPQHoS8HGIf72Wp0CNBm0I12iyHeqCwPzyiB8C1h1pkt4G0U0Qf1ivogTqHMLJxcDfduUbZ8P2O4uaBfsdj4AhPB5neymNwI4TYM3/LSnnAESzMHczzITbgG6FCtQ6hB/t3oYOd13i8A6624QLGMITPsEOb6lAEl4bOr7nd/8J4lfqVCaBuoZw+ypIr/QquEzn4uhrMYRHb2wPpRI4IoT/HuKVVrsq1Qgmv5g6hvC1J8GBcBcmfFf5SYifOvnz7AiDgCHseVAzgfbPQ/qFJYO+DOLrawZR4uH2hvDT18El4e7FhG9JeNXt7dkgz4P4/RM+YIeXCRjCngo1E2hdANGtSwadAr8B8cdrhlHS4R4K4e9D/PSSFplzWUlYse1ZwMMQn5xz4zZXYgFDuMSTY2mjEGh9JXsX+PvA08KX47M7Qt+BuXPg8n8bRa+2uVqBXRvg4MIa27dD/LurPbK6+7VfA+nN3fqjS2A6ezq6uiOy8tULGMKrt3LPygu0LoXor7rDCB9e6FyTvaYUnpZ+BmAQFz7H7S2Q3p4F0hUw/c7CSxp5AclXs29Nfx3iZ4+8OzsolYAhXKrpsJjRCiQHgSngMYhPgOSZ2fvCLwIWgvh70NkCMx8bbS22fnSB5Grgiu6fpWdB867xSe38JUhPAXq/dvVMaKTQ+ebiOsLKanOPQPNTw9W38xzoZB/46LwWZm4arj2PrpqAIVy1GbPeAQV6F0GILoTpW7oNHTWIOxDdAOktEH92wA49bCCB5DPAS7JDT4LohXDwBJh6ZKDmlj/oFOish0YI3U0QbcpWqeqzm+itMP2uPg/q2T0Jy6CugehBmF5pydTBu/HI0goYwqWdGgvLV6D1KETLLIKwKIjDcpWNnr73QBSuij8K0x/JtyZbWyzQPg3SPdnP6J8AvgWEkCzhFqWQLvz9+Z/A2/r/ZGUSPhpyuq8klXB6x1iSITxGbLsqSqD955D+Sbf35ZYCnA/i8DnD8LPhsH0v+2/v07kPAHfDmltha7hic8tFIHkFpH8E0cuy92RzaXVMjXwHOKHbV/QhSHet7in79s2QvgaYg/Tl0Lx7TPXaTckEDOGSTYjl5C2w61lw8KHsL/d9EK8/dg/JhcCbsiuUhV3DVVm4Ql6b/Ua4CvpjaN6Qd7X1aS95AURnQBqefn7pKscd5uGx7q/oMUhTiMJ8Pg3S8KR7+HXcKtvaD4Q7HLsh2g1Tu2Fr+EjHKrfkrcBV2TMG4dwIW3YHJX0LNK9bvqHWjRAtLBDThjheZafuNoEChvAETqpD6hVo/Q1Er+v+Tno+NP9xdT7J6dA5Cxrh6uzFPccsvNIUrnzuBWZh+pOra7Pue7XOhMYZ0Pk1iJb5glUanhS+A6LbYOp+2LZ0ne8SISYbIQpLTb768D/OFhZAmj83dsD0PYsLbv8ppH+W/d6nIf6VEg3IUgoQMIQLQLfLcQmEq+AD4VOE4Qp2D8Q/O1jP15wCjd8BdvZcaYVVnBaujL8M/CvwSUg/64fYe5Wv2ghPfTPwy0B4Cn257duQXjjep6EHOxuOPCo5Fwj/uFtYk7zn3Oi9Km7dCtEF2fE/gDhcubvVXMAQrvkJMNnDT/4OuCgb4xkQf2L48bZ3QHp5t535h3PClXHvg1zhD9ZDvG/4vqrcQrjd3LgY0jdAGl4L69mi8HPQnt9L3w3NN1R5tN3ae8+NQ4vAZHdM0vDk83OzMe6HNSfB1nBr3a3mAoZwzU+AyR3+zmfD3JchCgvh3wXxWfmNdf57xOFBmqcsbjN9AqJ7IP7t/PqqWkvza3OHh+C2HKXy8E5tCKLndP8s3Q/R+RDfUbVRLl/v/LkRvgF8lKvi+aM+WO/zY3JmOq+RGMJ5SdpOyQTan4I0PPDzXVizYTRXHeGVGjZDZzNEm7sAcUlfqRn19IQr3zSG8A72EVtYqzs8dX5mz5/8ENIXQPMro66smPYXXRVnJaRvhuZfFlOPvZZVwBAu68xY1xACvasQpduguWuIxjz0mALz7/ZeCly85M5A+CxfWHkqXPUu3IZdaOl6iC+bfNj5q+IPd8cZ/pE2fd/kj9kR9itgCPcr5v4VEEh+kK0J/RDESwOgAvVXocT5uwBv7P7Md9HPxPdCej9ER7sl/2T3ajiPn81XwcgaFVhZwBBe2cg9KiWQhKdUX9VdBKGxEbZ/rVLll77Y8DPfzhsh+oPsHdmFih+E6M7uwhNsXDyM9DaIboI4uyos/SAtUIGxCRjCY6O2o9ELtMPrH7d0lxMMKxc1t42+z7r00NoEXHL4netD4z4AaVh84qeAcPt1YTsA0SzM3Qwz4da0mwIKHEXAEPa0mBCB2TWw9uFsfegvQRxCwW1ogfZmSF8LhCUW1/Q0F16v+QbwY8CP9/x+WD3qSoh3DN21DShQAwFDuAaTXI8htj8Dafj6zgGYegls+0I9xj3KUe68uvu60aEPFazU2QeArRD3fgpwpWP8cwVqLWAI13r6J2XwOy+Eznuz0VwL8dZJGVkx45hfASqsfbzkZ7vLVhO+07yl/68IFTM6e1WgTAKGcJlmw1oGFEgeB8KiHA9DfPKAjXgY15wBUbv7bd1lt7lsoZIBP3wgswIK9AoYwp4PFRdIwipMYVGOg9B4nk9DDzqdf/EMmPv28kf7hPOgsh6nwLEEDGHPjwoLJO/uPrEbtsZlsP36Cg+m4NKT8Gm/Jctwhn/YRG/3CeeCp8buJ1rAEJ7o6Z3kwe38Pej8Q7ZQxPshPm+SRzv6sc2HcNj+HaL3db8INf3F0fdrDwrUW8AQrvf8V3T04XWkdf+bvRrz3xA/v6IDsWwFFKi5gCFc8xOgmsNv3Zc9PLQfOj8HM3urOQ6rVkCBugsYwnU/Ayo3/p3nZbehQ+Xvgfh1lRuCBSuggAKZgCHsqVAxgSS8ItMAnoQ4vJbkpoACClRWwBCu7NTVsfBdG+DgwmpMd0J8dh0VHLMCCkyOgCE8OXNZg5G0t0B6e3eg0RUw/c4aDNohKqDABAsYwhM8uZM3tORq4IruuNKzoHnX5I3RESmgQJ0EDOE6zXblx5rce/hzeY3nuDpW5SfUAShQewFDuPanQJUADj2U9S2IT6xS5daqgAIKHE3AEPa8qIhA8s9A+LoPMHUqbHugIoVbpgIKKLCsgCHsyVEBgdaZEH2kW2h6HTTfUoGiLVEBBRRYUcAQXpHIHYoXSHYDLwRcorL4ybACBRTIUcAQzhHTpkYlMB/CQHys79yOqnPbVUABBUYmUKoQvvHGGz8HvGhko7VhBRRQQIG6C3z+oosu+sWyIBjCZZkJ61BAAQUUGIeAITwOZftQQAEFFFCg7AKluhIuO5b1KaCAAgookKeAIZynpm0poIACCijQh4Ah3AeWuyqggAIKKJCngCGcp6ZtKaCAAgoo0IeAIdwHlrsqoIACCiiQp4AhnKembSmggAIKKNCHgCHcB5a7KqCAAgookKeAIZynpm0poIACCijQh4Ah3AeWuyqggAIKKJCngCGcp6ZtKaCAAgoo0IeAIdwHlrsqoIACCiiQp4AhnKembSmggAIKKNCHgCHcB5a7KqCAAgookKeAIZynpm0poIACCijQh4Ah3AeWuyqggAIKKJCngCGcp6ZtKaCAAgoo0IeAIdwHlrsqoIACCiiQp4AhnKembSmggAIKKNCHgCHcB5a7KqCAAgookKeAIZynpm0poIACCijQh4Ah3AeWuyqggAIKKJCngCGcp6ZtKaCAAgoo0IfA/wOgi7aXWn/59AAAAABJRU5ErkJggg=='),
(13,2,1,9,19,4,'2020-06-18 10:21:08','2020-06-18 10:21:08',NULL,NULL,NULL,NULL,NULL,'2020-06-18 10:21:08',NULL,1,'data:image/png;base64,iVBORw0KGgoAAAANSUhEUgAAAeEAAAB4CAYAAADFVEoxAAAIO0lEQVR4Xu3czYtVdRgH8O+5U9YichH2BtkgvUCGrTIEkaA2bd23krYuhixo1a5QIXDvXxBRmyCigpIINHdBBfb+JmlCYkXazInDmMxMk/M78mt+48znwjAIz3me8/vcB75z79yxiwcBAgQIECDQRKBrMtVQAgQIECBAIELYEhAgQIAAgUYCQrgRvLEECBAgQEAI2wECBAgQINBIQAg3gjeWAAECBAgIYTtAgAABAgQaCQjhRvDGEiBAgAABIWwHCBAgQIBAIwEh3AjeWAIECBAgIITtAAECBAgQaCQghBvBG0uAAAECBISwHSBAgAABAo0EhHAjeGMJECBAgIAQtgMECBAgQKCRgBBuBG8sAQIECBAQwnaAAAECBAg0EhDCjeCNJUCAAAECQtgOECBAgACBRgJCuBG8sQQIECBAQAjbAQIECBAg0EhACDeCN5YAAQIECAhhO0CAAAECBBoJCOFG8MYSIECAAAEhbAcIECBAgEAjASHcCN5YAgQIECAghO0AAQIECBBoJCCEG8EbS4AAAQIEhLAdIECAAAECjQSEcCN4YwkQIECAgBC2AwQIECBAoJGAEG4EbywBAgQIEBDCdoAAAQIECDQSEMKN4I0lQIAAAQJC2A4QIECAAIFGAkK4EbyxBAgQIEBACNsBAgQIECDQSEAIN4I3lgABAgQICGE7QIAAAQIEGgkI4UbwxhIgQIAAASFsBwgQIECAQCMBIdwI3lgCBAgQICCE7QABAgQIEGgkIIQbwRtLgAABAgSEsB0gQIAAAQKNBIRwI3hjCRAgQICAELYDBAgQIECgkYAQbgRvLAECBAgQEMJ2gAABAgQINBIQwo3gjSVAgAABAkLYDhAgQIAAgUYCQrgRvLEExgscfirpb0u6Txdf221Lum+SmePje7qCAIGWAkK4pb7ZBEYJHOpXKP88yQdJ93GSs8mFt5MXL4waoZgAgVUVEMKrym0YgWsVWDGA55JMlul+Kuk/SfJZ0p1L8k2SN5MDv13rnbiOAIF6AkK4nqVOBP5HgRVDeOns/wrlf+p+TLovk/7LZO6rZGr4d5dc+jWZOr3MQe5M+tnkuVf/x0NqTWDDCQjhDfeUO/D6Ezj8UJI9ydyepNub5KarnHGlcC7hOZn07yaT95JNHyX7z5dcpIYAgX8LCGFbQWDdCQyhPLc96bcnkweTDF+P/Mfb1WNOv1yA/5HkWNIPHwr7MPn9neTFv8Y0VUtgIwsI4Y387Dv7BhN4aTq5YTrph09Tb7v8/d4kdySZTjI1EuTXJJuXXDN7OZRPJvk5mXyXzB5Lnv9+cd3B4e3t6aR7IMm5ZPJT2ey54T6Hnye+vnp9SV1JTe5N5m5Jum+XeQ1zT9KfS246nuw/U3b/qggsFhDCNoIAgQKBha+up55I+t1LLhpeJV9McnNBs/VY8meS4QeN75L+VJIvksnZ+U+pP/vGejywM9UREMJ1HHUhsMEEXrkrmX0yyeNJdif98Ip2uccQzsPb05vWKdBwtuFPx268yvneSvr3kxveSWaGPx/zIHBFQAhbBgIEKggcvD/phjDemXQ7ku6xpB/79naF+1hLLbo+mbuUdAt/AHnt8t9xD6+Wv1pwt7cnk6F+ydvak9PJzA9r6VTupa6AEK7rqRsBAlcEjmxJLm5J+tvnf+879cv895nhw1zr4PHy5mTT1mR2a9Jvnf+9endfkuHr4cUfhOvOJ/2t4w/dn0meG/w81qmAEF6nT6xjESDQWuDQjmRubzJ5Jsnd13A3w3+o8npy4OlruNYl14mAEL5Onii3SYDA9Spw5Nbk4q5kdlcyeWGF3x8vPOSJ5MDO6/XU7rtMQAiXOakiQIAAAQLVBYRwdVINCRAgQIBAmYAQLnNSRYAAAQIEqgsI4eqkGhIgQIAAgTIBIVzmpIoAAQIECFQXEMLVSTUkQIAAAQJlAkK4zEkVAQIECBCoLiCEq5NqSIAAAQIEygSEcJmTKgIECBAgUF1ACFcn1ZAAAQIECJQJCOEyJ1UECBAgQKC6gBCuTqohAQIECBAoExDCZU6qCBAgQIBAdQEhXJ1UQwIECBAgUCYghMucVBEgQIAAgeoCQrg6qYYECBAgQKBMQAiXOakiQIAAAQLVBYRwdVINCRAgQIBAmYAQLnNSRYAAAQIEqgsI4eqkGhIgQIAAgTIBIVzmpIoAAQIECFQXEMLVSTUkQIAAAQJlAkK4zEkVAQIECBCoLiCEq5NqSIAAAQIEygSEcJmTKgIECBAgUF1ACFcn1ZAAAQIECJQJCOEyJ1UECBAgQKC6gBCuTqohAQIECBAoExDCZU6qCBAgQIBAdQEhXJ1UQwIECBAgUCYghMucVBEgQIAAgeoCayqEjx49ejzJo9VPqSEBAgQIEJgXOLFv376dawVDCK+VZ8J9ECBAgMBqCAjh1VA2gwABAgQIrHWBNfVKeK1juT8CBAgQIFBTQAjX1NSLAAECBAiMEBDCI7CUEiBAgACBmgJCuKamXgQIECBAYISAEB6BpZQAAQIECNQUEMI1NfUiQIAAAQIjBITwCCylBAgQIECgpoAQrqmpFwECBAgQGCEghEdgKSVAgAABAjUFhHBNTb0IECBAgMAIASE8AkspAQIECBCoKSCEa2rqRYAAAQIERggI4RFYSgkQIECAQE0BIVxTUy8CBAgQIDBCQAiPwFJKgAABAgRqCgjhmpp6ESBAgACBEQJCeASWUgIECBAgUFNACNfU1IsAAQIECIwQEMIjsJQSIECAAIGaAkK4pqZeBAgQIEBghIAQHoGllAABAgQI1BQQwjU19SJAgAABAiME/ga2BKV5/N3ANwAAAABJRU5ErkJggg==','data:image/png;base64,iVBORw0KGgoAAAANSUhEUgAAAeEAAAB4CAYAAADFVEoxAAAN/0lEQVR4Xu3de4wdVQHH8e9sS5WiVAWKUSgVxUTAiBBeRgshVUDAqCiJGoimCkREadm7rdGE/qEWem8piEYgVqNRQB7+oyCgRC3RPyDURAUkhjdRoQRErI929445u7P27na3O7ude8/Mne9NSJq7Z87jcw7723kn+FFAAQUUUECBKAJJlFZtVAEFFFBAAQUwhF0ECiiggAIKRBIwhCPB26wCCiiggAKGsGtAAQUUUECBSAKGcCR4m1VAAQUUUMAQdg0ooIACCigQScAQjgRvswoooIACChjCrgEFFFBAAQUiCRjCkeBtVgEFFFBAAUPYNaCAAgoooEAkAUM4ErzNKqCAAgooYAi7BhRQQAEFFIgkYAhHgrdZBRRQQAEFDGHXgAIKKKCAApEEDOFI8DargAIKKKCAIewaUEABBRRQIJKAIRwJ3mYVUEABBRQwhF0DCiiggAIKRBIwhCPB26wCCiiggAKGsGtAAQUUUECBSAKGcCR4m1VAAQUUUMAQdg0ooIACCigQScAQjgRvswoooIACChjCrgEFFFBAAQUiCRjCkeBtVgEFFFBAAUPYNaCAAgoooEAkAUM4ErzNKqCAAgooYAi7BhRQQAEFFIgkYAhHgrdZBRRQQAEFDGHXgAIKKKCAApEEDOFI8DargAIKKKCAIewaUEABBRRQIJKAIRwJ3mYVUEABBRQwhF0DCiiggAIKRBIwhCPB26wCCiiggAKGsGtAAQUUUECBSAKGcCR4m1VAAQUUUMAQdg0ooIACCigQScAQjgRvswoooIACChjCrgEF+kZgwwmQHgQ8PmlIi2EghfbWju+n+C45FJInYdV9fUPiQBQouYAhXPIJsnsKTC1w5UkwfBQkBwBHQ3I0pAcWpPUIsBl4FNLfwdDdBdVrNQooMEnAEHZJKFAJgSveC8kxEPZWORk4rEvdbgMDE+tOVsHgxi61Z7UK1FrAEK719Dv48gtsOBjS1ZBe1Pu+Jimk2e+I5JfAOhj8ee/7YYsK9K+AIdy/c+vIKi1w1fGw47PAedMMI+yx3gVsgWQLzNsCK5/YsyG3DgeWQXsZJB8B9srq+xewcOzf6SUwdPWetePWCigwLmAIuxYU6LnAulNgr32Bp3c2nS6B5CBI3w7JSZC+dVK3hiG9BQbCudrNMPhQ97vdWgfpmqydFOjYK06/Bo1fdL8PtqBAfwsYwv09v46udAJrF8A+/971vOu0HX0U+Co0vhtnKM1w/vkOYO9d94qTayBpwqUdf0zE6aWtKlBVAUO4qjNnvysq0NoO6fhh3t2NYQdwQbzwndy16faKR8tdBfNu9Namii5Jux1VwBCOym/j9RJofga4fpoxh3C+rbeHm2erH/aK059B8spsy5eARTtrGVgOl94z21otr0CdBQzhOs++Y++xQPN5YD/gYWiEi6Aq+ml+ClgFHJkNIDtfnPwBdnwAvriHF4hVlMVuKzAHAUN4DmhuosDsBTZcAO1rx7ZLzobBH8++jrJtMRrG38iunP4L8Abgbth2FqzdXrbe2h8FyihgCJdxVuzTHARa4ZYaYPDWOWzcg02a4RzvfOA/0Bi/yKkH7Xa7idHbmm6G9AhgG7DP2Dnixsput2z9CvSDgCHcD7NY+zFc/i6Y95sxhnkLYVW4+rhEnxBU6YPZXvD1MHhBiTpXQFfWvx+S2ydW1L4YVoe9ZD8KTBJYfxi0F8Ca7P+JegMZwvWe/z4Y/eVnwLyfZgN5ARrhnGvJPq0LIf1W1qlzofGDknWwgO5csRYGLuuoaARGlsGa3xZQuVX0hUB4+ls7XEtwCbAVti2FteFBMLX+GMK1nv6qD379eZBsyg7zAo2Srufmj4BzxrRHDoE1T1Vdfur+N8N57g+Fx2plD/Z4EUbONIj7c7bzj6q1DNIVE5/+lt4IQx/PX0f/lizpL63+BXdkRQlcvgTmPblzD5i3QeO5omovtp7mf4EFY3WW9Q+FIkbc2h/ScGV0OC/8AvA6wCAugraydTTDXu/kl388Co23VHZIBXfcEC4Y1Op6JdD8Z/bLPjR4YHkDOHSvGfYMs08/h/DoWBcD4fTAsR1B/I/swSM39Wp12E5sgeZySNZD+s6OnkR++ltsk6nbN4TLOS/2akaBKgVblfo6I3yOAp1BnL4IyWshvJGp/WkY+k6OCixSWYHRt341IL24Ywgle/pbuXAN4XLNh73JLVClYKtSX3NPwAwFJ+wRd7z8wduXihIuVz2jV8iH+8azWwX/37uvQ+ML5epruXpjCJdrPuxNboEqBVtnX8t4C1Vu9FkWHA3ixzpOG4xvfy+0L4PV4R3Ffiol0DwL0uMgeRUkS4HDsnvEJ48iXAdxGjR+VanhReisIRwB3SaLEKhKCHfeQpU8AYNvKmL01aqjdR2k52d9/jvwmuzfn4DGDdUaS117O+H2ot0heN53lkvEEJ4lmMXLItAZwskRvXm/7mzH3gwP5fhmeIIIMAyNPG9Pmm0jFSnfOh/S67LOdhyeTs+BoVsqMogadnP9eyAJLx45d4bBhwfkXFSet35VZ6oM4erMlT2dINAMzyYeD7USPgCjGe6XHX8+dLhdp8S3UPVqabWOgfTX2eHpcMX0vmMtG8S9moH87TTPAMI53rMnbdMGNgMPAX+Gdrgl7WFY/Uj+ui3ZKWAIux4qKtAML5o/fazzyUYYDE/iKcknHIKe/xNIE0i3Q3JwuW+h6iXbhGdNG8S9pJ+xrda7If0opGdCcuik4h5mntFvbgUM4bm5uVV0geZXgC9l3dgCyfg5x+yrdvgl8jcYure3Xd3wSWh/e+chaN5oAE+eAYO4t2typtZGz/cOAZ+bomQ44nShh5lnMpz7zw3hudu5ZVSB1ochvW33XRi9N/ViGArnZbv0aZ0O6UFjD6dIToH0zVlDHoLerfi0QXwJDF3dpcmy2gkCG0+E4QsnPk5yvEB6CyTfg8akF3NIWLSAIVy0qPX1SGDjUhh+fPrGQgCHw8Gjn7shCS9QeLqj/GIYCCG9teO7Q4ABSJ/ftd5wSLm9NyQLx27LILwZ6UhI9p9m78FD0DOuhM4gTl+G5NXZc6fP68+XXMwI0sUCV54Ew0dBcgBwNHAMEG4h6/zsgGQtjHwfVj/Txc5YdYeAIexyqLBAazukM11xHN7SEoKzV59w+M4Azq09YY/Yh3rkdpup4Pr3QRIeGRmOzJyc/eE43Uae752Js4s/N4S7iGvVMQVa6yBd04Me7ID0VhgIV4xuLuetUj1Q2KMmQhC378+OMnTuIzwA7S/D0J17VH3tNl6/EpIrcwx7GDjf8705pLpYxBDuIq5VxxZongzp7bv+cp9Tv4YheQTaT0LyIKQPQbIFGr+fU21uNIVA50M90pcgWTRWKLkGkiZc2nk6QcFdBNafNnY4meOnwAm3Ft0FhIsYt8C8LbAy3F7kJ7KAIRx5AmxeAQU6BaZ7qMdomVuhfS2svqeeZuHe8+RAGHk9DISLAcN/r8j+UFkM6eEdLiOQ3uwRmvKvFEO4/HNkDxWomcDoQz3CrWV7ZwN/Ccj2ike/Cc8jvgHaN8Hql/sbp3UqjJwIAycAp+Ycqy9NyAlVhmKGcBlmwT4ooMAUAs3wxKbwEJYjsx92XrgVvgqnBsJLIMKFRX8CJl8tP9UV8GG7ab5vL4X52yZdMZ81HX4WPgNTHMLd3c9GNzoE2uGFB09B8hwseAY+Hx5U0vFp7gPDB8BeS6D9Dkj3g+RsSMbHnmeFhIsQz/ClCXmoylPGEC7PXNgTBRSYUmA0jK+Z9DamzhdB1MUtnNd9YOyPjvAykPSvkD4LybMw8hiseaouEP00TkO4n2bTsSjQ1wKtjwHLIV0OLOmzoU7eyx8f3h8h/SEkd3gRYJ/NeDYcQ7g/59VRKdDHAmvnw8JwH+wHs5cMzO+jwe4Yu4K5fSck9/T+sat9JFmRoRjCFZkou6mAAv0iEM7/tsOFZotg/iJIR2DHVpi/FRrb+mWUjiOfgCGcz8lSCiiggAIKFC5gCBdOaoUKKKCAAgrkEzCE8zlZSgEFFFBAgcIFDOHCSa1QAQUUUECBfAKGcD4nSymggAIKKFC4gCFcOKkVKqCAAgookE/AEM7nZCkFFFBAAQUKFzCECye1QgUUUEABBfIJGML5nCylgAIKKKBA4QKGcOGkVqiAAgoooEA+AUM4n5OlFFBAAQUUKFzAEC6c1AoVUEABBRTIJ2AI53OylAIKKKCAAoULGMKFk1qhAgoooIAC+QQM4XxOllJAAQUUUKBwAUO4cFIrVEABBRRQIJ+AIZzPyVIKKKCAAgoULmAIF05qhQoooIACCuQTKFUIb9q06T7g2Hxdt5QCCiiggAKzFrh/xYoVx816qy5tYAh3CdZqFVBAAQVKKWAIl3Ja7JQCCiiggAI9FijVnnCPx25zCiiggAIKRBUwhKPy27gCCiigQJ0FDOE6z75jV0ABBRSIKmAIR+W3cQUUUECBOgsYwnWefceugAIKKBBVwBCOym/jCiiggAJ1FjCE6zz7jl0BBRRQIKqAIRyV38YVUEABBeosYAjXefYduwIKKKBAVAFDOCq/jSuggAIK1FnAEK7z7Dt2BRRQQIGoAoZwVH4bV0ABBRSos4AhXOfZd+wKKKCAAlEFDOGo/DaugAIKKFBnAUO4zrPv2BVQQAEFogoYwlH5bVwBBRRQoM4ChnCdZ9+xK6CAAgpEFTCEo/LbuAIKKKBAnQUM4TrPvmNXQAEFFIgqYAhH5bdxBRRQQIE6CxjCdZ59x66AAgooEFXAEI7Kb+MKKKCAAnUW+B/DJTaXuLkx3wAAAABJRU5ErkJggg=='),
(14,1,1,2,20,3,'2020-06-21 09:08:51','2020-06-21 09:08:51',NULL,NULL,NULL,NULL,NULL,'2020-06-21 09:08:51',NULL,1,'data:image/png;base64,iVBORw0KGgoAAAANSUhEUgAAAeEAAAB4CAYAAADFVEoxAAAIvklEQVR4Xu3dT4icdxkH8O9sU0MjSL3kIBWrJ1EvBhQFKR68SUW8eNAeJAf/QMU2O7U9KMUejMz2D7UgCNGDCgWRHHKWiIKgxYKKiAexoBYxQi6mh7TZV97u2GzKtgzJ7vv8Zn6fOSWbmfd5fp/nIV9mZ2Z3FjcCBAgQIECgRGBWUlVRAgQIECBAIELYEhAgQIAAgSIBIVwErywBAgQIEBDCdoAAAQIECBQJCOEieGUJECBAgIAQtgMECBAgQKBIQAgXwStLgAABAgSEsB0gQIAAAQJFAkK4CF5ZAgQIECAghO0AAQIECBAoEhDCRfDKEiBAgAABIWwHCBAgQIBAkYAQLoJXlgABAgQICGE7QIAAAQIEigSEcBG8sgQIECBAQAjbAQIECBAgUCQghIvglSVAgAABAkLYDhAgQIAAgSIBIVwErywBAgQIEBDCdoAAAQIECBQJCOEieGUJECBAgIAQtgMECBAgQKBIQAgXwStLgAABAgSEsB0gQIAAAQJFAkK4CF5ZAgQIECAghO0AAQIECBAoEhDCRfDKEiBAgAABIWwHCBAgQIBAkYAQLoJXlgABAgQICGE7QIAAAQIEigSEcBG8sgQIECBAQAjbAQIECBAgUCQghIvglSVAgAABAkLYDhAgQIAAgSIBIVwErywBAgQIEBDCdoAAAQIECBQJCOEieGUJECBAgIAQtgMECBAgQKBIQAgXwStLgAABAgSEsB0gQIAAAQJFAkK4CF5ZAgQIECAghO0AAQIECBAoEhDCRfDKEiBAgAABIWwHCBAgQIBAkYAQLoJXlgABAgQICGE7QIAAAQIEigSEcBG8sgQIECBAQAjbAQIECBAgUCQghIvglSVAgAABAkLYDhAgQIAAgSIBIVwErywBAgQIEBDCdoAAAQIECBQJCOEieGUJECBAgIAQtgMECBAgQKBIQAgXwStLgAABAgSEsB0gQIAAAQJFAkK4CF5ZAm0I7Hw6md2enPlpG/3ogkBfAkK4r3k7LYF9Ak/ckVx7ae8LV44nj17FQ4DAtAJCeFpv1Qg0JLAYrjczeyTZPttQc1oh0IWAEO5izA5J4CCB/SGcS8mVuzwbtikEphUQwtN6q0agIYHFF5L8YPxedJK3JrPHk+3thhrUCoGNFxDCGz9iByTwZgKLPyb5wN49ZkMyPJjMn2JGgMA0AkJ4GmdVCDQq8Nqz4fH14eX/B7OLyfC1ZP6HRpvWFoGNERDCGzNKByFwswKL8R3SdywfPf75xN6z4t1vJi89lTz635u9sscRIPDmAkLYhhAgkGTn28nw8JJiN8nW8lvUf0ryTDL8KJmPrx27ESBwiAJC+BAxXYrAegssPp7kfJI7l+f4R5K7lmH8QjJcTLZ+kpz5+XqfU/cE2hEQwu3MQicEGhFYfD7JA0lOLRt6Mck79jX3lyS/TPLXJL9J5r9opHFtEFg7ASG8diPTMIEpBJ4+nlx9IBnuvx7Ar757enwD1/Jb1a/18e8kv0vyfDJ7Icl/kvz9xi53706OXUl2Lx3c/fjv421rfPwBtyP995PJ7onX1X5XMrucnLk4hbYa/QoI4X5n7+QEVhB48s7k2leS4VtJbjsoHQ8I5RWuuxZ3GV8bf5vXwtdiVmvbpBBe29FpnMDUAjvvS3JPsntPMvvsBofv/2H/lszfM7Wyen0JCOG+5u20BA5R4Mm7k2unkmF87fhUMvtEMtx+iAUqL3U1mR+vbEDtPgSEcB9zdkoCBN5Q4NV3he9/7fdCMv8UMAJTCAjhKZTVIECgUYGzn0yOXUiG5f+Fw1eTh77baLPa2kABIbyBQ3UkAgRWETj75eS2MXDHN5y9ksw+kmyP7/J2IzCZgBCejFohAgTaEVh8NMmv9/oZLiez9ybz8aNWbgQmFRDCk3IrRoBAGwKLV5bPgK8meacAbmMqPXYhhHucujMT6Fpg8XySD45PgZPd9ydf/3PXHA5fKiCES/kVJ0BgWoGdZ5Nh/IzzeLs/mT8zbX3VCNwoIIRtBAECnQjsfCwZfrV32NmFZNvHkDqZfMvHFMItT0dvBAgcosDi5STHkryczN9yiBd2KQI3LSCEb5rOAwkQWB+B8UduDuPvRh6fBX8/2f7i+vSu000WEMKbPF1nI0BgKbDzpWT43vIv9yXzH6Mh0IKAEG5hCnogQOCIBRY/S/KZZZHvJPOHj7igyxNYSUAIr8TkTgQIrLfAYvw88P5fLvH7JN9I5hfW+1y6X3cBIbzuE9Q/AQIrCNwQwpeTvH35oPNJfpjMXnzdRU4mW+PniC+t8PVbve9Bj3+Da279K3nwnysc2F3WREAIr8mgtEmAwK0KLB5J8tjyJ2XtLq+2datXnfbxw6XkoZPT1lTtKAWE8FHqujYBAo0JLN6dzB5Lhs811tgq7VxJcj6Z37fKnd1nPQSE8HrMSZcECByqwOLeJM8mOXGolz3aiz2XzD98tCVcfWoBITy1uHoECBAgQGApIIStAgECBAgQKBIQwkXwyhIgQIAAASFsBwgQIECAQJGAEC6CV5YAAQIECAhhO0CAAAECBIoEmgrhc+fO/TbJh4oslCVAgACBzRd47vTp08181EsIb/7COSEBAgQIXBcQwraBAAECBAgQSJp6JmwgBAgQIECgJwEh3NO0nZUAAQIEmhIQwk2NQzMECBAg0JOAEO5p2s5KgAABAk0JCOGmxqEZAgQIEOhJQAj3NG1nJUCAAIGmBIRwU+PQDAECBAj0JCCEe5q2sxIgQIBAUwJCuKlxaIYAAQIEehIQwj1N21kJECBAoCkBIdzUODRDgAABAj0JCOGepu2sBAgQINCUgBBuahyaIUCAAIGeBIRwT9N2VgIECBBoSkAINzUOzRAgQIBATwJCuKdpOysBAgQINCUghJsah2YIECBAoCcBIdzTtJ2VAAECBJoSEMJNjUMzBAgQINCTgBDuadrOSoAAAQJNCQjhpsahGQIECBDoSUAI9zRtZyVAgACBpgT+BwWg0HnxAfiBAAAAAElFTkSuQmCC','data:image/png;base64,iVBORw0KGgoAAAANSUhEUgAAAeEAAAB4CAYAAADFVEoxAAALxUlEQVR4Xu3dTYzcZh3H8a9n8rINm25CCgktTdoCQbQCkShBHFoKQiAOXHqAaw+5I9EmPcBlT9ASCqgHJA65ceCA4IKEiBBCvTRqpagoUCFeREPVkJA2bJJt3jbrB/3HHthsZ9P1jmefzezXkuXZrP089sfP5mf78dgFDgoooIACCiiQRaDIUquVKqCAAgoooACGsI1AAQUUUECBTAKGcCZ4q1VAAQUUUMAQtg0ooIACCiiQScAQzgRvtQoooIACChjCtgEFFFBAAQUyCRjCmeCtVgEFFFBAAUPYNqCAAgoooEAmAUM4E7zVKqCAAgooYAjbBhRQQAEFFMgkYAhngrdaBRRQQAEFDGHbgAIKKKCAApkEDOFM8FargAIKKKCAIWwbUEABBRRQIJOAIZwJ3moVUEABBRQwhG0DCiiggAIKZBIwhDPBW60CCiiggAKGsG1AAQUUUECBTAKGcCZ4q1VAAQUUUMAQtg0ooIACCiiQScAQzgRvtQoooIACChjCtgEFFFBAAQUyCRjCmeCtVgEFFFBAAUPYNqCAAgoooEAmAUM4E7zVKqCAAgooYAjbBhRQQAEFFMgkYAhngrdaBRRQQAEFDGHbgAIKKKCAApkEDOFM8FargAIKKKCAIWwbUEABBRRQIJOAIZwJ3moVUEABBRQwhG0DCiiggAIKZBIwhDPBW60CCiiggAKGsG1AAQUUUECBTAKGcCZ4q1VAAQUUUMAQtg0ooIACCiiQScAQzgRvtQoooIACChjCtgEFFFBAAQUyCRjCmeCtVgEFFFBAAUPYNqCAAgoooEAmAUM4E7zVKqCAAgooYAjbBhRQQAEFFMgkYAhngrdaBRRQQAEFDGHbgAIKKKCAApkEDOFG8M9/AdJuSKcHLxa/4wJ0/rVEsXugnITin7f+vjMJaStQj/Nbofs2MANpE3QuweVfwvTNRqvrzAoooIACa1rAEF5y9xx9AvgoMAXsh2I/pJ2Z9+YfgVeBV6D4LRx+LfP6WL0CCiigwBAChvBAvJ9sgUvvDOHa9qIl0BlQ6BvAceAlKF4ylNtmtzwFFFBgtAKG8EDfo2m07FwG4pL1mSXquQeKHZB2AYP20XUg1nHi1uWLPwAvQnkcnvnViLfB4hVQQAEFhhQwhG8fwr8GTkJxEron4ZuvD+m9gsW//zCUj0B6BLoPQ/oscP+tBaVrUCwKZK4Cv4MI5vk3q37lIz9dwQq4iAIKKKDAiAQM4RHBjrbY5z4BnS8BXwZiumlRfTfqM+iN716PdAKKExDTzgk4vMRNZqPdAktXQAEFFBh8qVOXO07g6OchPQrFo0CM7xuwCfNAd8C/x2XxBaE8ewKmI8QdFFBAAQVGLOCZ8IiB8xT//D4oH4ficUhfBTa8ez2KeSjnBlzGjlnjEvyrkE5B5xSUp+DIv/Nsi7UqoIAC4ytgCI/vvl2wZdGvnD4FaR8Un66nHxgQzAlS9CVvGfC7c1UoF6eqafdPcO3v8K34PrODAgoooMAKBAzhFaCNxyI/uA9u7oNOHcrsAx4csG0l9G78GhDMMXc6D8VfgBj/AWkWOAtzv4dvL/XQkvEgdCsUUECBIQUM4SEBx2vxZ6eguw/SASgOQnEA0kMDtjH6l+fqG8IGfX+5v0h8lep09YSxIu4sj5vA6s/FaXg6vufsoIACCqxbAUN43e765W74d3bApgNQ1qHMQeDe91g6Hi4S44C+6FuWLG8N5/Q6FOeqM+lUT7tn4am4RO6ggAIKjJ2AITx2u3Q1NiiCeeNeSB+DYm81pr3AJ5d4stfClYqHjMTd13EGPeArVAPX/1IVzJyDIqYLQjqCvjwP6a+QLlfjjcve4b0a7cA6FFBgWAFDeFhBl18k8Oxu6MTDROJlFgumRf/nHcsgi7Po/ssq4mz6dpe8lyouLpdfAd6B4gqkeux9jj7uq9W0U097Dze5BmXUPWCIh53Ek85iOn+5KrM/FPdXfeHln4GL0LkIR9bSY0+XQe4sCiiQQ8AQzqG+ruv87nbo7qneRtWJYI5xD/BhYCcUOyFNNiRaGNoR2P2xYTGtzh795hHEcaNajP3PF4C3oDhfTeMsPqbpAnRnoJyBKzMwfa3VtbEwBRRYkwKG8JrcLet9paYnYctO6O6Esg7m+V1VQMcYYd0bH1jiASQ5APsHAvE3FQcBgx6M0mS9IoRnqrGIV1rOVmff5dX6LDzO3ONsPH6ug76chU6ckW+DTizzt+rsffMs3Jy9fd/69CZ4/wRcn4D5Cdg4AWU9dicgLeNqRFwRuDkH0Y8/iiHKj4OZJts1ivVYjTJ/tBtuTvpSltWwzluHIZzX39qHFojw2LQVinrsxvua4/3MW6qvVcU0niDW/7n30ou7qoeUlPU01dPlXvYu4hL5dkjbgXjJxjIC6rYbGgEeZ87RXx5/kxHgw5Y5tOwdVEDc4LfEAUrvZSn1gUxMy4uQZqqDlN6T5c7C5pfhG3FFIuPwva9A5zFI8f39zwEfr7o2uh/yxsSMu2UVqjaEVwHZKsZd4IXNcH0K0hRsmIK5Kej0Dwbq6fxW6ER/eP8NWfdUn4l/W+I72OPutqLtW3DAEmfnRVtdD/H0uOgWiIfPvAX0p9F1cAbm44rDeegs+u57+RB034CnTzTfmueiTXwd0pNQPLZo+djOX8CRrzUv1yXuJAFD+E7aW67rmApMT8CWuIS8Dea3QVGPcVm597k+s++dwccZ/l3V2Xz/LD9+X8aVgOhLj7Nz/66X31LiBsAIvMUvQVl+Cb0546t16WT1yNf+3fu9R77WffxxF390sXTiLWi7oHwQigjYDy5R0ZtwJO6TcBhzAf9Yx3wHu3kKjI9AdD3cPVldZYj+0rT1/10NcVASYyeuKtQHKL2Dkm2QtlXTOKDpf+6FX1uX/CPEhy1rDtLPofNi9U7ww6+Nz35zS24nYAjbPhRQYJ0KvHA33IizzfvqvtgI5n43Qb+r4F4oPgKp6Y12C2/Ui2Xj/9rF/9+eAX4G6TfwzPF1uhPW/WYbwuu+CQiggAIrF/jhAzC/H9J+IMYvvsel7eh7/nHV33s4znod1rmAIbzOG4Cbr4ACbQss7uPvxmtDL8CG/8BT8T1xBwX+J2AI2xgUUEABBRTIJGAIZ4K3WgUUUEABBQxh24ACCiiggAKZBAzhTPBWq4ACCiiggCFsG1BAAQUUUCCTgCGcCd5qFVBAAQUUMIRtAwoooIACCmQSMIQzwVutAgoooIAChrBtQAEFFFBAgUwChnAmeKtVQAEFFFDAELYNKKCAAgookEnAEM4Eb7UKKKCAAgoYwrYBBRRQQAEFMgkYwpngrVYBBRRQQAFD2DaggAIKKKBAJgFDOBO81SqggAIKKGAI2wYUUEABBRTIJGAIZ4K3WgUUUEABBQxh24ACCiiggAKZBAzhTPBWq4ACCiiggCFsG1BAAQUUUCCTgCGcCd5qFVBAAQUUMIRtAwoooIACCmQSMIQzwVutAgoooIAChrBtQAEFFFBAgUwChnAmeKtVQAEFFFDAELYNKKCAAgookElgTYXwsWPHXgYOZrKwWgUUUECB8Rd45dChQ59ZK5tpCK+VPeF6KKCAAgqshoAhvBrK1qGAAgoooMBaF1hTZ8JrHcv1U0ABBRRQoE0BQ7hNTctSQAEFFFCggYAh3ADLWRVQQAEFFGhTwBBuU9OyFFBAAQUUaCBgCDfAclYFFFBAAQXaFDCE29S0LAUUUEABBRoIGMINsJxVAQUUUECBNgUM4TY1LUsBBRRQQIEGAoZwAyxnVUABBRRQoE0BQ7hNTctSQAEFFFCggYAh3ADLWRVQQAEFFGhTwBBuU9OyFFBAAQUUaCBgCDfAclYFFFBAAQXaFDCE29S0LAUUUEABBRoIGMINsJxVAQUUUECBNgUM4TY1LUsBBRRQQIEGAoZwAyxnVUABBRRQoE0BQ7hNTctSQAEFFFCggYAh3ADLWRVQQAEFFGhTwBBuU9OyFFBAAQUUaCBgCDfAclYFFFBAAQXaFDCE29S0LAUUUEABBRoI/BdzxrqInALLFAAAAABJRU5ErkJggg=='),
(15,44,1,1,20,68,'2020-06-21 09:14:08','2020-06-21 09:14:08',NULL,NULL,NULL,NULL,NULL,'2020-06-21 09:14:08',NULL,1,'data:image/png;base64,iVBORw0KGgoAAAANSUhEUgAAAeEAAAB4CAYAAADFVEoxAAAO+klEQVR4Xu3dCYweZR3H8e+821QKRUDwItByKaAJigoYkaMIQSyHRMQDOcodIQXKvtsqZzyA3XdLOURCTMuhghxqOKSCaAoGEQwkisglapAEFChyp2z3HfPs+7703eUtu1Pm3Zl33u8kG6rM+zz/5/NM98fMO/NMhJsCCiiggAIKZCIQZdKrnSqggAIKKKAAhrAHgQIKKKCAAhkJGMIZwdutAgoooIAChrDHgAIKKKCAAhkJGMIZwdutAgoooIAChrDHgAIKKKCAAhkJGMIZwdutAgoooIAChrDHgAIKKKCAAhkJGMIZwdutAgoooIAChrDHgAIKKKCAAhkJGMIZwdutAgoooIAChrDHgAIKKKCAAhkJGMIZwdutAgoooIAChrDHgAIKKKCAAhkJGMIZwdutAgoooIAChrDHgAIKKKCAAhkJGMIZwdutAgoooIAChrDHgAIKKKCAAhkJGMIZwdutAgoooIAChrDHgAIKKKCAAhkJGMIZwdutAgoooIAChrDHgAIKKKCAAhkJGMIZwdutAgoooIAChrDHgAIKKKCAAhkJGMIZwdutAgoooIAChrDHgAIKKKCAAhkJGMIZwdutAgoooIAChrDHgAIKKKCAAhkJGMIZwdutAgoooIAChrDHgAIKKKCAAhkJGMIZwdutAgoooIAChrDHgAIKKKCAAhkJGMIZwdutAgoooIAChrDHgAIKKKCAAhkJGMIZwdutAgoooIAChrDHgAIKKKCAAhkJGMIZwdutAgoooIAChrDHgAIKKKCAAhkJGMIZwdutAvkW6F8XmAXx2tDzzPi1xpsBj0Pf3ePv6x4KKNAQMIQ9FhToaoGBr0BpPRjeGEqbQ7QFxFsAG68hy6PAXcATwP1QvmMN2/FjXScw8CGoToUFD3XT0A3hbpptx6oAle0g3gVKu0C8G/CBdFCiGOIYKI1p7xfAEij/Kp1+bKV4Ags3heo84GTgWXh1Mzj7teKNs/WIDOFumWnH2cUCgwcBsyHeFtgpAUQI1f8Br475mQrRdKiuW/tntAHE4/0ueQyiEMhXQu8jCWpw18IKDOwC0THAoauGGF8DfV8v7JBbDGy8vzjdZOFYFSiIwPnToLoPxJ+HaC8Y+b52dVsVeBCixyCu/0SPw9Bj8O3nJw4y+BFgV6juCtGXgSlNn30ZCN8x17foLFh5ISx4ceLtu2dxBEbOfPuAE8eM6Qkob1WccU5sJIbwxJzcS4GcC1QOBLaBaHuI9wA2XE3Bb0B0a+172/iPUL6nPQOrhDPvw+uB3KqL8N3xD2HmJXDwcHtqsNV8CQzsBtGRwGFvDV++D+XL81Xv5FRjCE+Os70okLJA/6eg9FmItga2hHivt+lgJXA5VG+FqcvglHCJeZK2/k2g5zCIzwDWqncaLm+vU//zAxBfDH1XTFJBdpOJwMCREC0e0/UbwPHdGr4NC0M4kwPSThVIKtD/RYj2rt1IFe0MvHecFh6G+A4oLYXepUl7S3//gVD3HCCcCTUuOT4HbFTv6x6oHgXzH06/b1vMVmDgaoi+1lRDuHO+a898x86FIZzt0WnvCryNwEXvghXfAMLP7uNQrYT4eojug+j30Ht/PmkvmQ6vhzCeA/H29RqfAjYBhmF4V1jwh3zWblXJBAbDfQmXAjPrnxsCjuv2M19DONlR5N4KZCAQnpeMD4GeIyBu/AIbW8ejEIWzxzshvgfmh+9YO2yrnAaEn2m1AKYHeAGG9zWIO2wq31JuJTxutKjp/74Zyvt3+qjaUb9nwu1QtU0F1khgYEuIwvOSRwNTRzcRDcHwORD9BuK/wPxwx3EBtsEdIL4dWB9YDrzHIO7kaV20JwwPNF3lAOK50HdxJ4+qnbUbwu3UtW0FJiRw7lYwZQFw8OhHeUY+vAyiJdD74wk11ZE7Vd4H3ALs0BTEL9UvXf6sI4fUlUUPng7xd5uGHu7E/0x+vxrJxyQZwvmYB6voSoHK7hAfCqXDIQ6XYhvbcoh/CqUboDcsAdkFW3MQxy/UFgAJq3BVj4a+JV0A0MFDrOwHXAhs3jSIi6B8UgcPatJKN4QnjdqOFAgC/VtDdACUwmM7Hx1jEr7nPR+mXQ0nvNJ9XqPOiMNqXY3fTxdA+ZTu88j7iPtnQXQGRLNGn/2yN5SX5b36vNRnCOdlJqyj4AKLtoWV84HDWww0PMd7CpR/UHCECQxvJIj/0fQcceMz90N8JvSFhUbcMhUYWYhlDkRfaiojrLx2OpTPzbS0DuzcEO7ASbPkThOoHAdcUr/7t6n4+CbgRijdBL3hmVm3NwUGL4P42Nr/jF+EaL36vzrSR1yyOEwGt6ktrFHdr/amrVHbjfX/iPxnFpV1ep+GcKfPoPXnWCCsp1xdDNGnVxUZ/QviKyC6Hnr/luPic1Da4LEQX1YvxMvTmczIyDF8EkT1/yAaVURY8eogKN+cSWkF6dQQLshEOoy8CQz0QhTuFG0s1RiWijwBylfnrdJ81zP4SajeBdHaY+oMi5Gc5SsS2zV7jWfVo/kQNY7hxn8PhUVhrtQ+HXtDOB1HW1GgSWDwOojDm4Qav7S+B31h7WS3NRZodXl65B3Ge3gT0BqjtvhgOPONwwIq4fWXzc+qr4DoOzB8FcwPK5y5pSRgCKcEaTMKwMKPQfU64MN1jb/Xn3X9nTppCLS8PO0KW2nQ0r8j9ISlRMNl51JTk09C1A9Tr4e5z6bSlY2MEjCEPSAUSEVg4Ij6W2Lqv8Cia6E0B+a9nkrzNlIXCJen4zvrd0+7wtY7Oi4WfRCGvgpRWE5y7Nrk/4bqEph2PswNC6e4tUnAEG4TrM12i0C4azQeBGavGnF8MvSFxQvc2iLQaoWt6CWoHgt917aly0I1+uYKbQc0vcWqMcJws9Wp8K4fwdwVhRp2TgdjCOd0YiyrEwQqc2uvZGN6vdoXIZ4NfXd3QvWdXWOrFbZGRnQmlJuXTuzsYaZafWW72tcj4VGjUZecQy9h/e4bIPqlj8ulij5uY4bwuETuoMBYgcoewDnATk1nv7dAX1i+z23SBFa7wtafgTN8dCZMxOBGUA2Xmw+EaN8WU3MVEO509r6FSTtuR3dkCGcEb7edKDCyUtDxo3+ZRa9AuPxcXtyJI+r8mkeCOCwS0XiE6QVgg9q4oltg5QJY8FDnjzPpCBZ+Aarhvc1hSckNW3z6bJ9VT2ranv0N4fa42mphBMJLFjgA4v1brBR0J0TfdNGNPEx25VtAuAwdXoQRllAMW+MmuSVQ/Xl3LHk5GB4tOh7iz7WYlbshuto7nfNwvK6qwRDO13xYTa4EwgL1pVaX6cJazydCubGaU66q7t5iKpvXFkiJD2kyaF5p65naqyGrj0LpESgX5DWJF7wfhg4DwpnvtmPm/6la8FZv8l6FfP7NMITzOS9WlbnAebNhys0QN/0diV0pKPN5mUgBI6/WC3dJT6vtHb8G0fPAu4HGGtThXzwN0W1QvR2m3AbzwiNPHbJVwrunw70JG9f/uc6YwsPiGscU+z3UHTJV45RpCBdjHh1FqgILj4HqpbVLm9Fw7Y5bVwpKlbjtjZ27AfTsAVG4LBt+GguohO+Kw0pb4ZJ18zucQ0V/BcIl20eB5bDi13Daf9pe6oQ6GPg4RLtDtBvE4SuS9Vt8LHwffk3tu/DepRNq1p0yFzCEM58CC8iXwODpEDcecQlnRttC+b/5qtFqkguMfLe/J3Byi9ckhgVV6mfNY1sOZ9Hhxq9SuPmr8bMCVi6HnnB5e8wWz6gFeOnp1dQ4E6rTIXqy9u/jIYifg57na48GhQU0hreE4Z0g2hSi7YFPND0G16rZZbWbrFzVKvlxkf0nDOHs58AKciFw3j7QE575Db/0whYWKphhAOdiclIuYuEsGA5nyeHO4Z1X03i1fsY89mw55VrWuLkhqJ4DpaVQvneNW/GDmQsYwplPgQVkL3D2WrBO0/KS8Ru1sxDPgLOfm3ZX0L8ulMJZcnjmO/yEP09pd6/19sNNY+Emv3B5vATR2/X7HMS/rV0un3IvzLtvkmq0mzYLGMJtBrb5ThCoDDX94r0Iyid1QtXW2C6B82bAlBkQLi2HnyhcYm78Odx93O6QDktHhtc3Pgjxg1B6AE4NC5C4FVDAEC7gpDqkJAIjr26rL+YwckOLq14l4XNfBRR4RwKG8Dvi88OdLzAYFjYId0KH7VAo/6Tzx+QIFFCgUwQM4U6ZKetsk0AlPE8anrkEhmfCgvpdq23qzmYVUECBJgFD2MOhywUq4eaYsL0M5bCYg5sCCigwaQKG8KRR21E+BRohXPbvQj4nyKoUKLSAv3gKPb0OTgEFFFAgzwKGcJ5nx9oUUEABBQotYAgXenodnAIKKKBAngUM4TzPjrUpoIACChRawBAu9PQ6OAUUUECBPAsYwnmeHWtTQAEFFCi0gCFc6Ol1cAoooIACeRYwhPM8O9amgAIKKFBoAUO40NPr4BRQQAEF8ixgCOd5dqxNAQUUUKDQAoZwoafXwSmggAIK5FnAEM7z7FibAgoooEChBQzhQk+vg1NAAQUUyLOAIZzn2bE2BRRQQIFCCxjChZ5eB6eAAgookGcBQzjPs2NtCiiggAKFFjCECz29Dk4BBRRQIM8ChnCeZ8faFFBAAQUKLZCrEF68ePF9wA6FFndwCiiggAJZCvzpqKOO2jHLApr7NoTzMhPWoYACCigwGQKG8GQo24cCCiiggAJ5F8jVmXDesaxPAQUUUECBNAUM4TQ1bUsBBRRQQIEEAoZwAix3VUABBRRQIE0BQzhNTdtSQAEFFFAggYAhnADLXRVQQAEFFEhTwBBOU9O2FFBAAQUUSCBgCCfAclcFFFBAAQXSFDCE09S0LQUUUEABBRIIGMIJsNxVAQUUUECBNAUM4TQ1bUsBBRRQQIEEAoZwAix3VUABBRRQIE0BQzhNTdtSQAEFFFAggYAhnADLXRVQQAEFFEhTwBBOU9O2FFBAAQUUSCBgCCfAclcFFFBAAQXSFDCE09S0LQUUUEABBRIIGMIJsNxVAQUUUECBNAUM4TQ1bUsBBRRQQIEEAoZwAix3VUABBRRQIE0BQzhNTdtSQAEFFFAggYAhnADLXRVQQAEFFEhTwBBOU9O2FFBAAQUUSCDwfwRZXZc80i5NAAAAAElFTkSuQmCC','data:image/png;base64,iVBORw0KGgoAAAANSUhEUgAAAeEAAAB4CAYAAADFVEoxAAAIz0lEQVR4Xu3dzatd1RkH4N8+J1qLVtS0WDGGam1LqcUWMXQk+AlChy10nrnQ0PTjT7ARcdBpkA46Ep1JaUdBAoVIKqImfoQoNVIdVKgilST37LI9J4VCErPv3blr3XWeA5sLN3uvd63nXfDLvueriwcBAgQIECBQRKArUlVRAgQIECBAIELYJiBAgAABAoUEhHAheGUJECBAgIAQtgcIECBAgEAhASFcCF5ZAgQIECAghO0BAgQIECBQSEAIF4JXlgABAgQICGF7gAABAgQIFBIQwoXglSVAgAABAkLYHiBAgAABAoUEhHAheGUJECBAgIAQtgcIECBAgEAhASFcCF5ZAgQIECAghO0BAgQIECBQSEAIF4JXlgABAgQICGF7gAABAgQIFBIQwoXglSVAgAABAkLYHiBAgAABAoUEhHAheGUJECBAgIAQtgcIECBAgEAhASFcCF5ZAgQIECAghO0BAgQIECBQSEAIF4JXlgABAgQICGF7gAABAgQIFBIQwoXglSVAgAABAkLYHiBAgAABAoUEhHAheGUJECBAgIAQtgcIECBAgEAhASFcCF5ZAgQIECAghO0BAgQIECBQSEAIF4JXlgABAgQICGF7gAABAgQIFBIQwoXglSVAgAABAkLYHiBAgAABAoUEhHAheGUJECBAgIAQtgcIECBAgEAhASFcCF5ZAgQIECAghO0BAgQIECBQSEAIF4JXlgABAgQICGF7gAABAgQIFBIQwoXglSVAgAABAkLYHiBAgAABAoUEhHAheGUJECBAgIAQtgcIECBAgEAhASFcCF5ZAgQIECAghO0BAgQIECBQSEAIF4JXlgABAgQICGF7gAABAgQIFBIQwoXglSVAgAABAkLYHiBAgAABAoUEhHAheGUJECBAgIAQtgcIECBAgEAhASFcCF5ZApsTeGZvcv6G5FcnNne9qwgQqElACNfUDXNZU4Fnbk3O/jjJrmT2z/9H6Pcm3Z6k/2GSB5J8L8m/k/ltyYH/rCmYZRNoRkAIN9NKC6lb4KmfJfl60g+BelfSfSvJ7atjPmLuiyQvJAd/PuIapxIgUKmAEK60Maa10wWevS75+JFk47GkezzJ3ROt6IPk4J6JxjIMAQKFBYRw4QYo35LAk3uS7qGkezjJY0m+OcHqzib988nspSQveS54AlFDEKhIQAhX1AxT2YkCh36xep72J0mG8L3mEqsY/oz8apK3ksVbyez9pDuT5P3k2jPJE5/sxNWbMwECWxMQwlvzc/XaCQx3u/MHk351fPHc7sUeHy6fu+2PJLM33MGu3UaxYAJXJCCEr4jJSesr8OTXktl9SR5JukeTft9lLE4liz8lsyPJwSPra2blBAhcqYAQvlIp562JwPDn5dnwCuYfJLlv9dagy639fJI/Jv1fkl8/tyZIlkmAwEQCQngiSMPsNIGn704W31m+anlxT9INd7vD8WWPc0n356Q/muRocvBvX3aBfydAgMClBISwvdGowKHrk/6nSXdbsrhpeXeb4fj2Jt4u9E6SF5Pur8nG0eQ3nzaKZlkECGyzgBDeZvDtLffUA8ni1rb/TPqH3cnndyX9nUnuTPp7V3e1392cdbeRLI4k3bEkLyfzY8mBDzY3lqsIECBweQEh3PQOOdQvl9e9kfSnk+50kjeT/s1kcbz+O7qnb0lyS7IxPEf7/STXJ7O9yfBRjhlelTwE741baOGpJCeTxd+T7rXkmhPJL09uYTyXEiBAYJSAEB7FtZNOvhDAGd6fOrvEzN9O+uNJXk+6j5Junmx8mOx6Jfn0o+SrX0n6m5PcnMyHn6tHd0dy/lwyH96GM+IxXLeYJ7Nzq3DdnXSroL3wM7uX//bFsdXHsPbjSfdesjiTzN5NciqZvZMcGALYgwABAkUFhHBR/qtZ/H8hfLEinye57mpWn2jsy/0H4kKJz5KcWN7tDx+E0Q8fgHEm2Tid/PYfE83DMAQIELgqAkL4qrDWMujwHtdd+5LF8N7W+5MMP4cvDdhpj/NJfzLphlAdjneXH4Bx9kTyu/d22mLMlwABAhcEhPDa7YXfD59n/KPl0d27fLVw942kvyPJmG/z2YzccGc7fFXfv5J8vDz61c/ZRX43X/3OV/ZtBts1BAjULyCE6++RGRIgQIBAowJCuNHGWhYBAgQI1C8ghOvvkRkSIECAQKMCQrjRxloWAQIECNQvIITr75EZEiBAgECjAkK40cZaFgECBAjULyCE6++RGRIgQIBAowJCuNHGWhYBAgQI1C8ghOvvkRkSIECAQKMCQrjRxloWAQIECNQvIITr75EZEiBAgECjAkK40cZaFgECBAjULyCE6++RGRIgQIBAowJCuNHGWhYBAgQI1C8ghOvvkRkSIECAQKMCQrjRxloWAQIECNQvIITr75EZEiBAgECjAkK40cZaFgECBAjULyCE6++RGRIgQIBAowJCuNHGWhYBAgQI1C8ghOvvkRkSIECAQKMCQrjRxloWAQIECNQvIITr75EZEiBAgECjAkK40cZaFgECBAjULyCE6++RGRIgQIBAowJVhfDhw4ePJbm/UWvLIkCAAIHyAi/v379/X/lpLGcghGvphHkQIECAwHYICOHtUFaDAAECBAjULlDVnXDtWOZHgAABAgSmFBDCU2oaiwABAgQIjBAQwiOwnEqAAAECBKYUEMJTahqLAAECBAiMEBDCI7CcSoAAAQIEphQQwlNqGosAAQIECIwQEMIjsJxKgAABAgSmFBDCU2oaiwABAgQIjBAQwiOwnEqAAAECBKYUEMJTahqLAAECBAiMEBDCI7CcSoAAAQIEphQQwlNqGosAAQIECIwQEMIjsJxKgAABAgSmFBDCU2oaiwABAgQIjBAQwiOwnEqAAAECBKYUEMJTahqLAAECBAiMEBDCI7CcSoAAAQIEphQQwlNqGosAAQIECIwQEMIjsJxKgAABAgSmFBDCU2oaiwABAgQIjBAQwiOwnEqAAAECBKYUEMJTahqLAAECBAiMEPgvHnjIeexfnQgAAAAASUVORK5CYII='),
(16,47,1,36,20,69,'2020-06-21 09:15:43','2020-06-21 09:15:43',NULL,NULL,NULL,NULL,NULL,'2020-06-21 09:15:43',NULL,1,'data:image/png;base64,iVBORw0KGgoAAAANSUhEUgAAAeEAAAB4CAYAAADFVEoxAAAGJklEQVR4Xu3XvW1UQRSG4VlnmNwxTeBGiIm2AyQTE0MNWwN94AJISZCQiElthEgIkPAso/3uOfchvjs/zxnpNYfhHwECBAgQIBAROER2tSkBAgQIECAwRNgjIECAAAECIQERDsHblgABAgQIiLA3QIAAAQIEQgIiHIK3LQECBAgQEGFvgAABAgQIhAREOARvWwIECBAgIMLeAAECBAgQCAmIcAjetgQIECBAQIS9AQIECBAgEBIQ4RC8bQkQIECAgAh7AwQIECBAICQgwiF42xIgQIAAARH2BggQIECAQEhAhEPwtiVAgAABAiLsDRAgQIAAgZCACIfgbUuAAAECBETYGyBAgAABAiEBEQ7B25YAAQIECIiwN0CAAAECBEICIhyCty0BAgQIEBBhb4AAAQIECIQERDgEb1sCBAgQICDC3gABAgQIEAgJiHAI3rYECBAgQECEvQECBAgQIBASEOEQvG0JECBAgIAIewMECBAgQCAkIMIheNsSIECAAAER9gYIECBAgEBIQIRD8LYlQIAAAQIi7A0QIECAAIGQgAiH4G1LgAABAgRE2BsgQIAAAQIhAREOwduWAAECBAiIsDdAgAABAgRCAiIcgrctAQIECBAQYW+AAAECBAiEBEQ4BG9bAgQIECAgwt4AAQIECBAICYhwCN62BAgQIEBAhL0BAgQIECAQEhDhELxtCRAgQICACHsDBAgQIEAgJCDCIXjbEiBAgAABEfYGCBAgQIBASECEQ/C2JUCAAAECIuwNECBAgACBkIAIh+BtS4AAAQIERNgbIECAAAECIQERDsHb9hIC71+NcXg2xuHzebs9vPj9u6sv5/3+z1+tXKvauivufu4as7/75/c3Yzxc//1NXH0b483X/38rVtiTgAjvadq7uuu76zGe/9jVlV02LPD4fYy3N+FD2L6YgAgXG5jjPlXgw+NTv/QdgQUCv/7g+zjG3esFa1liRwIivKNh7+uqIryvecdvez/G3W38FA5QTkCEy43MgQkQIECgi4AId5mkexAgQIBAOQERLjcyByZAgACBLgIi3GWS7kGAAAEC5QREuNzIHJgAAQIEugiIcJdJugcBAgQIlBMQ4XIjc2ACBAgQ6CIgwl0m6R4ECBAgUE5AhMuNzIEJECBAoIuACHeZpHsQIECAQDkBES43MgcmQIAAgS4CItxlku5BgAABAuUERLjcyByYAAECBLoIiHCXSboHAQIECJQTEOFyI3NgAgQIEOgiIMJdJukeBAgQIFBOQITLjcyBCRAgQKCLgAh3maR7ECBAgEA5AREuNzIHJkCAAIEuAiLcZZLuQYAAAQLlBES43MgcmAABAgS6CIhwl0m6BwECBAiUExDhciNzYAIECBDoIiDCXSbpHgQIECBQTkCEy43MgQkQIECgi4AId5mkexAgQIBAOQERLjcyByZAgACBLgIi3GWS7kGAAAEC5QREuNzIHJgAAQIEugiIcJdJugcBAgQIlBMQ4XIjc2ACBAgQ6CIgwl0m6R4ECBAgUE5AhMuNzIEJECBAoIuACHeZpHsQIECAQDkBES43MgcmQIAAgS4CItxlku5BgAABAuUERLjcyByYAAECBLoIiHCXSboHAQIECJQTEOFyI3NgAgQIEOgiIMJdJukeBAgQIFBOYFMRPp1On8YYL8spOjABAgQIVBG4Px6Pt1s5rAhvZRLOQYAAAQKXEBDhSyjbgwABAgQIbF1gU/8T3jqW8xEgQIAAgZUCIrxS01oECBAgQGBCQIQnsHxKgAABAgRWCojwSk1rESBAgACBCQERnsDyKQECBAgQWCkgwis1rUWAAAECBCYERHgCy6cECBAgQGClgAiv1LQWAQIECBCYEBDhCSyfEiBAgACBlQIivFLTWgQIECBAYEJAhCewfEqAAAECBFYKiPBKTWsRIECAAIEJARGewPIpAQIECBBYKSDCKzWtRYAAAQIEJgREeALLpwQIECBAYKWACK/UtBYBAgQIEJgQEOEJLJ8SIECAAIGVAiK8UtNaBAgQIEBgQkCEJ7B8SoAAAQIEVgqI8EpNaxEgQIAAgQkBEZ7A8ikBAgQIEFgpIMIrNa1FgAABAgQmBH4CXbwreag1uhgAAAAASUVORK5CYII=','data:image/png;base64,iVBORw0KGgoAAAANSUhEUgAAAeEAAAB4CAYAAADFVEoxAAAGCklEQVR4Xu3XMWpUURTH4TPBylaY2k2YPbgIq+xAiJvQLWQN7sMswNZGEFKnnZE0QcJEvcMh/3cvX0p5c8973z3ww135I0CAAAECBCICu8hUQwkQIECAAIESYUtAgAABAgRCAiIcgjeWAAECBAiIsB0gQIAAAQIhAREOwRtLgAABAgRE2A4QIECAAIGQgAiH4I0lQIAAAQIibAcIECBAgEBIQIRD8MYSIECAAAERtgMECBAgQCAkIMIheGMJECBAgIAI2wECBAgQIBASEOEQvLEECBAgQECE7QABAgQIEAgJiHAI3lgCBAgQICDCdoAAAQIECIQERDgEbywBAgQIEBBhO0CAAAECBEICIhyCN5YAAQIECIiwHSBAgAABAiEBEQ7BG0uAAAECBETYDhAgQIAAgZCACIfgjSVAgAABAiJsBwgQIECAQEhAhEPwxhIgQIAAARG2AwQIECBAICQgwiF4YwkQIECAgAjbAQIECBAgEBIQ4RC8sQQIECBAQITtAAECBAgQCAmIcAjeWAIECBAgIMJ2gAABAgQIhAREOARvLAECBAgQEGE7QIAAAQIEQgIiHII3lgABAgQIiLAdIECAAAECIQERDsEbS4AAAQIERNgOECBAgACBkIAIh+CNJUCAAAECImwHCBAgQIBASECEQ/DGEiBAgAABEbYDBAgQIEAgJCDCIXhjCRAgQICACNsBAgQIECAQEhDhELyxBAgQIEBAhO0AAQIECBAICYhwCN5YAgQIECAgwnaAAAECBAiEBEQ4BG8sAQIECBAQYTtAgAABAgRCAiIcgjeWAAECBAiIsB0gQIAAAQIhAREOwRtLgAABAgRE2A4QIECAAIGQgAiH4I0lQIAAAQIibAcIECBAgEBIQIRD8MYSIECAAAERtgMECBAgQCAkIMIheGMJECBAgIAI2wECBAgQIBASEOEQvLEECBAgQECE7QABAgQIEAgJiHAI3lgCBAgQICDCdoAAAQIECIQERDgEbywBAgQIEBBhO0CAAAECBEICIhyCN5YAAQIECIiwHSBAgAABAiEBEQ7BG0uAAAECBETYDhAgQIAAgZCACIfgjSVAgAABAiJsBwg8Cnx5X3V8U7X7/gfKvuriWHW4ewJ14t8Pb6te3Z949slPH557+Lv48Xf8/33u4ZSRZ0ee/+e5+6rD69PfcvGr6uNPC0aAwPMCImw7CDwKfD7C6BQ43lV92nee6CwCqwmI8Go36nvOFBDgM+Ge+9l9VX2tuv7QfK7jCCwlIMJLXaePOV9AhM+3O/nL26rry+YzHUdgOQERXu5KfRABAgQIzCIgwrPclPckQIAAgeUERHi5K/VBBAgQIDCLgAjPclPekwABAgSWExDh5a7UBxEgQIDALAIiPMtNeU8CBAgQWE5AhJe7Uh9EgAABArMIiPAsN+U9CRAgQGA5ARFe7kp9EAECBAjMIiDCs9yU9yRAgACB5QREeLkr9UEECBAgMIuACM9yU96TAAECBJYTEOHlrtQHESBAgMAsAiI8y015TwIECBBYTkCEl7tSH0SAAAECswiI8Cw35T0JECBAYDkBEV7uSn0QAQIECMwiIMKz3JT3JECAAIHlBER4uSv1QQQIECAwi8CmInxzc/Otqt7Nguc9CRAgQGA6gdurq6vLrby1CG/lJrwHAQIECLyEgAi/hLIZBAgQIEBg6wKb+p/w1rG8HwECBAgQ6BQQ4U5NZxEgQIAAgQEBER7A8igBAgQIEOgUEOFOTWcRIECAAIEBAREewPIoAQIECBDoFBDhTk1nESBAgACBAQERHsDyKAECBAgQ6BQQ4U5NZxEgQIAAgQEBER7A8igBAgQIEOgUEOFOTWcRIECAAIEBAREewPIoAQIECBDoFBDhTk1nESBAgACBAQERHsDyKAECBAgQ6BQQ4U5NZxEgQIAAgQEBER7A8igBAgQIEOgUEOFOTWcRIECAAIEBAREewPIoAQIECBDoFBDhTk1nESBAgACBAQERHsDyKAECBAgQ6BQQ4U5NZxEgQIAAgQEBER7A8igBAgQIEOgUEOFOTWcRIECAAIEBgd9TvTB5IQSKJgAAAABJRU5ErkJggg=='),
(17,1,1,7,0,2,'2020-06-30 04:20:56','2020-06-30 04:20:56',NULL,NULL,NULL,NULL,NULL,'2020-06-30 04:20:56',NULL,1,'data:image/png;base64,iVBORw0KGgoAAAANSUhEUgAAAhIAAACFCAYAAAAOwRFtAAAPJklEQVR4Xu3da4wdZR3H8f9/ZrctAt6QS7TVKqgp1ygvvBDR1kuIxEu8xKTxAhp4ZUhtevbMOd0mJ8rumdmNDcIbeQPBCyZqBIOoYOSFiQHDJYohKiAoFwXBBoOFA7szf/PUc/DkuO2efc7tme33JJs23Xme+c/nedr9deaZGRU+CCCAAAIIIICAp4B6tqMZAggggAACCCAgBAkmAQIIIIAAAgh4CxAkvOloiAACCCCAAAIECeYAAggggAACCHgLECS86WiIAAIIIIAAAgQJ5gACCCCAAAIIeAsQJLzpaIgAAggggAACBAnmAAIIIIAAAgh4CxAkvOloiAACCCCAAAIECeYAAggggAACCHgLECS86WiIAAIIIIAAAgQJ5gACCCCAAAIIeAsQJLzpaIgAAggggAACBAnmAAIIIIAAAgh4CxAkvOloiAACCCCAAAIECeYAAggggAACCHgLECS86WiIAAIIIIAAAgQJ5gACCCCAAAIIeAsQJLzpaIgAAggggAACBAnmAAIIIIAAAgh4CxAkvOloiAACCCCAAAIECeYAAggggAACCHgLECS86WiIAAIIIIAAAgQJ5gACCCCAAAIIeAsQJLzpaIgAAggggAACBAnmAAIIIIAAAgh4CxAkvOloiAACCCCAAAIECeYAAggggAACCHgLECS86WiIAAIIIIAAAgQJ5gACCCCAAAIIeAsQJLzpaIgAAggggAACBAnmAAIIIIAAAgh4CxAkvOloiAACCCCAAAIECeYAAmMWmJub2x7H8XFJktw05l2zOwQQQGDoAgSJoZPSIQL/E8iy7IOqenqe5yeq6ttF5FwROUlVbePGjVt37dr1CF4IIIBAmQUIEmUePWoPViBN0wtF5GIR+aQrUlXFzHrr/U6SJJ8L9iAoDAEEEOhDgCDRBxKbINCPwMLCwnuKonDB4SMi8qZV2uQiEqtqUq1Ws376ZxsEEEAgRAGCRIijQk2lE8iybJ+ZfdWddXBnHzofVc3N7FZVvUdE7jGzDSLyva4DLJaWls7ct2/fH0p30BSMAAIIuDOuKCCAgL9Amqbu7MM3ROSN3b2Y2Q9U9bokSW7u7T1N06aIJG6dhJm5v4O3JElygX8VtEQAAQQmJ0CQmJw9ey6xQLPZ3BHH8V4z29FZ+6CqS2bWUNVvVavVx450eGmaHhSRl4nIv0XkOBGZT5Jkb4lJKB0BBI5SAYLEUTrwHLa/QJqms2b2ta5LGIWZzdZqNXemoa9Ps9k8V1Xvcht3FmJGUbRrZmbGnd3ggwACCJRGgCBRmqGi0EkLrHQZQ1VvjKJod6VSeXit9S0sLFxaFMXVXe0sjuPjK5WKO1vBBwEEECiFAEGiFMNEkZMUWOkyhoi8KCKfGvShUlmWXW1ml3atl/hCkiTfmuTxsm8EEEBgLQIEibVose1RJzCMyxiroaVp+ryIbGpvd1uSJO9frQ3fRwABBEIRIEiEMhLUEZTAsC9jHOng0jSti8iciBx6tkQcx+dUKpV7gwKhGAQQQOAwAgQJpgYCXQL79+8/a3l5+YruuzGGdRnjcNBZlm02s0c73zez62q12kUMDAIIIFAGAYJEGUaJGsciMD8/f0kURW7xY+fvxZrvxvAttNlsfl9VP91uX7RarRMajcYzvv3RDgEEEBiXAEFiXNLsJ1iBZrO51T1USlU/2ilykLsxfA60/W6On3QtuqwlSZL69EUbBBBAYJwCBIlxarOv4ASazeZFqvp1EXl1uzi38PEzg96N4XOgWZa1zGxju+1TrVZrc6PRcHeH8EEAAQSCFSBIBDs0FDZKAXdLp6rOisj29n6WiqKYqdfrV4xyv0fqO8uyi83sGhFxz5E4VkSuSJLkK5Oqh/0igAAC/QgQJPpRYpt1JZCm6WdFxD2roTP/78nz/Et79+797aQPNMuy35vZme06WCsx6QFh/wggsKoAQWJVIjZYTwJpmn5XRHa2jykvimLPJM9C9Np2zkqwVmI9zTqOBYH1LUCQWN/jy9G1BRYWFi4ws2+a2Rvaf/R8nufvDuEsRO8g9TygirUSzGIEEAhagCAR9PBQ3KACl19++ZY4jmdU9ctdfd2UJMlLd2gMuo9ht2etxLBF6Q8BBEYpQJAYpS59T0xgbm5uexzH7qFOn+8uIoqiy2ZmZq6aWGF97niFtRLHNxqN5/pszmYIIIDA2AQIEmOjZkfjEsiybLuZ3da9P1V9oSiK82q12t3jqmOQ/XSdleh0w8u8BgGlLQIIjEyAIDEyWjqehIB7sJOq3mRmh+a2qv7ZvceiWq1eO4l6Btlnz3MleJnXIJi0RQCBkQkQJEZGS8fjFmiHiB+bWayq7gVYl5QxQHTceJnXuGcQ+0MAAR8BgoSPGm2CE1hcXPxAURS3ts9EHIjjeFulUvlHcIWuoSBe5rUGLDZFAIGJCRAkJkbPjoclsLi4uCPP81+ISOTe1BnH8Zayh4iOTc/LvKzVah3HosthzRz6QQCBYQgQJIahSB8TE2g0Gidt2rTpfhF5RftyxhnVavVPEytoyDvuvMyrq1sWXQ7ZmO4QQGAwAYLEYH60nrBAmqYuNLxFRApVvaharX57wiUNffdpmr4gIhvaHbPocujCdIgAAoMIECQG0aPtRAXSNP2liOxwRRRFcVW9Xr9sogWNaOdlX3S5f//+Yw4ePHje9PT0MWb2t26m5eXl4+M4XqrX678eER/dIoDAiAUIEiMGpvvRCDSbzQ+p6i3t3u9IkuRdo9nT5Hst06LLLMs+oaqvzPP8Vaq6TUTeKSJnrKaoqj81sxunpqZu2LNnz9Orbc/3EUAgHAGCRDhjQSVrEEjT1Nqbv5gkycY1NC3lpj2LLif6VtDFxcVj8zy/0MxeF0XRy81si4hsFpF3uBBh1hma1andy8ncAlkz26iqYmYHzOxnInK3mT09PT39o0ql4l6rzgcBBAIVIEgEOjCUdWSBLMvM/cBaXl7ePDs7+/h69+osuhzXW0E7YUFEXi8iJ4jI1q6vU0bk7R4B7taCTPX0f5+I3KGqj7o/d08pNbM7q9Wqu7TFBwEEJixAkJjwALB7BPoV6HnS5dDeCup7OeIwdS+JyM0i8hsReczM3Nd99Xr9qZW2X1xcPDvP8w+3X+1+Vvc27i4c93CxI/i4hba/MrO7oig6MD09fdvu3bsP9OvJdgggMBwBgsRwHOkFgZELrPBW0FqSJGlnx41GY8PU1NTJU1NTZ7r/1fcubHRnF8zspDiOTxnkckR7f0X78sOdqnq7CwtxHP99ZmbmCV+IZrP5viiK3isiNXepY6V+3Fmo9lkZU1X33JDez5Mi8jsRuVdVHzazaRG5P0mSn4tI/9dcfA+CdggchQIEiaNw0Dnk8gr0vBV01AdyKCyIiHtfyV/M7K/uV/eDuVarPTTKnTebzUOXUlTVrb3YrKqnmtlpIuKCxkr/brnbf93lrkNnMNrrLbpLdMfyoJk96H5VVff7Z/M8/9fs7OwNozwW+kZgvQsQJNb7CHN860qg562g7ofjSv8rX9Mxty8hPGBm97fPLrj1CA8lSfLImjoa08bz8/Onq+r5InK+qn5cRI5ZZdeFmUUuXBwmZLjndNyuqk8WRfGkqj6uqs/lef5EvV7/4ZgOi90gUFoBgkRph47Cj1aBNE1bIuJzp8py+3LE3cO6HBHCGLjbY/M83zI1NbUtz/NzVPVsEXF3kpzaR33uckfnTbHurpHeJodChoj8U0SeVlV3a6p7FoYLJ8+Y2f9dyjGz10RR5BaEdj8zY2tRFM9FUbTi+1/M7GC9Xv9jH/WyCQLBCRAkghsSCkLgyAJXXnnlxlardeiHZ/eW7geXW6dQrVafxfC/AvPz8ydOT0+fluf5m9uXRk5TVXeJ5G0r3B3Sy+bO+Li3yLp1Fi+dzXC/Wcstrv2ORavVOpb3qPSrxXYhCRAkQhoNakEAgbEJzM3Nnbxhw4aT24GscyZjm5m5xaoDXzJaw4G4sxe31Gq1j62hDZsiEIwAQSKYoaAQBBAIRaATMpaWltxCz7e6LxFxX69tXzI50m2paz2MB5Ikce+L4YNAKQUIEqUcNopGAAEEEEAgDAGCRBjjQBUIIIAAAgiUUoAgUcpho2gEEEAAAQTCECBIhDEOVIEAAggggEApBQgSpRw2ikYAAQQQQCAMAYJEGONAFQgggAACCJRSgCBRymGjaAQQQAABBMIQIEiEMQ5UgQACCCCAQCkFCBKlHDaKRgABBBBAIAwBgkQY40AVCCCAAAIIlFKAIFHKYaNoBBBAAAEEwhAgSIQxDlSBAAIIIIBAKQUIEqUcNopGAAEEEEAgDAGCRBjjQBUIIIAAAgiUUoAgUcpho2gEEEAAAQTCECBIhDEOVIEAAggggEApBQgSpRw2ikYAAQQQQCAMAYJEGONAFQgggAACCJRSgCBRymGjaAQQQAABBMIQIEiEMQ5UgQACCCCAQCkFCBKlHDaKRgABBBBAIAwBgkQY40AVCCCAAAIIlFKAIFHKYaNoBBBAAAEEwhAgSIQxDlSBAAIIIIBAKQUIEqUcNopGAAEEEEAgDAGCRBjjQBUIIIAAAgiUUoAgUcpho2gEEEAAAQTCECBIhDEOVIEAAggggEApBQgSpRw2ikYAAQQQQCAMAYJEGONAFQgggAACCJRSIOggcf31118sIteUUpaiEUAAAQQQGI7AF3fu3HntcLoafi8EieGb0iMCCCCAAALDFCBIDFOTvhBAAAEEEEAgHIGgz0iEw0QlCCCAAAIIILCSAEGCeYEAAggggAAC3gIECW86GiKAAAIIIIAAQYI5gAACCCCAAALeAgQJbzoaIoAAAggggABBgjmAAAIIIIAAAt4CBAlvOhoigAACCCCAAEGCOYAAAggggAAC3gIECW86GiKAAAIIIIAAQYI5gAACCCCAAALeAgQJbzoaIoAAAggggABBgjmAAAIIIIAAAt4CBAlvOhoigAACCCCAAEGCOYAAAggggAAC3gIECW86GiKAAAIIIIAAQYI5gAACCCCAAALeAgQJbzoaIoAAAggggABBgjmAAAIIIIAAAt4CBAlvOhoigAACCCCAAEGCOYAAAggggAAC3gIECW86GiKAAAIIIIAAQYI5gAACCCCAAALeAgQJbzoaIoAAAggggABBgjmAAAIIIIAAAt4CBAlvOhoigAACCCCAwH8AMmXJs78JZxcAAAAASUVORK5CYII=',''),
(18,30,1,2,0,36,'2020-06-30 04:24:28','2020-06-30 04:24:28',NULL,NULL,NULL,NULL,NULL,'2020-06-30 04:24:28',NULL,1,'',''),
(19,1,1,7,0,2,'2020-06-30 04:42:07','2020-06-30 04:42:07',NULL,NULL,NULL,NULL,'2020-06-30 04:42:07',NULL,NULL,1,'',''),
(20,1,1,7,0,2,'2020-06-30 04:45:41','2020-06-30 04:45:41',NULL,NULL,NULL,NULL,NULL,'2020-06-30 04:45:41',NULL,1,'data:image/png;base64,iVBORw0KGgoAAAANSUhEUgAAAhIAAACFCAYAAAAOwRFtAAAXhUlEQVR4Xu3dC5BkVXnA8e+73TsM60bkmViFLxKNEo0aNCYVJQtELBQfRNQSfARFBUXCLtN9zp3Fcozr3HNnp3ZBRF0foGIIhmgwa3xGEJNYiVFMFE1FBUNILJV1DVisO7vT96TOeJs0wzy673T3dN/+36qtncc9j+937u58c+6556pwIIAAAggggAACBQW0YDmKIYAAAggggAACQiLBRYAAAggggAAChQVIJArTURABBBBAAAEESCS4BhBAAAEEEECgsACJRGE6CiKAAAIIIIAAiQTXAAIIIIAAAggUFiCRKExHQQS6JzA7O3tGo9G42xjzte7VSk0IIIBA7wVIJHpvTAsIrCgwOzt70vz8/NdUtWGMqcKFAAIIDJMAicQwjRZ9LZ3A7OzsifPz898SkSgEp6rPMMZ8tXSBEhACCJRWgESitENLYIMuMDU1NX744Yff5b0/pqWvNWvt7KD3nf4hgAACTQESCa4FBNZJwDn3HRF5gojMe++rqgv/HG+y1p62Tl2iWQQQQKBjARKJjskogMDaBZIk2aOqZ6qqz7LsKlW9yHsfbm3Ipk2bjrnooot+uvZWqAEBBBDovQCJRO+NaQGBBwg4554jIp8NX8yy7P0icnkURd/OE4n7rLWbIEMAAQSGRYBEYlhGin6WRsA5NyciYyKyz1p7dJIkjxaRH4QAVfXj1tqzSxMsgSCAQOkFSCRKP8QEOEgCzrn3isgbQp+890+L4/jraZr+sff+43k/t1lrpwepz/QFAQQQWEmARILrA4E+CezYseMxjUbj9l9OPOgnjDEvDk2nabrde78trI9Q1TPq9frCbQ8OBBBAYBgESCSGYZToYykEnHPfFJEnicj+jRs3HnXxxReHWxzinLtZRDaHjzds2PDISy+99K5SBEwQCCAwEgIkEiMxzAS53gJJkrxRVa/K+xFba12zT865Rr4h1V5r7bHr3VfaRwABBDoRIJHoRItzESgokKZp2Cui4r2/N47jI1qSiFtE5OTwuff+sXEcf79gExRDAAEE1kWARGJd2Gl0lAScc7eKyFPDnhGVSuW4iYmJvSH+mZmZl2VZdn1ucYW19pJRciFWBBAohwCJRDnGkSgGVGBmZub6LMtels84vDmO43eFj3fu3HnUoUOHfuS93yAih6y14XFQDgQQQGDoBEgkhm7I6PCwCKRpekrY8jrfaOpGY8xZzb6naXqu9/6j4XNVnTLGvG1Y4qKfCCCAQKsAiQTXAwI9EkjTdL/3/nARuddae/+6iNBckiSfVNUX5E0/xVr7bz3qBtUigAACPRUgkegpL5WPqsDMzMyWLMt2hvibG081LcJtjbm5ubtUdaOIfM1a+/RRdSJuBBAYfgESieEfQyIYMIGpqamx8fHxsBfEcap6szHm1NYutt7WEBF2shyw8aM7CCDQmQCJRGdenI3AqgJJklwZ3uaZz0Y8J47jz7cWSpLko6p6bvhapVJ5dq1W+7tVK+UEBBBAYEAFSCQGdGDo1nAKpGl6fJZl34uiaDzLstviOA47WT7gaG5AtXhPieGMmF4jgMCoC5BIjPoVQPxdFUjT9CPe+1eGSrMse9Xk5OS1rQ04554nIp/Kv3aBtXZ3VztAZQgggECfBUgk+gxOc+UV2LVr18Pn5uZ+mEd4j7X2YYujTZLkc6p6etg7Ymxs7IitW7f+orwiRIYAAqMgQCIxCqNMjH0RcM7tEJGJ0FgURefU6/W/aG043Pbw3i+8kMt7f20cx6/qS8doBAEEEOihAIlED3GpenQEpqenj1XV76vqQ733/xjH8TMXR++c+4CIvDZsUFWpVDbX6/Xwng0OBBBAYKgFSCSGevjo/KAIpGn6Ru/9wts9vfenxHH8pda+hbURqrrHe6+qutcYw1s+B2Xw6AcCCKxJgERiTXwURuCXAs65O0Xkkd77b8Rx/DutLjMzMxd6768Mb/9U1YYxpoobAgggUBYBEomyjCRxrJtAkiR/oqrX5LMR58Vx/KFmZ5Ik+Q1V/V74XFX3RVH0hFqt9pN16ywNI4AAAl0WIJHoMijVjZ5Amqbz+WzDPcaYBzypkabpwfCGT1U9FEXR8SQRo3d9EDECZRcgkSj7CBNfTwUW7QtRs9bONht0zr1ORN4XPq9UKufWarXretoZKkcAAQTWQYBEYh3QabI8AivtC5Gm6d3e+2NU9d+NMSeWJ2oiQQABBP5fgESCqwGBggIr7QvhnPuEiJwVqlbVFxtjwudtHc6553vv74vj+Ka2CnASAgggsI4CJBLriE/Twy2QJMmMqtbyZOH3jTH/FJIAEblCRB6Tf32fMebodiNN0/QU7/0XQ/4hIt8VkVtU9XYRudUY84V26+E8BBBAoF8CJBL9kqad0gk45+ZEZExE5rz3z61UKtu896eGDafyJOKgMeawdgMP6y289833cGSqGrWWrVQqW2q12uXt1sd5CCCAQD8ESCT6oUwbpRNIkuQlqvqXeWA3hQRC9f5/Tpn3/rI4jpN2A2/uNZFlWdhr4gHFVNWHjazy5ORm731qrf1cu3VzHgIIINBLARKJXupSd2kF0jS9znv/8sUBquqNURRtrdVqP2g3+MV7TXjvX+i9f6KInKyqZ4vIhryu/SKyMXy81O6Z7bbHeQgggEA3BUgkuqlJXSMhsHPnzicdPHjw6y0/4EPcB0XkbGvtnk4RVttrwjkXZjZsPiPRnJ34mYicaa39SqftcT4CCCDQTQESiW5qUlfpBZIkqanqTDPQcNshy7JtndzGaEVqd6+JJEk2q+rf5jMS+0TkKBEhmSj9FUeACAy+AInE4I8RPRwAgfwH+S4ReUpLd+Y3bNjwu5deeuk3inbRObdXRI5uZ6+JHTt2HNdoNMJizKeLSDOZuFdELrTWstlV0UGgHAIIrEmARGJNfBQeBYHWWwv57YWwRiHsD3GDMealRQ2cc28QkfeG8tVq9ayJiYkbV6trUTIRZiSODEsmVPU0Y8zNq5Xn+wgggEC3BUgkui1KfaURcM49WUQ+LCLh7+YR1kacFD6Jouil9Xr9hqIBO+cOhRxCVe8zxmxqt57WZKLliQ5uc7QLyHkIINBVARKJrnJSWVkEwmyBql4VXsaVz0LclmXZm1V14bd+Vf2xMebXisa76B0dF1hrd3dSV55M3CEiD2m5zUEy0Qki5yKAQFcESCS6wkglZRHYvn37oyqVyodUdXM+6+AbjcaeOI5fmCTJzc2vV6vVp01MTITZiULHSu/oaLdC1ky0K8V5CCDQSwESiV7qUvdQCTjnniMiH1PVI/LdKbNwByNPKHZnWRbWNIRbGlfV6/WLiga30js6Oq2TNROdinE+Agh0W4BEotui1Dd0ArOzs48/dOjQFap6erPz+WLKB8Wiqg1jTHUtQSZJ8meq+pbQRqVS2Vyv129ZS32smViLHmURQGCtAiQSaxWk/NAKTE1NbRofHw8zC9tVtZJlWVj7sGo8qvoaY8w1q564zAnOuXkRqXjv743j+Iii9bSWW2bNBI+GdgOXOhBAYEWB1f/XBBCBkgmkafpsVb2w0WiEv+9/WiKfhWh478M7NL7svf9yFEWvbO4quYjhcmvtlk5pWjegiqLoefV6/dOd1rHc+dzm6JYk9SCAQCcCJBKdaHHu0AvMzMy8J8uyC0Igi29fqOo7jTF/ujhI59y1IvKK5tfDrEUo673/uqq+1Vobdpxs63DOhY2kjmxnA6q2Klx0Erc5iqhRBgEE1iJAIrEWPcoOjUD+OKfLsuxhS9y+OOS9Pz2O4y8tFZBzLjzyufAUR8txj4gckW+RfepyZVsLpGl6ifc+7I4ZFmx2dTaitR0eDR2ay5KOIlAKARKJUgwjQSwnkP9Q3S4irwvn5E9jhLUQt3vv3++93zM5OfmdlQSdc43ws19V96rqtizLFvZ86HQzKOfcL0RkXFUPGWPGejlqSz0aGtZkqOobrLXX97Jt6kYAgdESIJEYrfEeqWidc+E2xTYRObYl8B+r6iuNMV9oB6N1NsJ7/9g4jr+fJMlJURTd4r1vezOomZmZZ2VZ9uU8AZkyxrytnfbXcs5SaybyGZTz4zi+ei11t5bdvXv3hn379j1LVR/ivf/honpPaDQad1522WVf7VZ7a63HOfdbURQdrNfr31trXZRHAAEREgmuglIJTE1NPW58fPxc7/15qvqIRcF9xFr76nYDnp6ePjOKouZrwa+y1t6/d0Snm0E55yZF5B2h7SzLfm9ycvKf2+3HWs5b1E8fJlLy+gotFk3T9Gzv/a+KyCNF5DdF5PH536t18z/CAtYwEyQit7abyK1Waaffn5qaGhsfH//vkFyOjY1t3Lp1a5gl4kAAgTUIkEisAY+igyOwa9euh8/NzW0VkfBnYROp1sWU3vur4zh+bSc9br4LQ0T2W2vD7MMDjk6ekkiS5B9U9Q9E5A5r7a930o+1nhv6mWXZHfkMysIjrvktnrAz51ustZ9ZqY3p6enHq+pZ4U/+5tG2utS8jRRyJ1VdGJOW4xMicnUnC1XbanSVk5xzPxKRkAjdZK09rRt1UgcCoy5AIjHqV8CQx79jx47fbjQa4RHN14vIQ1vCuTu8njtPKn5urW393qpRt/uYZjtPSTjnwm/vd+aJzQetteev2oEenJCm6W7vfXAKx8Ji0fzjS6y1V7Q2me/yeYaIPFFECv3AXW5Tr0WhfVdVPx1F0SdrtdqSi127RdHumHarPepBYFQESCRGZaRLFme+5iD8QH7VEqHVVPXV3vsnhjUBlUrluImJib2dEHTymOZqT0k45y4UkXeH9lX1fGPMBzvpSzfPnZmZeX1zsWiYtGne6lDVL2ZZ9hlVDbcrTl7hdkXmvf+XKIq+5b2/zXv/rWq1elutVvvJUv2cnp4+UVVDfSer6kvC206b53nvf66qv9L8XFVP7eWr0J1z4Ro4uleP3nZznKgLgWESIJEYptGir5K/NTM8gfHCVg7v/U+jKLpybGzsfQcPHrzce//S8H3v/ZvjOH5XJ3Rpml7svV/4Db3dxzSXWjOhquG3/jd5718uIs8L9R122GEnbdmy5dZO+tPtc8NiUVUNCz835nXvb368zCzCv4pImC34/Gq3QVbraxg/7/2r86Ri4fROn35ZrY1lEprJKIoW1qiEWzTGmBuL1EMZBBB4sACJBFfFQAvs2LEjPAnwh1mWPSPfFOqERR3+hqp+oNFo3DA5OXm3c+6ZIvL3+Q+MTxljnt9pgGma7vfeHy4ih6y1bT+mudyaiZYFjkuutei0f9063zmXhF07l0keGqr69kaj8dleLAzNX1wWZpPeEh6J7fWr0Fse4f1fY8yR3TKkHgQQ4KkNroEBEJieng6PDj45iqKwgv5473142uL4fHr90fnMwuL3YMx7718Xx/GHWkNoLpAsulfD7OzsifPz89/O6/yMtfa5nRAts2aiWcXHrbVnd1Jfr89NkmSzqn4+N/6r5tbgq+2t0a1+rTSTY4z5826045wLM0BPLXqbqxt9oA4EyizAjESZR3dIYnPOhXv1bR3e+xtU9cNLrfYP9+OjKFpIAlT1fcaYhdd+d3JMT0+/KIqiv87LXGmtvbiT8uHc/CmJ/8xnNVqLb7PWTndaX9nPX2Em50hrbbg9VPiYmZm5Psuyl+WJUse3uQo3TEEERkiARGKEBnsQQ20ziTggIm9X1Y8YY8IeAEseSZJcoKrvCVP1URS9oshvtNPT05dEUbSwjbWIXGytvbKIW5qm54VHTsPMiPd+Q3jkUlXPqNfrny1SX9nLLDOTE1trXdHYnXPhttbf5OX3WGtfULQuyiGAwPICJBJcHesq0JJI3CEiP/Te/4+qhj+3Z1n23bDvQhzH4XurHs65j4nIwiJLEXmUtfa/Vi206IQkSa5S1Tfm6waeu5bFhWmahicbwuOTC0e1Wn30xMTEnZ32aVTOX2Im5+4DBw4cPzU1dbCIwWr7gBSpkzIIIPBgARIJrorSCCRJMqeqC4sjrbWFrm3n3C35449hVuNxa9lGuTkrkQP/yFr78NJg9yiQFrP7RCRsArbLWhs2GevocM7dJCKnhELNrc07qoCTEUCgbYFC/9m2XTsnItBHgSRJFtZahNsIRROJNE3DPgnh38VPrbXHrLX7+W/FoT8b1lrXqJRfNJOTVavVE9qdydm+ffsjqtXqO0XkRXkS8e44jt80KnbEicB6CJBIrIc6bfZEoHW9RZFEgp0PezIsHVfasr7E50ndR621YffSZQ/n3Mne+/PDC9maJ4W3ncZx3Ny9s+N+UAABBNoTIJFoz4mzhkCgC4kEOx8OyDg3X7kuIuEV7hURedA23qGr+QZl54nIi1u7rqpzxpiwPwUHAgj0WIBEosfAVN8/gbUkEs658Kjoe0Nvq9XqWRMTE+x82L+he1BL+f4WNy/6Rnjt95fC9txZloX9RcLtiwdsUJa/XfQdxphr1rH7NI3ASAmQSIzUcJc72NZE4sCBA4d1stq/ZSOr+4wxm8otNRzRhZ03vfc230Lbt75BdIndOA+q6gUkEMMxtvSyXAIkEuUaz5GOZtGeFG3vQZBPj38qx7vAWrt7pCEHKHjnXHj0c9mFqittUDZAYdAVBEotQCJR6uEdreCcc+HlU+EdGeFoew+CJEk+p6qnh3drjI2NHbF169awVTfHgAgs8QbR0LO3rrZB2YB0n24gUHoBEonSD/HoBFhkD4L85VF3BSXv/bVxHC/1WvLRQSRSBBBAoEMBEokOwTh9sAUW7UEQHh/8oziOw+ZESx5pmn7Ae//a8M0oijbX6/WwIRUHAggggECbAiQSbUJx2nAItO5BkGWZqurPRORMa+1XFkcQ1kao6p6wV4Gq7jXGHDscUdJLBBBAYHAESCQGZyzoSZcE0jTdn795c5+IHCUi96jqlizLvtlsQlWfKSKz4WlPVW0YY6pdap5qEEAAgZESIJEYqeEejWAXvZa6mUwsF/y+SqXyhFqt9pPR0CFKBBBAoLsCJBLd9aS2ARFYlEws2Svv/cFqtfoIkogBGTS6gQACQylAIjGUw0an2xHIk4nwCvLwFsnFx32VSuUEkoh2JDkHAQQQWF6ARIKrAwEEEEAAAQQKC5BIFKajIAIIIIAAAgiQSHANIIAAAggggEBhARKJwnQURAABBBBAAAESCa4BBBBAAAEEECgsQCJRmI6CCCCAAAIIIEAiwTWAAAIIIIAAAoUFSCQK01EQAQQQQAABBEgkuAYQQAABBBBAoLAAiURhOgoigAACCCCAAIkE1wACCCCAAAIIFBYgkShMR0EEEEAAAQQQIJHgGkAAAQQQQACBwgIkEoXpKIgAAggggAACJBJcAwgggAACCCBQWIBEojAdBRFAAAEEEECARIJrAAEEEEAAAQQKC5BIFKajIAIIIIAAAgiQSHANIIAAAggggEBhARKJwnQURAABBBBAAAESCa4BBBBAAAEEECgsQCJRmI6CCCCAAAIIIDDQicR11113nohczTAhgAACCCAwwgKvOeecc64Z1PhJJAZ1ZOgXAggggAACvxQgkeBKQAABBBBAAIFyCgz0jEQ5yYkKAQQQQACB8giQSJRnLIkEAQQQQACBvguQSPSdnAYRQAABBBAojwCJRHnGkkgQQAABBBDouwCJRN/JaRABBBBAAIHyCJBIlGcsiQQBBBBAAIG+C5BI9J2cBhFAAAEEECiPAIlEecaSSBBAAAEEEOi7AIlE38lpEAEEEEAAgfIIkEiUZyyJBAEEEEAAgb4LkEj0nZwGEUAAAQQQKI8AiUR5xpJIEEAAAQQQ6LsAiUTfyWkQAQQQQACB8giQSJRnLIkEAQQQQACBvguQSPSdnAYRQAABBBAojwCJRHnGkkgQQAABBBDouwCJRN/JaRABBBBAAIHyCJBIlGcsiQQBBBBAAIG+C5BI9J2cBhFAAAEEECiPAIlEecaSSBBAAAEEEOi7AIlE38lpEAEEEEAAgfIIkEiUZyyJBAEEEEAAgb4LkEj0nZwGEUAAAQQQKI8AiUR5xpJIEEAAAQQQ6LsAiUTfyWkQAQQQQACB8gj8HyW92e9ENoW5AAAAAElFTkSuQmCC',''),
(21,2,1,9,0,5,'2020-06-30 21:44:54','2020-06-30 21:44:54',NULL,NULL,NULL,NULL,NULL,'2020-06-30 21:44:54',NULL,1,'data:image/png;base64,iVBORw0KGgoAAAANSUhEUgAAAmcAAACaCAYAAADsIe//AAAgAElEQVR4Xu3dCbgkVXk38Pet6nvnzoga8ZNFEFlcgBBQwRBxN6DjHkUfkADR5MmowQwz4+1bp/rOJJ0Mt+tU9zDD4oeAX4K4EIVA/MRIEFlEookKERIlKogbGMCACs52u8+b571WT5r2ztytl9PV/3qeeWC4Vee853cK5uXUWZhwQQACEIAABCAAAQh4I8DeRIJAIAABCEAAAhCAAAQIyRleAghAAAIQgAAEIOCRAJIzjzoDoUAAAhCAAAQgAAEkZ3gHIAABCEAAAhCAgEcCSM486gyEAgEIQAACEIAABJCc4R2AAAQgAAEIQAACHgkgOfOoMxAKBCAAAQhAAAIQQHKGdwACEIAABCAAAQh4JIDkzKPOQCgQgAAEIAABCEAAyRneAQhAAAIQgAAEIOCRAJIzjzoDoUAAAhCAAAQgAAEkZ3gHIAABCEAAAhCAgEcCSM486gyEAgEIQAACEIAABJCc4R2AAAQgAAEIQAACHgkgOfOoMxAKBCAAAQhAAAIQQHKGdwACEIAABCAAAQh4JIDkzKPOQCgQgAAEIAABCEAAyRneAQhAAAIQgAAEIOCRAJIzjzoDoUAAAhCAAAQgAAEkZ3gHIAABCEAAAhCAgEcCSM486gyEAgEIQAACEIAABJCc4R2AgOcC1trTmXlrFEXXeB4qwoMABCAAgQ4IIDnrACKKgEC3BNI0/TMR+ZCW75wzpVKp2q26UC4EIAABCPghgOTMj35AFBB4gkCSJCuZuUJEL2z9ATN/PIqiM8EFAQhAAAL5FUBylt++RcsGVKBcLj9vbGzsO+3hM/NjIvJkIrrFGPPqAW0ewoYABCAAgTkEkJzhFYGAZwJpmtZFJNSwmPkCEdlJROPZ7x8QkWdqgrZ9+/aTyuVy3bPwEQ4EIAABCCxRAMnZEgHxOAQ6KWCtvUM/ZTKziMjbjDH/X8uvVCpnBEFQI6J9iegnRHQgEX2tUCiUx8fHr+tkDCgLAhCAAAT6K4DkrL/+qB0CuwSq1eqnnHOn6D8QkT+P43hmIUDzqtVqRzcajb8houNE5H5mPkB/Vq/XD16/fv0PQQkBCEAAAvkQQHKWj35EKwZcwFr7ZiL6bNaMa40xb5mtSVu2bNl/x44dHyOiE3UBJxEFRHS9MWblgBMgfAhAAAIQyASQnOFVgIAHAtbaaSIqENFWY8yT9hTSJZdcMvLoo4/+NxHp4oDHiWgv/fJpjJn0oCkIAQLeC2zcuPG1IyMj20XkV81gnXP76N8HQfBQawMajcZ/rV+//n7vG4UAcyWA5CxX3YnGDKJAkiS3MvPLNXYReW4cx/fM1Y4kSY5l5m/ofcysz1EYhmcXi8UL5noWP4fAMAqkafp2EXkrEb0mm7M5X4aHjTEziRsuCPRKAMlZr6RRDwRmEcj2M2tO6D/fGLNmvlDVanWVc+6S5v3MXB8ZGdl33bp1j8y3DNwHgTwLbNy48ZBCoaD/Tr2KmY9eaFuZ+Vci8g/GmDMW+izuh8BSBJCcLUUPz0JgiQLW2kY2b+wxY8xTFlpcmqaXiMiqlvlnsTHGLrQc3A+BPAlkczPXiMg4M+u8zMVeXzfG/O5iH8ZzEFisAJKzxcrhOQgsUcBaezcRHa6JVb1eP3SxKy6ttT8noqdm4TwUhuHvFYvF+5YYHh6HwMAJaFK2c+fOs51zZzGzzsVsvXQawBdE5MY4jm8auMYh4KESQHI2VN2NxvoikKbpV0TkJRpPGIarisXiRxYbW7VafZNz7loi0s+ZexPRgj6PLrZePAcBXwSypGyViJxNRE9rjUtELmLmTxtjbvUlXsQBgbkEkJzNJYSfQ6DDAtbazxCRTkzW6xOdmM9irb2eiF7bDNU5d0KpVPpqh0NHcRDwSqBarZ4sIro34Eki8lvN4JhZV1xeNDo6eunatWt/6lXQCAYC8xBAcjYPJNwCgU4JVCqVlwZBcJuWx8z/EUXR73Si7OwEAd3/bDszj4nIbvdK60R9KAMC/RKoVqsvFZET9QQNIjqmLY57mPlC59zH4zh+tF8xol4ILFUAydlSBfE8BBYgYK3VczJHiGiHMWZsAY/OeWuSJHe2rkgLw/CYYrF415wP4gYIeCyQpumBzrmXMLMmZa9jZp2n2X7dy8wboyi63OOmIDQIzFsAydm8qXAjBJYmkKbp1SLydiJqTE9PP3/Dhg33Lq3EJz5trdXD0fX8zebeZ5uMMcVO1oGyINBtgTRN/8A5d5LOHQuC4AQRefYe6tT/2TnDGHNlt+NC+RDopQCSs15qo66hFbDWnklEM/9X75y7sFQqre40xtTU1L5hGP6AiJojcg82Go1jJicnH+x0XSgPAp0UqNVq+zjnTtVfzDyzUEY3VtYNltsvEbmLmb9ERNcZY5p7BHYyHJQFgb4LIDnrexcggLwLlMvlvcbGxjRpejoR/cgYs6eRgCVxWGvfS0QXi8hWZl5BREVjzKYlFYqHIdAlgSRJXsjMpzPzu0VEVxo/4RIRnUP5NWa+yTn3VefcnfifjS51Bor1SgDJmVfdgWDyKGCtvVl3KNdBsyAI3joxMfG5brbTWqvlvzEbfbgrjuP2SdPdrB5lQ2BOAWutvp+nE9Gps9xcJ6LzdD+yHTt23FYul/X8WFwQGCoBJGdD1d1obK8FWldnBkFwxcTExB92O4YkSU5h5k8RkR6O/nRmTqMoMt2u15fyK5XKMxqNxrEjIyMjIvJAS1wHiUjIzD+bLVZm3o+Zd0ZRdI0vbclbHNnn/T8lope1tU0/veu8MXyqzFunoz2LEkBytig2PASB+Qm0rM583Bjz5Pk9tfS7rLVfJ6LjspKmnXMHlEqlh5desh8lpGn6DmbeW0T2F5GDiUh/PSs70HrZEqPUExe+ysyfnZ6evnb9+vX3L7G8oX5cN0kWkVNF5AQiOqQVQz9ZisiFxphPDDUSGg+BNgEkZ3glINAlAWvtHUT0QiLaGYbhs4rFom6M2ZMrTVM9V3BLszJmPiuKoot6UnkXKknT9MnOuZXZZHEddXlxp6vJJqDrWadhS9mPM/O1zPy9RqPxzTiO/6HT9eaxvM2bNy+v1+vvcs7pgeH6Sb/1ajCzjpJ9JIoi/eSPCwIQQHKGdwAC3RdIkuQWZn6lzjNrNBrvmpyc7OlSf1391mg0Wldp3mKMeXX3W96ZGjZv3rz39PT067Nd349gZt0Jfr/OlD5Tio6O6Uii/tKJ6M/LDqBvrUI/iT6p5dxS/Zn248eMMf/YwVhyU9TU1NRRQRCcGgTBmSKiI5mtl35m/5tCoXD5+Pj4t3PTaDQEAl0QwMhZF1BR5HALWGsvJSKdV6PX/zXGfKAfImma/qWIlPXUAN1eQ0ReHcfxLf2Ipb3OarV6inPuKTonTj9NBkGwr4jsS0TPJKL9iWiuT8BOT1gQkXuISH/patgfNX8ZY36x0HbWarWjp6enjwmCQEflXk9Ez2mWwcwiIq3/vfyuzo8KguDqiYmJLy+0rjzdnyTJc5hZE+mTs/8haW/eTmZe22g0rsrTp/U89SHa4p8AkjP/+gQRDbBAmqbvEZG/1SYw8+ejKJpZNdmPK03TZ4rIrvlSzHxpFEW61UbPr0qlcnwYhiv1sHf9xcyamM1cupeVflLc3e9bgv0iM19BRF+Joug73W5ES8zriajQrE9EHmPmXcljEARrJiYmzu92PD6VXy6Xx5YtW/ZuZv4DInrdLLHpeZZ/jwn+PvUaYhkkASRng9RbiNVrgVqt9hrn3BezEZbbjTHNCfl9i9taex4Rnc3MDV2pKCLPjeNYR5q6fulEcOfcyUR0BBEdv4gKp3XkMQiCr9Xr9dtLpZKOVvXl0q0fROSPmPmdLUnkrtE0Zr5ZRFJjjB5An9tr48aNhxUKhfEgCDTR1kUY7ZeOzF6hq4WjKHostxBoGAS6LIDkrMvAKH44BHSUSj+paQJERFuNMTpXqe9XkiQvzjbxnJnoLiLXGGM0YeralSVlq4jozXuopPlZ8ofMrKMsOr/rQefcg7r9hXPuJz6uktRzHkVET3v4CyJqrgrdSkS64a+OAHrz6biTHVypVA5n5vczs36iD1rLZuaHnHOfYuarjTG3drJelAWBYRVAcjasPY92d1QgSZIfMPOzdYRq27Zth5fL5Z6MTs2nEdbazxDRW5v3jo6OPn3dunWPzOfZ+d5z5ZVXhvfdd9/pOrpERL+x8EBXO4rIbUT0dRH5RhzHutXHQF/W2oSIZvaPa5mT9igRvckY85WBblwWfJIkx2pSRkTar7s+7WaJ6OeJ6OosKVvwHL88+KANEOiWAJKzbsmi3KERsNZ+gYj0oGYdnTrNt0OYrbW6C/vfNTtEj8uJouiTneigc88993nT09P6h7cmf0/Yw4qIdKf3C5j5c3ndMiFJklcxs67c1JEzTXh15efAJ2ialAVBoKOfq1rnA2bvzCYRuSKO43/rxDuEMiAAgd8UQHKGtwICSxCw1p5LROu0COfcOaVSacMSiuvao9baHUQ0mu3lpVtB6EjIoi9doRcEwVkioge4t3/muso5d1Ucx1ctuoIBejDbtkSPzNJVns0E7ZdhGL6/WCzqAoaBuZpJmYhoYtZ63cnMH9VTLnq5X9/AwCFQCHRYAMlZh0FR3PAIVCqVjUEQ6Eo+va41xrzF19ZbazWB1ERSk7SHt2/ffli5XN650Hir1eqLROS9IvJuTfZant8qIv8vDMPLJiYmvrnQcgf9/tYETUQeZean6RS06enpIzZs2ND1laVL9dtDUnYDM1+MI62WKoznIbAwASRnC/PC3RCYEahWq+90zjU3lv22Mea3fabJ9qL6ni5WyD7B6byoeW+kWq1WX+mc09WKurlo6w762uxzROSyOI6/77NBt2NrTdBa5qBdb4xZ2e26F1t+pVI5MggCHf1s32LlhiAILpiYmNARQVwQgECPBZCc9Rgc1Q2+QLlc/j9jY2PNcyq3bd++/bcWMwrVawlrrU7g1s1V9brRGHPifGKw1p6uu+LrFiG6J1l23S0i5y1btuzvO724YD4x+XqPJmjOue+LiK7WfZyI9iKiijFm0qeYt2zZsv/OnTvXisgH2z5L3xwEwWYkZT71FmIZRgEkZ8PY62jzogUqlcpLgyDQVYe6Qq8xPT19yPr163+86AJ7+GCSJGuZeXOzykKh8Izx8fGf7SkEa60uHDit5Z7viMjmOI71FARcswhkKxy/kb0jMxvshmF4drFYvKDfYLoViHPuA3rWapY4zoQkIncT0cY4jnctHOl3rKgfAsMsgORsmHsfbV+QgK7MI6Kbs9Ejb/Yym28jKpXKS4IgaN3iYZUx5iOzPV+tVt8gIheJyLOzn2/XeWZxHH96vvUN833VanWVc+6SFgM3PT191IYNGzQJ6vmVpukRWVKmu/qvaFmBOS0iURzHW3oeFCqEAAR2K4DkDC8HBOYhYK3VI2r+Kbt1mzFmZtPRQbustboIYETj3t3xUpVK5T1BEMwcQZVdXi12SJLkxCAIJIqiG332T9P0El312M/5Z1NTU0eHYahzytr3KXuEmS8YHR29dO3atboJMC4IQMAjASRnHnUGQvFTYNOmTS+r1+vNw63rxpiZ5GYQL2ttjYjGm7G3H+fU/hlTJ4tPTExc2M+21mq1V9Xr9eOZ+TAieiURPS+LR49z+hIRfbdQKHxrfHz8un7GOVvd1tpfZQswejr/rFKpqFE5CIJ3NJPxLD4kZb69JIgHArMIIDnDawGBPQhUq9WXisitIqJ7eT1kjNl3kMGSJFnJzNeJSJ2Zdcf31caYC/XIJRH5UMtnzJ0ickIcx7f3sr1pmp4UBMER9Xp9H2Z+ETMfKyL7aAxtm6Hq8U9P2F9NRA6J4/gHvYx3rrpmm3/GzGdHUdSV+Wc6qsjMZxCRLuJo9fmpiGwRkY+WSqXmYpa5wsfPIQCBPgkgOesTPKr1X6BSqTwjDEP9Q023jthujFnuf9RzR2it1X3IjtE7mfmGQqHwJ9PT0z9qebIvnzFrtdqaRqMxM/dJ5/VpMpZtmrsrtPbft7X2E8YYTUy8umaZfyZhGJ5YLBZv6kSgOkoWBMFbROR0Zp7p1+bFzPfpgewrVqz46OrVq3WPO1wQgMAACCA5G4BOQoj9EbDW/gcR/bbOGarX6y+YnJy8qz+RdLbWNE3/UkTKLaXOHIquv+/HZ8zstIGrReTo9pZmo2WOiHQhgo5gzhyszcyvIKJXMHPzs91MG5jZRFGUdlZs6aXNMv9s0Uc81Wq1J4mIJmNHiMjLiUgXqjzhykZGJ0dHRy9ct27dtqW3ACVAAAK9FEBy1ktt1DUwAtbai4hIz4zU0ZupOI6bJwEMTBt2F2h2HuTN7T93zr2tVCrpIeldv9I0/V0ReU12SPprmxXq9iQi8gVmvoOI7nDO3bGnT5WztMWJyGG+fd7U9qVp+ni2/1nziKdfMPNa51x70n+QjtYGQbBDRA5g5gOI6IDs73Uu2cG76yAR+Tozn2eMGahjo7r+wqECCAyYAJKzAeswhNt9gUqlcngQBPoHpk78v8UY8+ru19rbGqy1DZ2z1TKP63xjzJpuRnHOOef8XqFQeCMRvYSIfr+9Ll09GEXR2QuNwVqbEJFpWRXp5efN3ZzBOa/mzvE5V0cS/05EPrmQUx/mVTFuggAE+iKA5Kwv7KjUZ4E0Te/MPrH93Dn3nFKp9N8+x7uY2NI01V3sD9FnRWR7HMddnU9nrZ1gZqunDMySlO1wzq2M4/iWxbRFn7HW6rFU2obmJ1rvduXXONsStMU2V5Oxuoh8TE96IKLbjDGtcwYXXS4ehAAE/BBAcuZHPyAKTwSq1eopzrlP6YT0RqPxwVKptGtHfU9CXHIY5XJ5r+XLlz8iIs0tQXa7Ge1SK8tWD1aJ6IWtZYnI/dmGuLc0Go2rlrqCsP3zpn4e3WuvvQ4866yz/mupbej081mCpueQ6hFPu7t08v79RPSAWjGz/rrXOafbh3x/2M8x7XSfoDwI+CaA5My3HkE8fRWw1uofiqNE9LAxZmYLh7xd1trvtOwVps2bNMZUOtlOa+0bReQ9zHxya7nMXHbOfWkpo2S7i7P5ebPl5yuNMdd3sl0oCwIQgEAvBJCc9UIZdQyEgLX2YiJ6rwYrIsf1eo+vXiBZa3X7Bp1Dt2uFph7TFMexnrW4pCvbuf+UbKL/oW1J2aLmky00IGttvbnyVBPBKIr+aqFl4H4IQAAC/RZActbvHkD9XgjUarVDGo3Gvb/epYGviaLoCSM+XgS5xCCyT4w3ZMXobvqvzxLRz8Zx/NbFFK+f6Jxzp+keW0SkG8bO7FHWvJh5yfPJFhKXtfZqInp79sz1xpiVC3ke90IAAhDwQQDJmQ+9gBj6LmCt1a0bdF7U1hUrVuydxw07rbW/IKKn6KhZEARnOOdmtltg5u9GUfT8hXRCmqa6z5YmdJrEPrX9WRG5ipkv7/XqQWutjgB+KEs6fxnH8W/EtpB24l4IQAAC/RBActYPddTplYC1Vs+a1DMn9SoaYzZ5FWAHgpmamto3DMPm5PhvicgHmHlmrzPdgiKKoicchTRbleecc84Jo6Ojb3POvYGIjmy/R0fJROSvmfljURT9pANhL7iIarX6Aufcv7V8tn25Mea2BReEByAAAQj0UQDJWR/xUXX/BarV6n7OuR8TUUFEdsZxvKz/UXU+glqtdnSj0bgzG1H6Z2bWT5E/zJIzTdCOj6Loa7urOUmSvw6CYP0sW2HoisIbROTzcRxf1fnIF16itfYBIto/ezI2xtiFl4InIAABCPRPAMlZ/+xRswcC1topIiplofxhXndWt9a+jIi+nLXzbmPMkUmS7GBmXZmq16wjhtbaNxPR+UQ0sydalsw9RkSfJaIroyjSv3p1WWs/SUSnZUHdaIw50asAEQwEIACBOQSQnOEVGVqBVatWjRx66KG6eed+RPQTY8yz8ooxNTV1VBiG/54dKP6gMWa/JEmuYOZ3ZW3WcyvXNdtfKBSe6ZzT+VuvazlFYCaJazQaH5+cnHzQV6s0TVeLiCaU8/5k62tbEBcEIDCcAkjOhrPf0epf7yp/JhFdnmHkcq5Zs6PTND1QRH6craasG2NGkiR5HzN/eLaXoW3VpZ5XuT6OYz0myfurUqkcHwTBvzQDNcbgv3Pe9xoChAAEWgXwHy28D0MrkCSJjiQdxcy/cM4dEsfxo3nF0FMBxsbG9HPkzKUJS6VSOTIIgm/tqc3M/JkgCNYVi8X7BsnGWitIzgapxxArBCCA5AzvwNALtI4aMXMSRVFz3llubVoTluYCgJYTEdrbrWdVnmqMuXYQQZCcDWKvIWYIQKApgJEzvAtDJ6BHCzHztbryUD/1xXF80DAgWGu3E1FzNWquP+MiORuGNxpthEB+BZCc5bdv0bJZBDZt2vS+er2um5SGRLTTGJPLrTNm6/y2BQC3GGP0GKdcXkjOctmtaBQEhkYAydnQdDUaWqvVjnLO3ZXt1fVIGIZHFIvFh4ZFpvkpVyf7B0EgIyMjT1q3bt22PLYfyVkeexVtgsDwCCA5G56+HvqWWms1ERnTneyDIDhomBIz7fzmAoDmSsy5Np4d5BcGydkg9x5ihwAEkJzhHRgKgUqlcmkQBH+qjWXmt0VR9JmhaHhbI621dREJs8PJczvvrCU5226MWT6MfY02QwACgyuA5Gxw+w6Rz1NgamrqBWEY/isR6W74dxhjjp3no7m7bRjmnZXL5bGxsbHm59r/NMYckbuORIMgAIFcCyA5y3X3onEqkCTJh5n5ffr3IvKOOI6vHlaZ1nlneuD52NjYwWvWrNFTEnJzVSqVw4MguDsbJf2nKIpen5vGoSEQgMBQCCA5G4puHu5GNueaEdE9xpjn9kojSZKZEbo4jm/vVZ1z1dOy8axu0qr//n/CGHPGXM8N0s+TJFnJzNdlydnFURS9f5DiR6wQgAAEkJzhHci1QJIk72bmy7I/qF8bRdENvWpwc96Tb8cHWWt3isgIMzeyLUUiY0y1Vy7drqd1g2ERGY/j+Nxu14nyIQABCHRSAMlZJzVRlncCLRPDf2mMeWqvAmyp93ZjzHG9qnc+9SRJ8ipmvrnlXgnD8MRisXjTfJ73/Z40TTeJyAf7kZD7boP4IACBwRBAcjYY/YQoFynQr9GrftU7XyZrrR5ibnTeWbbvm54r+iZjzFfmW4av91lrv0xEL9P4ROS5cRzf42usiAsCEIDAbAJIzvBeQGBIBay1vyKiFUT0CBHtTUS/FJFVcRx/epBJ0jR12dFcD8dxvM8gtwWxQwACwymA5Gw4+x2thgDVarV9Go3G54joxcz8iIhogqaXrma9zBjzj4PGZK29mIjem42aHefTYoxBs0S8EIBA/wSQnPXPHjVDoO8CbQla8xNnM67vEtF1QRBcPTExoZ8Kvb5qtdohjUbj3l/vM8zXRFF0stcBIzgIQAACuxFAcoZXAwJDLpAlaD/Uo62aFCLyGDM/ufn7IAjWTExMnO8zlbX2m0R0DBFtXbFixd6rV6/e4XO8iA0CEIDA7gSQnOHdgAAEZgSstW8UkT9i5nc2SVoWDOhw1M31ej2ZnJzs2XYk8+2aNE2vFJFm3Lk9lmq+HrgPAhAYbAEkZ4Pdf4geAh0XSNP0QBE5k4j+goiWZRXocUjNMyrXGGO8GEVLkmQVM08Q0WFZnD83xjyt4ygoEAIQgEAPBZCc9RAbVUFg0ASaW25o3O2jaMz8VxMTE1/qdZvK5fLBy5cv/4CIvIGIWs/N3GmMaSaTvQ4L9UEAAhDomACSs45RoiAI5FMg27T28y0jZ62jaA8R0e0ickehUHjIOXd3t05hqFQqb9BPrsysx02FbdpbjDHr8tkDaBUEIDBsAkjOhq3H0V4ILFKgfRTNOSdBEAQiekzn/15hGK4tFovnLbKaXY9Za18XhuHznXO/IyJvIqL92srUfdo+0mg0Lp+cnNTFALggAAEI5EIAyVkuuhGNgEBvBLJRNF0QUJijxi845z7MzD9uu+8gEQmZ+Wf6z0XkgTAMf7pt27ZwdHT0FWEYHioiRxLRK4jo+c1nWz+p6j9j5rJz7vI4jn/Qm5ajFghAAAK9E0By1jtr1ASB3AgkSXJwEAQvIqIXiYj+9aSWhG1rdvLAotrbOhLH/Ov/RDHz90TkiyJyIxHdFMexHjeFCwIQgEAuBZCc5bJb0SgI9F6g9bNnJ2oXEcfM5zHz56Ioaj2ovRPFowwIQAAC3gogOfO2axAYBAZPIPvsqcc+6ZmdC712iMg1RHSriNxaKpW+vdACcD8EIACBPAggOctDL6INEIAABCAAAQjkRgDJWW66Eg2BAAQgAAEIQCAPAkjO8tCLaAMEIAABCEAAArkRQHKWm65EQyAAAQhAAAIQyIMAkrM89CLaAAEIQAACEIBAbgSQnOWmK9EQCEAAAhCAAATyIIDkLA+9iDZAAAIQgAAEIJAbASRnuelKNAQCEIAABCAAgTwIIDnLQy+iDRCAAAQgAAEI5EYAyVluuhINgQAEIAABCEAgDwJIzvLQi2gDBCAAAQhAAAK5EUBylpuuREMgAAEIQAACEMiDAJKzPPQi2gABCEAAAhCAQG4EkJzlpivREAhAAAIQgAAE8iCA5CwPvYg2QAACEIAABCCQGwEkZ7npSjQEAhCAAAQgAIE8CCA5y0Mvog0QgAAEIAABCORGAMlZbroSDYEABCAAAQhAIA8CSM7y0ItoAwQgAAEIQAACuREYyOTsiiuueA8R/W1uegENgQAEIAABCECgGwJ/fNppp13WjYK7WSaSs27qomwIQAACEIAABPopgOSsn/qoGwIQgAAEIAABCORBYCBHzvIAjzZAAAIQgAAEIACB2QSQnOG9gAAEIAABCEAAAh4JIDnzqDMQCgQgAAEIQAACEEByhncAAhCAAAQgAAEIeCSA5MyjzkAoEIAABCAAAQhAAMkZ3gEIQAACEIAABCDgkQCSM486A8F5NBQAAAF0SURBVKFAAAIQgAAEIAABJGd4ByAAAQhAAAIQgIBHAkjOPOoMhAIBCEAAAhCAAASQnOEdgAAEIAABCEAAAh4JIDnzqDMQCgQgAAEIQAACEEByhncAAhCAAAQgAAEIeCSA5MyjzkAoEIAABCAAAQhAAMkZ3gEIQAACEIAABCDgkQCSM486A6FAAAIQgAAEIAABJGd4ByAAAQhAAAIQgIBHAkjOPOoMhAIBCEAAAhCAAASQnOEdgAAEIAABCEAAAh4JIDnzqDMQCgQgAAEIQAACEEByhncAAhCAAAQgAAEIeCSA5MyjzkAoEIAABCAAAQhAAMkZ3gEIQAACEIAABCDgkQCSM486A6FAAAIQgAAEIAABJGd4ByAAAQhAAAIQgIBHAkjOPOoMhAIBCEAAAhCAAASQnOEdgAAEIAABCEAAAh4JIDnzqDMQCgQgAAEIQAACEEByhncAAhCAAAQgAAEIeCSA5MyjzkAoEIAABCAAAQhA4H8AEBR1MYEqZboAAAAASUVORK5CYII=',''),
(22,2,1,9,0,4,'2020-06-30 21:53:18','2020-06-30 21:53:18',NULL,NULL,NULL,NULL,'2020-06-30 21:53:18',NULL,NULL,1,'data:image/png;base64,iVBORw0KGgoAAAANSUhEUgAAAmcAAACaCAYAAADsIe//AAAd5klEQVR4Xu3dCZRkVXnA8fu9V9Mwo0bjRhQ3UDGC0bgl4AIuKGDUxC0mJMagibtIxumuW91jrCMz/d7rHgER12NcCJnjCsadoKITTRRlkqgYl+OGHI1LILgwDVPvfTlf+6rPo6jurq6u6rlV/X/n9GHpqvvu/d07U1/de993xXEhgAACCCCAAAIIBCMgwdSEiiCAAAIIIIAAAgg4gjMGAQIIIIAAAgggEJAAwVlAnUFVEEAAAQQQQAABgjPGAAIIIIAAAgggEJAAwVlAnUFVEEAAAQQQQAABgjPGAAIIIIAAAgggEJAAwVlAnUFVEEAAAQQQQAABgjPGAAIIIIAAAgggEJAAwVlAnUFVEEAAAQQQQAABgjPGAAIIIIAAAgggEJAAwVlAnUFVEEAAAQQQQAABgjPGAAIIIIAAAgggEJAAwVlAnUFVEEAAAQQQQAABgjPGAAIIIIAAAgggEJAAwVlAnUFVEEAAAQQQQAABgjPGAAIIIIAAAgggEJAAwVlAnUFVEEAAAQQQQAABgjPGAAIIIIAAAgggEJAAwVlAnUFVEEAAAQQQQAABgjPGAAIIIIAAAgggEJAAwVlAnUFVEEAAAQQQQAABgjPGAAIIIIAAAgggEJAAwVlAnUFVEEAAAQQQQAABgjPGAAIIIIAAAgggEJAAwVlAnUFVEEAAAQQQQAABgjPGAAIIIIAAAgggEJAAwVlAnUFVEEAAAQQQQAABgjPGAAIIIIAAAgggEJAAwVlAnUFVEEAAAQQQQAABgjPGAAIIIIAAAgggEJAAwVlAnUFVEEAAAQQQQAABgjPGAAIIIIAAAgggEJAAwVlAnUFVEEAAAQQQQAABgjPGAAIIIIAAAgggEJAAwVlAnUFVEEAAAQQQQAABgjPGAAIIIIAAAgggEJAAwVlAnUFVEEAAAQQQQAABgjPGAAIIIIAAAgggEJAAwVlAnUFVEEAAAQQQQAABgjPGAAIIIIAAAgggEJAAwVlAnUFVEEAAAQQQQAABgjPGAAIIIIAAAgggEJAAwVlAnUFVEEAAAQQQQAABgjPGAAIIIIAAAgggEJAAwVlAnUFVEEAAAQQQQAABgjPGAAIIIIAAAgggEJAAwVlAnUFVEEAAAQQQQAABgjPGAAIIIIAAAgggEJAAwVlAnUFVEEAAAQQQQAABgjPGAAIIIIAAAgggEJAAwVlAnUFVEEAAAQQQQAABgjPGAAIIIIAAAgggEJAAwVlAnUFVEEAAAQTGV2B2dvaYiYmJ2o4dO74+vq2kZYMQIDgbhCJlIIAAAgggsIJAlmUvUdVznHO/iOP4qMnJyV8DhsByAgRnjA0EEEAAAQSGJJAkyX1E5F3OuUeUt7jIe/+cId2OYsdEgOBsTDqSZiCAAAIIhCVQzpad75yLrWaq+oNGo3GvsGpJbUIUIDgLsVeoEwIIIIDAyArMzc39flEUb3fOPbjdCBE5v16vv2JkG0XFN1SA4GxDubkZAggggMA4CyRJ8jIReX27jTZb5pz760aj8ZlxbjdtG6wAwdlgPSkNAQQQQGATCszOzj4yiqJZ59yJzJZtwgEw4CYTnA0YlOIQQAABBDaXQJIk54jI31VavaCqpzFbtrnGwSBbS3A2SE3KGqjArl27jo/j+O7Oue92FHy0iPzYe/+5gd6QwhBAAIE1CGRZdj9Vvdg5d2xltuy8er1eDdTWUCIvReA3AgRnjIQgBObm5k4SkQe1Wq07i8hDnHP2c8QqlTuv1Wqds3Pnzh8G0QgqgQACm0YgTdO/FJELVbX9OXp1URSvmJ6e/uCmQaChQxMgOBsaLQWvJDA3N/dEVX2wqt7bOfcY59x9F78tiNjj5iviiYhW/kK0115YFMWbp6en/x11BEIX2L179+NrtVpUr9cvC72u1K+7QJqm/+ScO70yW/bGAwcOzDSbzf/DDIFBCBCcDUKRMtYkkGXZ81X1bfYmC8QsIOvzut45d9vKe3/qnLtSVffHcfwzVf06H4B9yvK2gQlkWfYEmwkuv4ic5Jw7pix8abxGUfRTEfnW1NTUJwZ2YwoauMDc3NyTVPWNqnrPsvADqvok9pYNnHrTF9j3p+KmlwOgLwH7xqmqp3cJyArn3KUist85t78oiv2NRuP73W6SZdkZzrntqvqAyu8LEYk6Z91E5IKDBw/OsfTZV3fxpnUKzM/Pn5Xn+bldvoh0Ha9xHD9+cnLy0+u8LW8fgsDs7OwZURRZ7rL29WHv/VOHcCuKRIA9Z4yBjRFI0/QplvvHvnGWs2W5qr7XObdPVfdNT0+v+SBgC9JU9a3OuVoPrbhwYWEhaTab3+jhtbwEgXUJpGl6inMusaX7Nc4MX+ece7L3/t/WVQHePFCBzmXMKIrOnJqaWsplNtCbURgCPBDAGNgIgd27dx8Rx/H/DOsbZ5Ik94qiaPEhAlW1f9oyUjtgW1r6tKAwiqKPicibpqamPrIRbecem08gSZLHiMjlldmym30REZEbquNVRE5W1S3OuWudc7cXketV9SXe+72bTy+sFqdp+kci8obKMuZNqvqIRqNxZVg1pTbjJsCy5rj1aIDtSdP0YDtY2qhvnMssfS7piMjnVfVDIvLP9Xr9mwGyUaUhClgAVavV7pvneTt4t72LEyLyExHZluf5NY1G45K1VqH8MP9w+4GVXo7smZ+fv3Oe5/Zl4eHOOZs5+23bjjkxMXGr7du3H1hrHXj9YASqQXZZIsuYg6GllB4ECM56QOIl/Qukafpm59wLyxKe472/qP/S1v7OMkizb75by3fbh7F9AFYPH37nli1bLnzlK1+5ONvBNX4CHZvyLYP7/VZrpYi8tF6vv3G117V/n2XZi5xzF6iqHXJts2Un97pRvCNAWyyyVqsdt2PHjjUv9/daX163vEBnkL1RXyrpEwTaAgRnjIWhCczPzx+V5/l3fpMhQy6u1+vPGNrNVih4dnb2TnEcP0tVbbnT0nbcrnz5j51zFrTZf+etVuveO3futHPwuMZEwD5knXPPc8493ZrUy9PB1VQttjzZarXOmpmZ+cpKJOedd949FhYWFseOiFwbRdH9Jycn7WnMni8L0IqiuKZc4rT3bfiXmZ4rO8YvLMeM5SqzrREtVT2eZcwx7vBAm0ZwFmjHjEO10jT9snPuoc65G7Zt23b7M88888ZD3a5KoPasMlCzD1Ob5bDZjku996ce6jpy//UJvPa1r31sq9U6XVUf55w7ultAVgZgP3HOWV4q+6mJiCU9vlslh94Nzrlt5WvfWqvVzl9uJquydF/EcXyXtQZm7Ranafox59xp5X+f673fvj4N3r0WgY7Zz2vjOF5zkL2W+/FaBJYTIDhjbAxFIE1TS9BoiRrtmvTe7xnKjdZR6Nzc3JOLorBlVttv9Cvn3K2dc7Pe+5l1FMtbN1ig2WxObN269YF5nj8qiiILbCzB8VL+vDK9Sss5975eng5O0zRxzvmyGZbiJbJ/V9VfRFFkZyjunZqa+na7mfZAioh8z/5bRD5Sr9ef0i9BlmW7VLU9/r7gvT+h37JCe1/5xPaxFvzaQxFFUVhwbD9me8coim5U1R9V6n0P+9IkIj/vbItt0I+i6DuDPMJtfn7+aXme21FMfc9+hmZOfUZXgOBsdPsu6Jqnafprm3Ww5ULvfS+pLg5Je5IkeaiI2Azf0ukEcRy/YnJy8vxDUiFu2pNAmqaPEJGnFkVxYhRFD6ssBd7s/ar6PhF5l/f+oz0VXL7INoNHUXSJqi4ugYvIj1T1ruWvF5xzF0dR9NapqanPZln2dFX9QPm7Ge/97FruVX1ttSybsduyZctYPBSQpqkFuxb0Dvqy4G6/JZ5WVXuw55f9HJ/UscfsJjvTt9/Zz0E3kPI2pwDB2ebs96G2OssyWxpqn3f5Re/98UO94ToLn5ube0FRFG+pFFNYNvflkuCu83a8fZ0CSZK8QETsQZOuf3+JiM3AvMbOPazX69es53ZJkjxPRF5SLs9bUZYS5nfKgM2OEZsWkVvbbJflMxOR09aT5b86C2f38N6P9N/RNlvmnHudc+6o9fRDt/fadgTnXNzluDfbPmFHuVnfXxNF0fV5nn9zuadv0zT9W0uvU25taMVxfCSB2aB7i/LWKjDSf/DX2lhevzECs7OzJ0RR1E6i+VXv/QM35s793yXLsreoqn3ot8/tvMh7/5z+S+SdwxDoTAZa3uM6Efmkc+4zzrlPDSM1ShkQvqASpNkBsO2/P3/pnLuN1SWO4yPW+8GepunS4bL9BGdnn332E7ds2bKgqjZ7vXgVRXFn+6cdE9XRL0fnef6DnTt3XjHI/kqS5HFxHM/Yvr9K8GTt+rKqHlbu77M9foO+qv3SWbYlvb6wOos6Pz8/k+f5rjLY7utBjkE3gPIQWByPMCAwaIH5+Xnb//NfZbn/672/46DvMYzyqkux9jkrIr5er2fDuBdlrk2gy5mGtk/J9jRecuONN17WbDZ/sbYS+3t1lmUvU9VznHOWNNZmyq5TVctLtnip6uMbjca6jl/qJzhL09T22rV/7tNH62xJcJ+I2NPV+9dzJm2apq9Q1fMqJyPYTPTORqMxsGXNLomnH+ucO7xbu6tP35a//5Zz7iMicqKqPqzsxxujKLrHegPrPtx5CwJdBQjOGBgDF+g8EaCfb/8Dr1QPBVaTTpYfLJrn+Rki0jW9hojcrXzUvnr6Qfc/aCK21HtVo9H4jx6qwksqAiGeaZgkSUNEzrYgvktnvcp7vzgb089lwZmNP5txWunPTrnB/tmq+gfOufuu9V6VGa3Fcz473v+GVquVreVM2t27dz8hjmP7MvPgdlki8sEoirZPTk4uPjAxzMv+3pmYmDji4MGDR0dRZAfMP7Kc6Vxqm6r+UkQWZzkrF3vMhtkxlN2XAMFZX2y8aTWBfr79r1bmIH8/NzdnqTRuVRTF7Z1zR6rqkSJiPw9obwIf5P0qZdkSmB39cpmqfiGKoi/V63X7f1xdBEI+09Dy+BVFcbaq/kWXqtvMsQVpH15rx1b/7HRLhFs+ZWxLrH0/FWp1WiHFyNLngqr+o4i8zXu/b6V22GyZc+68asDjnHtmP+1fq9dqr7fN/qr6XBGxP/M3u3o5wWG18vk9AsMQIDgbhiplupCCsyRJ7Jv8w6MoeqiqWt41++n8S3rxw2q5D60BdKkVbsdYTXSUZScW2Aef7cWxTcvvGcC9Rr6I2dnZJ8dxbNn271k2JtgzDatj3epaXeq01BrOufPXskzYpbzL8zz/mC27ichTVLV6ukV7zH7fEj2r6qWNRuNfeh0As7Ozx9rynnPOnnp9ZuWp16Uzacs/ExfkeT7XOZOWpqm914Ky6myZtdeCtaCu8kGlv3LO/X3ZplN7PcEhqIZQmU0hQHC2Kbp54xt5KIMzm1lwzp1UFIUt9TzKOXeH9jLRkCVsA7Z9qLV/bMnrTiJy9/JJsKXbi8jBoihutCf9Our0fdvU7pz7ooh8rl6v//eQ6xxc8c1m85jDDz+8et5p0GcadgRTi08Q2h78cmaqnSPtsb0GApW9j9Y3N6iqJcLt1k+Wu+0NltZjtZmtXju580zaLvu13umc+0/n3HGqepKIHFMp2wLoU3ptZ6914nUIbEYBgrPN2Osb0OZDEZzt2rXr7rVazTKqn7VaE1XV9tl81zl3taX9EJEfVv55goi8qpwFGUiuqT179hyb5/kJqmpJRS21yHHVOpYfgvbBfrOccLbfTVUvj6Lo6qIovhzCMtFqtv3+fs+ePae1Wq3IDqNvB7OjcKZhR3Bmm+ptLC0udVaCGzvP9cne+/ZTzCsydSTCXXqtqi6IyHtF5JJ6vW5HDA3lsiBNVe1c0fYm+86ZtKUkv2U7g5wtGwoOhSKwAQIEZxuAvBlvsZHB2a5du46v1Wovds7ZkkW3y/Z0XSEiVxRF8dVarfbVycnJry3XL7bUE0XRVe3fD+OBBgvWWq2WbVp+vHPujzuDMufcARE5TFU7N2ovJd2M4/hnqvr1tSyZhTgWy6C67px7abt+FtQ4555Qr9dtFjHoK8uyX6nqraqnTDjnvuCce3eZiPla55ztbbQnSl/svd/bS4PKB1Rsz5oFSF9Q1Q/ZKQcbmX+vOpO2zLmkB1X1icyW9dKjvAaB3gUIznq34pVrEBhmcJZlmR1g/hBLFGvLl8656tKK7R2zWbEPFUXxWVX9zMzMjC3DrOkaZv27VWRubu7RRVE82vb+OOfsn3a6Que1+FRdZ9JNEfn7er1uTw6O1FUGH2e0g+qOpWdLd3CW9/7joTeq2ykTIvLyKIrem+e57Tl7uB39JCK/ZfvwJyYm7rh9+3YL2EbmKmfSFhM1q+r7ezkGa2QaR0URCFCA4CzAThmHKg0ruJmfnz8rz/Nzyw+JzqUVy9G0u16vv2O9hsOqfy/1ajab27Zu3WppAB5hy6AiYmdFrvZnte+nA3up06BfU2be/4du5bYPorfZs1ardZeZmZnF8xdDvrqcMqFxHNsS+948zz/XTnVhy9T1ev0WG/pDbht1QwCBjRdY7S/8ja8RdxwLgUpwc633/g7rbVSSJKdGUbS7KIqHdG6Ots31zrkXDiIoa9fzUAZn3ay6JN202cPF/Wki8utyWc3+3TbSX6GqX1NVy3h+bVEU1w7joOh++7QzPUaZ+NTywB3WLrO9V0tVL2g0Gi/v914b+b4up0zY7e3BDjv70x4SaHnvF5PXciGAAAIrCRCcMT6GItAObgaxX6vZbB5++OGHH7CKlvteclW1o1j2qeq+6enprw+6EUmSLCYCtWthYWFrs9m0w66DulZJhLpcXW92UPTExMTPd+zYsSFLh2XS1Ne302NUg+qOTfXW11vbe5yiKHrU1NTU54PCX6YyHU9aLrajHLfX1Wq13yUD/Sj0InVE4NALEJwd+j6gBqsIpGlqM2PtWaINeSqsEiz8yHt/ZKidlGVZqzNNxwp1zUWk20HRlq7jEhG5aFipO6oBdlm/m6XH6AjOnuqcs83v7XMSP+O9t+N5RuLq8qQlGehHoueoJALhCBCchdMX1KSLgC3niUj76Jd93nt7AGCoV5qmb7Zl0nLG42GNRsMy+gd3pWm6v5L809KC2F4mS0WxeHh7dblzhcoX9p7y9zdZGouiKOwp0Mump6cHlqohyzLLgbW4pNctPUbnMnKWZReV6ShuKB+OeI33/tXBdcIyFSofdvio/TqO46OYMRuVnqOeCIQhQHAWRj9Qi2UEsix7uqp+oPz1jPd+dphYdiRPnuf2YIEFNxfX6/VnDPN+/ZadZdl7VPVPywDy5Y1G44Lq2aBluUUcx3exwKDLnjVL4bF0WoGq3hRFkc2qVc+KtOXOS+M4/tRKqUdWa4Mdn2MHTZevm/Xez3S+pxqctVqtex122GFRnuffrpxdaUld79hoNCxfGBcCCCAw1gIEZ2PdvaPfuCzLdqnqjO3/EpHTpqamPjHMVqVpamk3HmSZ2bdt23b7M88888Zh3q+fspMkOVlELrP32mb6gwcPPrZ9rE6SJFeJyLFlud/z3h+93D3KI5Ls3EE7UcEOcW9fNu1mM2pLS6Cq+sUoiq4siuKTjUbjkrXUO0mSS+2JUzu+amJi4rbbt29f3D9YvTqWNS/13p9a7qmbrSRybXjv07Xcm9cigAACoyhAcDaKvbaJ6pym6SfLRK22PHTEMJeHkiR5i4jYgdJ2TXrv94RInWWZHemzuNG8cl0oIo9W1aPK/3fQe995jueyzUnT9BQRsVlKyztWfaLQEvjepuON9jDGhd77xWW7la7yPMMf2mvsEO1Go9E1UXC3RK42w5amqQVy7Sz1P1tYWLhbs9m8abX78nsEEEBglAUIzka59zZB3dM0tSONFvdEicgf1uv1Kwbd7GazWdu6deubVfX5ZdnXe+9vN+j7DKq8juDsZsfqlPdY11mUWZb9iao+rUyIu5STq8s5i5Yo9uNRFH1gamrqX7u1L8uyV6tq0568jKLohHq9bpnzb3F1S+SqqlPl2aN2UHX7Cc6k0WhMD8qSchBAAIEQBQjOQuwV6rQkUA3OhjGbZfuhVPWcygHOa5pxOlRd1XlAdbsegz6LMk3T3ytn1HZWj5hS1V+KyNKMWhRFZ01NTb2u06M687VaWpUuiVy78RYLCwu3aTab9qAAFwIIIDCWAgRnY9mt49OoJEn2isifly36lPf+5EG0bs+ePSe2Wi0LOCyZa/u6XFWfMUqbzssg7Q3WADv+aZhPlpaB7HNF5FltsOpsmohc3mq1zpqZmflK+/drTebbTuTarY/Le/3Ae99euh3EUKAMBBBAIDgBgrPguoQKVQWSJHmRiLypnZBURH6qqleq6n5V/aaI/LjRaNi+tJ6u8pBtO1bnrMob7AnAV3nvF4McrpUFyn1ktnfMlhvbWf3bKS8sN9mfee9tX5pba3Bm76nsP+usyAHvfbczR+kyBBBAYKwECM7GqjvHrzGzs7PHRlF0VXnYdxFFUbeDvy9T1U/HcXz55OTkF7sp7Nq16/harfbi9iHb9poy4Ht3nufbZ2Zmfjx+esNvUTXhqp2JWRRFXJ6sUPfez/UTnA2/1twBAQQQCFuA4Czs/qF2zrkkSRYfCug8U7PEsdMDlp4utDMloyh6f57n18VxbIGcpZWwxLXHVDEtQWue56dMT0+PxLFAIQ8Ey68WRdElqmoPUfzUOXdrSxwrIm9T1b9p1321PWcht5G6IYAAAhspQHC2kdrcq2+BHpKo3iAit1jyKmfcFu9b5kqzBLO7B3lIet+NGrM3tp/MLJt1i6dIa7XacTt27Bj4OahjxkhzEEAAAUdwxiAYWYH5+fkH5nlus2KnlT8rteWgiLyQoGy43Z0kybNF5Bzn3F2dc50B2nO89xcNtwaUjgACCIy+AMHZ6PchLfjN0ufDoyh6lqo+rjxv8qCqXuyc26eq+6anp5mx2aCRsnv37gfGcbzXOXdcxy3P9d7bwxhcCCCAAAIrCBCcMTwQQGDgAnv27Dm21Wp9yZaa20/aquo3vPf3H/jNKBABBBAYMwGCszHrUJqDQCgCXQ5i11qtducdO3b8PJQ6Ug8EEEAgRAGCsxB7hTohMCYCaZq+0TlnKUzsutp7f88xaRrNQAABBIYmQHA2NFoKRgABE0jT1NKdOO999UB1cBBAAAEElhEgOGNoIIAAAggggAACAQkQnAXUGVQFAQQQQAABBBAgOGMMIIAAAggggAACAQkQnAXUGVQFAQQQQAABBBAgOGMMIIAAAggggAACAQkQnAXUGVQFAQQQQAABBBAgOGMMIIAAAggggAACAQkQnAXUGVQFAQQQQAABBBAgOGMMIIAAAggggAACAQkQnAXUGVQFAQQQQAABBBAgOGMMIIAAAggggAACAQkQnAXUGVQFAQQQQAABBBAgOGMMIIAAAggggAACAQkQnAXUGVQFAQQQQAABBBAgOGMMIIAAAggggAACAQkQnAXUGVQFAQQQQAABBBAgOGMMIIAAAggggAACAQmMZHC2d+/eM5xzbw/IkaoggAACCCCAQHgCzzv99NPfEV61Vq4Rwdmo9Rj1RQABBBBAAIFeBQjOepXidQgggAACCCCAAALdBUZy5ozORAABBBBAAAEExlWA4Gxce5Z2IYAAAggggMBIChCcjWS3UWkEEEAAAQQQGFcBgrNx7VnahQACCCCAAAIjKUBwNpLdRqURQAABBBBAYFwFCM7GtWdpFwIIIIAAAgiMpADB2Uh2G5VGAAEEEEAAgXEVIDgb156lXQgggAACCCAwkgIEZyPZbVQaAQQQQAABBMZVgOBsXHuWdiGAAAIIIIDASAoQnI1kt1FpBBBAAAEEEBhXAYKzce1Z2oUAAggggAACIylAcDaS3UalEUAAAQQQQGBcBQjOxrVnaRcCCCCAAAIIjKQAwdlIdhuVRgABBBBAAIFxFSA4G9eepV0IIIAAAgggMJICBGcj2W1UGgEEEEAAAQTGVYDgbFx7lnYhgAACCCCAwEgKEJyNZLdRaQQQQAABBBAYVwGCs3HtWdqFAAIIIIAAAiMpQHA2kt1GpRFAAAEEEEBgXAUIzsa1Z2kXAggggAACCIykAMHZSHYblUYAAQQQQACBcRUgOBvXnqVdCCCAAAIIIDCSAgRnI9ltVBoBBBBAAAEExlWA4Gxce5Z2IYAAAggggMBIChCcjWS3UWkEEEAAAQQQGFcBgrNx7VnahQACCCCAAAIjKUBwNpLdRqURQAABBBBAYFwF/h9hlN0i6fot/gAAAABJRU5ErkJggg==','data:image/png;base64,iVBORw0KGgoAAAANSUhEUgAAAmcAAACaCAYAAADsIe//AAAd5klEQVR4Xu3dCZRkVXnA8fu9V9Mwo0bjRhQ3UDGC0bgl4AIuKGDUxC0mJMagibtIxumuW91jrCMz/d7rHgER12NcCJnjCsadoKITTRRlkqgYl+OGHI1LILgwDVPvfTlf+6rPo6jurq6u6rlV/X/n9GHpqvvu/d07U1/de993xXEhgAACCCCAAAIIBCMgwdSEiiCAAAIIIIAAAgg4gjMGAQIIIIAAAgggEJAAwVlAnUFVEEAAAQQQQAABgjPGAAIIIIAAAgggEJAAwVlAnUFVEEAAAQQQQAABgjPGAAIIIIAAAgggEJAAwVlAnUFVEEAAAQQQQAABgjPGAAIIIIAAAgggEJAAwVlAnUFVEEAAAQQQQAABgjPGAAIIIIAAAgggEJAAwVlAnUFVEEAAAQQQQAABgjPGAAIIIIAAAgggEJAAwVlAnUFVEEAAAQQQQAABgjPGAAIIIIAAAgggEJAAwVlAnUFVEEAAAQQQQAABgjPGAAIIIIAAAgggEJAAwVlAnUFVEEAAAQQQQAABgjPGAAIIIIAAAgggEJAAwVlAnUFVEEAAAQQQQAABgjPGAAIIIIAAAgggEJAAwVlAnUFVEEAAAQQQQAABgjPGAAIIIIAAAgggEJAAwVlAnUFVEEAAAQQQQAABgjPGAAIIIIAAAgggEJAAwVlAnUFVEEAAAQQQQAABgjPGAAIIIIAAAgggEJAAwVlAnUFVEEAAAQQQQAABgjPGAAIIIIAAAgggEJAAwVlAnUFVEEAAAQQQQAABgjPGAAIIIIAAAgggEJAAwVlAnUFVEEAAAQQQQAABgjPGAAIIIIAAAgggEJAAwVlAnUFVEEAAAQQQQAABgjPGAAIIIIAAAgggEJAAwVlAnUFVEEAAAQQQQAABgjPGAAIIIIAAAgggEJAAwVlAnUFVEEAAAQQQQAABgjPGAAIIIIAAAgggEJAAwVlAnUFVEEAAAQQQQAABgjPGAAIIIIAAAgggEJAAwVlAnUFVEEAAAQQQQAABgjPGAAIIIIAAAgggEJAAwVlAnUFVEEAAAQQQQAABgjPGAAIIIIAAAgggEJAAwVlAnUFVEEAAAQQQQAABgjPGAAIIIIAAAgggEJAAwVlAnUFVEEAAAQQQQAABgjPGAAIIIIAAAgggEJAAwVlAnUFVEEAAAQQQQAABgjPGAAIIIIAAAgggEJAAwVlAnUFVEEAAAQQQQAABgjPGAAIIIIAAAgggEJAAwVlAnUFVEEAAAQTGV2B2dvaYiYmJ2o4dO74+vq2kZYMQIDgbhCJlIIAAAgggsIJAlmUvUdVznHO/iOP4qMnJyV8DhsByAgRnjA0EEEAAAQSGJJAkyX1E5F3OuUeUt7jIe/+cId2OYsdEgOBsTDqSZiCAAAIIhCVQzpad75yLrWaq+oNGo3GvsGpJbUIUIDgLsVeoEwIIIIDAyArMzc39flEUb3fOPbjdCBE5v16vv2JkG0XFN1SA4GxDubkZAggggMA4CyRJ8jIReX27jTZb5pz760aj8ZlxbjdtG6wAwdlgPSkNAQQQQGATCszOzj4yiqJZ59yJzJZtwgEw4CYTnA0YlOIQQAABBDaXQJIk54jI31VavaCqpzFbtrnGwSBbS3A2SE3KGqjArl27jo/j+O7Oue92FHy0iPzYe/+5gd6QwhBAAIE1CGRZdj9Vvdg5d2xltuy8er1eDdTWUCIvReA3AgRnjIQgBObm5k4SkQe1Wq07i8hDnHP2c8QqlTuv1Wqds3Pnzh8G0QgqgQACm0YgTdO/FJELVbX9OXp1URSvmJ6e/uCmQaChQxMgOBsaLQWvJDA3N/dEVX2wqt7bOfcY59x9F78tiNjj5iviiYhW/kK0115YFMWbp6en/x11BEIX2L179+NrtVpUr9cvC72u1K+7QJqm/+ScO70yW/bGAwcOzDSbzf/DDIFBCBCcDUKRMtYkkGXZ81X1bfYmC8QsIOvzut45d9vKe3/qnLtSVffHcfwzVf06H4B9yvK2gQlkWfYEmwkuv4ic5Jw7pix8abxGUfRTEfnW1NTUJwZ2YwoauMDc3NyTVPWNqnrPsvADqvok9pYNnHrTF9j3p+KmlwOgLwH7xqmqp3cJyArn3KUist85t78oiv2NRuP73W6SZdkZzrntqvqAyu8LEYk6Z91E5IKDBw/OsfTZV3fxpnUKzM/Pn5Xn+bldvoh0Ha9xHD9+cnLy0+u8LW8fgsDs7OwZURRZ7rL29WHv/VOHcCuKRIA9Z4yBjRFI0/QplvvHvnGWs2W5qr7XObdPVfdNT0+v+SBgC9JU9a3OuVoPrbhwYWEhaTab3+jhtbwEgXUJpGl6inMusaX7Nc4MX+ece7L3/t/WVQHePFCBzmXMKIrOnJqaWsplNtCbURgCPBDAGNgIgd27dx8Rx/H/DOsbZ5Ik94qiaPEhAlW1f9oyUjtgW1r6tKAwiqKPicibpqamPrIRbecem08gSZLHiMjlldmym30REZEbquNVRE5W1S3OuWudc7cXketV9SXe+72bTy+sFqdp+kci8obKMuZNqvqIRqNxZVg1pTbjJsCy5rj1aIDtSdP0YDtY2qhvnMssfS7piMjnVfVDIvLP9Xr9mwGyUaUhClgAVavV7pvneTt4t72LEyLyExHZluf5NY1G45K1VqH8MP9w+4GVXo7smZ+fv3Oe5/Zl4eHOOZs5+23bjjkxMXGr7du3H1hrHXj9YASqQXZZIsuYg6GllB4ECM56QOIl/Qukafpm59wLyxKe472/qP/S1v7OMkizb75by3fbh7F9AFYPH37nli1bLnzlK1+5ONvBNX4CHZvyLYP7/VZrpYi8tF6vv3G117V/n2XZi5xzF6iqHXJts2Un97pRvCNAWyyyVqsdt2PHjjUv9/daX163vEBnkL1RXyrpEwTaAgRnjIWhCczPzx+V5/l3fpMhQy6u1+vPGNrNVih4dnb2TnEcP0tVbbnT0nbcrnz5j51zFrTZf+etVuveO3futHPwuMZEwD5knXPPc8493ZrUy9PB1VQttjzZarXOmpmZ+cpKJOedd949FhYWFseOiFwbRdH9Jycn7WnMni8L0IqiuKZc4rT3bfiXmZ4rO8YvLMeM5SqzrREtVT2eZcwx7vBAm0ZwFmjHjEO10jT9snPuoc65G7Zt23b7M88888ZD3a5KoPasMlCzD1Ob5bDZjku996ce6jpy//UJvPa1r31sq9U6XVUf55w7ultAVgZgP3HOWV4q+6mJiCU9vlslh94Nzrlt5WvfWqvVzl9uJquydF/EcXyXtQZm7Ranafox59xp5X+f673fvj4N3r0WgY7Zz2vjOF5zkL2W+/FaBJYTIDhjbAxFIE1TS9BoiRrtmvTe7xnKjdZR6Nzc3JOLorBlVttv9Cvn3K2dc7Pe+5l1FMtbN1ig2WxObN269YF5nj8qiiILbCzB8VL+vDK9Sss5975eng5O0zRxzvmyGZbiJbJ/V9VfRFFkZyjunZqa+na7mfZAioh8z/5bRD5Sr9ef0i9BlmW7VLU9/r7gvT+h37JCe1/5xPaxFvzaQxFFUVhwbD9me8coim5U1R9V6n0P+9IkIj/vbItt0I+i6DuDPMJtfn7+aXme21FMfc9+hmZOfUZXgOBsdPsu6Jqnafprm3Ww5ULvfS+pLg5Je5IkeaiI2Azf0ukEcRy/YnJy8vxDUiFu2pNAmqaPEJGnFkVxYhRFD6ssBd7s/ar6PhF5l/f+oz0VXL7INoNHUXSJqi4ugYvIj1T1ruWvF5xzF0dR9NapqanPZln2dFX9QPm7Ge/97FruVX1ttSybsduyZctYPBSQpqkFuxb0Dvqy4G6/JZ5WVXuw55f9HJ/UscfsJjvTt9/Zz0E3kPI2pwDB2ebs96G2OssyWxpqn3f5Re/98UO94ToLn5ube0FRFG+pFFNYNvflkuCu83a8fZ0CSZK8QETsQZOuf3+JiM3AvMbOPazX69es53ZJkjxPRF5SLs9bUZYS5nfKgM2OEZsWkVvbbJflMxOR09aT5b86C2f38N6P9N/RNlvmnHudc+6o9fRDt/fadgTnXNzluDfbPmFHuVnfXxNF0fV5nn9zuadv0zT9W0uvU25taMVxfCSB2aB7i/LWKjDSf/DX2lhevzECs7OzJ0RR1E6i+VXv/QM35s793yXLsreoqn3ot8/tvMh7/5z+S+SdwxDoTAZa3uM6Efmkc+4zzrlPDSM1ShkQvqASpNkBsO2/P3/pnLuN1SWO4yPW+8GepunS4bL9BGdnn332E7ds2bKgqjZ7vXgVRXFn+6cdE9XRL0fnef6DnTt3XjHI/kqS5HFxHM/Yvr9K8GTt+rKqHlbu77M9foO+qv3SWbYlvb6wOos6Pz8/k+f5rjLY7utBjkE3gPIQWByPMCAwaIH5+Xnb//NfZbn/672/46DvMYzyqkux9jkrIr5er2fDuBdlrk2gy5mGtk/J9jRecuONN17WbDZ/sbYS+3t1lmUvU9VznHOWNNZmyq5TVctLtnip6uMbjca6jl/qJzhL09T22rV/7tNH62xJcJ+I2NPV+9dzJm2apq9Q1fMqJyPYTPTORqMxsGXNLomnH+ucO7xbu6tP35a//5Zz7iMicqKqPqzsxxujKLrHegPrPtx5CwJdBQjOGBgDF+g8EaCfb/8Dr1QPBVaTTpYfLJrn+Rki0jW9hojcrXzUvnr6Qfc/aCK21HtVo9H4jx6qwksqAiGeaZgkSUNEzrYgvktnvcp7vzgb089lwZmNP5txWunPTrnB/tmq+gfOufuu9V6VGa3Fcz473v+GVquVreVM2t27dz8hjmP7MvPgdlki8sEoirZPTk4uPjAxzMv+3pmYmDji4MGDR0dRZAfMP7Kc6Vxqm6r+UkQWZzkrF3vMhtkxlN2XAMFZX2y8aTWBfr79r1bmIH8/NzdnqTRuVRTF7Z1zR6rqkSJiPw9obwIf5P0qZdkSmB39cpmqfiGKoi/V63X7f1xdBEI+09Dy+BVFcbaq/kWXqtvMsQVpH15rx1b/7HRLhFs+ZWxLrH0/FWp1WiHFyNLngqr+o4i8zXu/b6V22GyZc+68asDjnHtmP+1fq9dqr7fN/qr6XBGxP/M3u3o5wWG18vk9AsMQIDgbhiplupCCsyRJ7Jv8w6MoeqiqWt41++n8S3rxw2q5D60BdKkVbsdYTXSUZScW2Aef7cWxTcvvGcC9Rr6I2dnZJ8dxbNn271k2JtgzDatj3epaXeq01BrOufPXskzYpbzL8zz/mC27ichTVLV6ukV7zH7fEj2r6qWNRuNfeh0As7Ozx9rynnPOnnp9ZuWp16Uzacs/ExfkeT7XOZOWpqm914Ky6myZtdeCtaCu8kGlv3LO/X3ZplN7PcEhqIZQmU0hQHC2Kbp54xt5KIMzm1lwzp1UFIUt9TzKOXeH9jLRkCVsA7Z9qLV/bMnrTiJy9/JJsKXbi8jBoihutCf9Our0fdvU7pz7ooh8rl6v//eQ6xxc8c1m85jDDz+8et5p0GcadgRTi08Q2h78cmaqnSPtsb0GApW9j9Y3N6iqJcLt1k+Wu+0NltZjtZmtXju580zaLvu13umc+0/n3HGqepKIHFMp2wLoU3ptZ6914nUIbEYBgrPN2Osb0OZDEZzt2rXr7rVazTKqn7VaE1XV9tl81zl3taX9EJEfVv55goi8qpwFGUiuqT179hyb5/kJqmpJRS21yHHVOpYfgvbBfrOccLbfTVUvj6Lo6qIovhzCMtFqtv3+fs+ePae1Wq3IDqNvB7OjcKZhR3Bmm+ptLC0udVaCGzvP9cne+/ZTzCsydSTCXXqtqi6IyHtF5JJ6vW5HDA3lsiBNVe1c0fYm+86ZtKUkv2U7g5wtGwoOhSKwAQIEZxuAvBlvsZHB2a5du46v1Wovds7ZkkW3y/Z0XSEiVxRF8dVarfbVycnJry3XL7bUE0XRVe3fD+OBBgvWWq2WbVp+vHPujzuDMufcARE5TFU7N2ovJd2M4/hnqvr1tSyZhTgWy6C67px7abt+FtQ4555Qr9dtFjHoK8uyX6nqraqnTDjnvuCce3eZiPla55ztbbQnSl/svd/bS4PKB1Rsz5oFSF9Q1Q/ZKQcbmX+vOpO2zLmkB1X1icyW9dKjvAaB3gUIznq34pVrEBhmcJZlmR1g/hBLFGvLl8656tKK7R2zWbEPFUXxWVX9zMzMjC3DrOkaZv27VWRubu7RRVE82vb+OOfsn3a6Que1+FRdZ9JNEfn7er1uTw6O1FUGH2e0g+qOpWdLd3CW9/7joTeq2ykTIvLyKIrem+e57Tl7uB39JCK/ZfvwJyYm7rh9+3YL2EbmKmfSFhM1q+r7ezkGa2QaR0URCFCA4CzAThmHKg0ruJmfnz8rz/Nzyw+JzqUVy9G0u16vv2O9hsOqfy/1ajab27Zu3WppAB5hy6AiYmdFrvZnte+nA3up06BfU2be/4du5bYPorfZs1ardZeZmZnF8xdDvrqcMqFxHNsS+948zz/XTnVhy9T1ev0WG/pDbht1QwCBjRdY7S/8ja8RdxwLgUpwc633/g7rbVSSJKdGUbS7KIqHdG6Ots31zrkXDiIoa9fzUAZn3ay6JN202cPF/Wki8utyWc3+3TbSX6GqX1NVy3h+bVEU1w7joOh++7QzPUaZ+NTywB3WLrO9V0tVL2g0Gi/v914b+b4up0zY7e3BDjv70x4SaHnvF5PXciGAAAIrCRCcMT6GItAObgaxX6vZbB5++OGHH7CKlvteclW1o1j2qeq+6enprw+6EUmSLCYCtWthYWFrs9m0w66DulZJhLpcXW92UPTExMTPd+zYsSFLh2XS1Ne302NUg+qOTfXW11vbe5yiKHrU1NTU54PCX6YyHU9aLrajHLfX1Wq13yUD/Sj0InVE4NALEJwd+j6gBqsIpGlqM2PtWaINeSqsEiz8yHt/ZKidlGVZqzNNxwp1zUWk20HRlq7jEhG5aFipO6oBdlm/m6XH6AjOnuqcs83v7XMSP+O9t+N5RuLq8qQlGehHoueoJALhCBCchdMX1KSLgC3niUj76Jd93nt7AGCoV5qmb7Zl0nLG42GNRsMy+gd3pWm6v5L809KC2F4mS0WxeHh7dblzhcoX9p7y9zdZGouiKOwp0Mump6cHlqohyzLLgbW4pNctPUbnMnKWZReV6ShuKB+OeI33/tXBdcIyFSofdvio/TqO46OYMRuVnqOeCIQhQHAWRj9Qi2UEsix7uqp+oPz1jPd+dphYdiRPnuf2YIEFNxfX6/VnDPN+/ZadZdl7VPVPywDy5Y1G44Lq2aBluUUcx3exwKDLnjVL4bF0WoGq3hRFkc2qVc+KtOXOS+M4/tRKqUdWa4Mdn2MHTZevm/Xez3S+pxqctVqtex122GFRnuffrpxdaUld79hoNCxfGBcCCCAw1gIEZ2PdvaPfuCzLdqnqjO3/EpHTpqamPjHMVqVpamk3HmSZ2bdt23b7M88888Zh3q+fspMkOVlELrP32mb6gwcPPrZ9rE6SJFeJyLFlud/z3h+93D3KI5Ls3EE7UcEOcW9fNu1mM2pLS6Cq+sUoiq4siuKTjUbjkrXUO0mSS+2JUzu+amJi4rbbt29f3D9YvTqWNS/13p9a7qmbrSRybXjv07Xcm9cigAACoyhAcDaKvbaJ6pym6SfLRK22PHTEMJeHkiR5i4jYgdJ2TXrv94RInWWZHemzuNG8cl0oIo9W1aPK/3fQe995jueyzUnT9BQRsVlKyztWfaLQEvjepuON9jDGhd77xWW7la7yPMMf2mvsEO1Go9E1UXC3RK42w5amqQVy7Sz1P1tYWLhbs9m8abX78nsEEEBglAUIzka59zZB3dM0tSONFvdEicgf1uv1Kwbd7GazWdu6deubVfX5ZdnXe+9vN+j7DKq8juDsZsfqlPdY11mUWZb9iao+rUyIu5STq8s5i5Yo9uNRFH1gamrqX7u1L8uyV6tq0568jKLohHq9bpnzb3F1S+SqqlPl2aN2UHX7Cc6k0WhMD8qSchBAAIEQBQjOQuwV6rQkUA3OhjGbZfuhVPWcygHOa5pxOlRd1XlAdbsegz6LMk3T3ytn1HZWj5hS1V+KyNKMWhRFZ01NTb2u06M687VaWpUuiVy78RYLCwu3aTab9qAAFwIIIDCWAgRnY9mt49OoJEn2isifly36lPf+5EG0bs+ePSe2Wi0LOCyZa/u6XFWfMUqbzssg7Q3WADv+aZhPlpaB7HNF5FltsOpsmohc3mq1zpqZmflK+/drTebbTuTarY/Le/3Ae99euh3EUKAMBBBAIDgBgrPguoQKVQWSJHmRiLypnZBURH6qqleq6n5V/aaI/LjRaNi+tJ6u8pBtO1bnrMob7AnAV3nvF4McrpUFyn1ktnfMlhvbWf3bKS8sN9mfee9tX5pba3Bm76nsP+usyAHvfbczR+kyBBBAYKwECM7GqjvHrzGzs7PHRlF0VXnYdxFFUbeDvy9T1U/HcXz55OTkF7sp7Nq16/harfbi9iHb9poy4Ht3nufbZ2Zmfjx+esNvUTXhqp2JWRRFXJ6sUPfez/UTnA2/1twBAQQQCFuA4Czs/qF2zrkkSRYfCug8U7PEsdMDlp4utDMloyh6f57n18VxbIGcpZWwxLXHVDEtQWue56dMT0+PxLFAIQ8Ey68WRdElqmoPUfzUOXdrSxwrIm9T1b9p1321PWcht5G6IYAAAhspQHC2kdrcq2+BHpKo3iAit1jyKmfcFu9b5kqzBLO7B3lIet+NGrM3tp/MLJt1i6dIa7XacTt27Bj4OahjxkhzEEAAAUdwxiAYWYH5+fkH5nlus2KnlT8rteWgiLyQoGy43Z0kybNF5Bzn3F2dc50B2nO89xcNtwaUjgACCIy+AMHZ6PchLfjN0ufDoyh6lqo+rjxv8qCqXuyc26eq+6anp5mx2aCRsnv37gfGcbzXOXdcxy3P9d7bwxhcCCCAAAIrCBCcMTwQQGDgAnv27Dm21Wp9yZaa20/aquo3vPf3H/jNKBABBBAYMwGCszHrUJqDQCgCXQ5i11qtducdO3b8PJQ6Ug8EEEAgRAGCsxB7hTohMCYCaZq+0TlnKUzsutp7f88xaRrNQAABBIYmQHA2NFoKRgABE0jT1NKdOO999UB1cBBAAAEElhEgOGNoIIAAAggggAACAQkQnAXUGVQFAQQQQAABBBAgOGMMIIAAAggggAACAQkQnAXUGVQFAQQQQAABBBAgOGMMIIAAAggggAACAQkQnAXUGVQFAQQQQAABBBAgOGMMIIAAAggggAACAQkQnAXUGVQFAQQQQAABBBAgOGMMIIAAAggggAACAQkQnAXUGVQFAQQQQAABBBAgOGMMIIAAAggggAACAQkQnAXUGVQFAQQQQAABBBAgOGMMIIAAAggggAACAQkQnAXUGVQFAQQQQAABBBAgOGMMIIAAAggggAACAQkQnAXUGVQFAQQQQAABBBAgOGMMIIAAAggggAACAQmMZHC2d+/eM5xzbw/IkaoggAACCCCAQHgCzzv99NPfEV61Vq4Rwdmo9Rj1RQABBBBAAIFeBQjOepXidQgggAACCCCAAALdBUZy5ozORAABBBBAAAEExlWA4Gxce5Z2IYAAAggggMBIChCcjWS3UWkEEEAAAQQQGFcBgrNx7VnahQACCCCAAAIjKUBwNpLdRqURQAABBBBAYFwFCM7GtWdpFwIIIIAAAgiMpADB2Uh2G5VGAAEEEEAAgXEVIDgb156lXQgggAACCCAwkgIEZyPZbVQaAQQQQAABBMZVgOBsXHuWdiGAAAIIIIDASAoQnI1kt1FpBBBAAAEEEBhXAYKzce1Z2oUAAggggAACIylAcDaS3UalEUAAAQQQQGBcBQjOxrVnaRcCCCCAAAIIjKQAwdlIdhuVRgABBBBAAIFxFSA4G9eepV0IIIAAAgggMJICBGcj2W1UGgEEEEAAAQTGVYDgbFx7lnYhgAACCCCAwEgKEJyNZLdRaQQQQAABBBAYVwGCs3HtWdqFAAIIIIAAAiMpQHA2kt1GpRFAAAEEEEBgXAUIzsa1Z2kXAggggAACCIykAMHZSHYblUYAAQQQQACBcRUgOBvXnqVdCCCAAAIIIDCSAgRnI9ltVBoBBBBAAAEExlWA4Gxce5Z2IYAAAggggMBIChCcjWS3UWkEEEAAAQQQGFcBgrNx7VnahQACCCCAAAIjKUBwNpLdRqURQAABBBBAYFwF/h9hlN0i6fot/gAAAABJRU5ErkJggg=='),
(23,2,1,9,0,4,'2020-07-01 00:16:57','2020-07-01 00:16:57',NULL,NULL,NULL,NULL,NULL,'2020-07-01 00:16:57',NULL,1,'data:image/png;base64,iVBORw0KGgoAAAANSUhEUgAAAeEAAAB4CAYAAADFVEoxAAAFQ0lEQVR4Xu3X0U3kUBBFwXFQkIsjdC4QlImhpR4dDyr+/S7UtnS0x8sPAQIECBAgkAgcyapRAgQIECBA4CXCjoAAAQIECEQCIhzBmyVAgAABAiLsBggQIECAQCQgwhG8WQIECBAgIMJugAABAgQIRAIiHMGbJUCAAAECIuwGCBAgQIBAJCDCEbxZAgQIECAgwm6AAAECBAhEAiIcwZslQIAAAQIi7AYIECBAgEAkIMIRvFkCBAgQICDCboAAAQIECEQCIhzBmyVAgAABAiLsBggQIECAQCQgwhG8WQIECBAgIMJugAABAgQIRAIiHMGbJUCAAAECIuwGCBAgQIBAJCDCEbxZAgQIECAgwm6AAAECBAhEAiIcwZslQIAAAQIi7AYIECBAgEAkIMIRvFkCBAgQICDCboAAAQIECEQCIhzBmyVAgAABAiLsBggQIECAQCQgwhG8WQIECBAgIMJugAABAgQIRAIiHMGbJUCAAAECIuwGCBAgQIBAJCDCEbxZAgQIECAgwm6AAAECBAhEAiIcwZslQIAAAQIi7AYIECBAgEAkIMIRvFkCBAgQICDCboAAAQIECEQCIhzBmyVAgAABAiLsBggQIECAQCQgwhG8WQIECBAgIMJugAABAgQIRAIiHMGbJUCAAAECIuwGCBAgQIBAJCDCEbxZAgQIECAgwm6AAAECBAhEAiIcwZslQIAAAQIi7AYIECBAgEAkIMIRvFkCBAgQICDCboAAAQIECEQCIhzBmyVAgAABAiLsBggQIECAQCQgwhG8WQIECBAgIMJugAABAgQIRAIiHMGbJUCAAAECIuwGCBAgQIBAJCDCEbxZAgQIECAgwm6AAAECBAhEAiIcwZslQIAAAQIi7AYIECBAgEAkIMIRvFkCBAgQICDCboAAAQIECEQCIhzBmyVAgAABAiLsBggQIECAQCQgwhG8WQIECBAgIMJugAABAgQIRAIiHMGbJUCAAAECIuwGCBAgQIBAJCDCEbxZAgQIECAgwm6AAAECBAhEAiIcwZslQIAAAQIi7AYIECBAgEAkIMIRvFkCBAgQICDCboAAAQIECEQCIhzBmyVAgAABAiLsBggQIECAQCQgwhG8WQIECBAgIMJugAABAgQIRAIiHMGbJUCAAAECIuwGCBAgQIBAJCDCEbxZAgQIECAgwm6AAAECBAhEAiIcwZslQIAAAQIi7AYIECBAgEAkIMIRvFkCBAgQICDCboAAAQIECEQCIhzBmyVAgAABAiLsBggQIECAQCQgwhG8WQIECBAgIMJugAABAgQIRAIiHMGbJUCAAAECIuwGCBAgQIBAJCDCEbxZAgQIECAgwm6AAAECBAhEAo+K8HVdP/d9f0UWZgkQIEDgnwscx/F7nuf3U/5MEX7Kv4TfgwABAgTeLiDCbyc2QIAAAQIEPkPgUf8T/gwyvyUBAgQIENgREOEdR68QIECAAIGxgAiPyXxAgAABAgR2BER4x9ErBAgQIEBgLCDCYzIfECBAgACBHQER3nH0CgECBAgQGAuI8JjMBwQIECBAYEdAhHccvUKAAAECBMYCIjwm8wEBAgQIENgREOEdR68QIECAAIGxgAiPyXxAgAABAgR2BER4x9ErBAgQIEBgLCDCYzIfECBAgACBHQER3nH0CgECBAgQGAuI8JjMBwQIECBAYEdAhHccvUKAAAECBMYCIjwm8wEBAgQIENgREOEdR68QIECAAIGxgAiPyXxAgAABAgR2BER4x9ErBAgQIEBgLCDCYzIfECBAgACBHQER3nH0CgECBAgQGAv8AbmzEHntY4QMAAAAAElFTkSuQmCC','data:image/png;base64,iVBORw0KGgoAAAANSUhEUgAAAMEAAAAwCAYAAACojB4gAAAGzElEQVR4Xu1bXWgcVRQ+52az2f5oRbFSbCX412ILomJ/RGh9sFhEQcGHgK34ZF/EEurOuU3BEcLOnWBaKhWJqKD2RxDpg6L4A/48iFRoH0QFH1rRByuWFumPm2yyR+46E9dkN5lOZnazmTOwZLNz7nfO+e757sydewdBDmEg4wxgxvOX9IUBEBFIEWSeARFB5ktACBARSA1kngERQQeWgOu613R3d/f29PSsqFQqZ7TWJ9uZhud5TwDAuNb6WDvjiOtbRBCXuRa2Gx4e3jg6Orq+q6trLTNvZeZepRQwMyDihOM4uRaGM82VMYbtj/l8fnF/f//f7Ywljm8RQRzWWtimVCrdrpT6CQBUM7eIuMFxnOMtDGvSVSgAALhEREvbEcNcfYoI5spgyu2NMeMA0IWItZEfAL4EgN7gE3p/noheSjmURleAhwHgw+DETiIaaXUMSfgTESTBYkoYxphPAeBBC8/Mh7u7u0u7d+/+0f7ved4RROwLXH9GRFtTCqMprOd5nyCi9VvJ5/PLOvFWyCYnImh15UT053neQ4j4cWB+gIh21Tf1PG8nIr4azAs4n88vaWUR+r6/kpl/CwT6jtZ6R8TU5p2ZiGDedcm/ARljLgHAYvudiKb1U6lUukMp9UMggoY2aabm+/4LzOxaH0qpLcVi8as0/aWJLSJIk90I2J7nPQYAOa31e/XmdRPOpgXueV5tkmDnC42EEsF9bBNjTMXGjYgXHMe5OjbQPGgoImhjJ+zbt2/R2NjYZRtCuVzucV13LAwnigii2KSRnjFmQUyIQ25EBGlUSUTM+iIGAE1EphNEsFAmxCKCiIWaptkUEfxZLpdXhleDKKN8FJuk419IE2IRQdLVEQPP9/2nmflNu9AEAEuYeb/Wuj+YGNfu9wHgEBFtbwTfDhEYY/YDQPikajMRfR0j9RmbGGMeYebC1HlS0n5EBGkxeoW4vu9/DwDrgoUwLpfLS13XvWyMqa0AE9H6ZpBtEsFEsHp9joiuu8J0p5kPDQ1tRsQ7x8fHlyPi3QBgPzdYw1Ztw5A5wVx7cY7t664GNaRcLrc2XBCbDTpNEQwODm7s6upaBQCnJkdMxMMAsFopxZVK5caBgYHfZ4tx6nnP87YAwAZEvAUA7PfbrE3dinjY5DwRXXul+HHsRQRxWEu4Tfi4MYDdTkSHorhISgTGmPuZeRMArEHENfYvAEQpQCuQU9Vq9Swzn1NK/QoAn9fFfhMA2KtFrx3lEfEeZl5uzwdXvpqpFcDUo5WPfEUEUaotZRtjzEcAsC1ws5+IavOC2Y4kRDAyMrL4/Pnzdk7SaDSeLYSG56eO6g1G+cl2zFxFRLv94gQAnKhWqye01r/EchyzkYggJnFJNvN9f5CZB4IR8bjjOBui4CchAt/3x5i5O4q/hGyqzGwX2noQ8TQR3ZwQbmwYEUFs6pJr6Pv+48z8foiolNpVLBYPzOahTgSXiWjJbPaNzteLYKYRuxl2uG0jgu9vmPkNZv423O6hlHrNcZxnIrRN1UREkCq90cA9z7P3zKcRkZm51ieI+EW1Wi1prevvsScBXdfNFwqF0eCHk0Rkn6okevi+fwQA+myhM/OzWuuDzRyUSqVNiLgREe2u1/DWzuYxmVPQ9g/79MdiKqWedBzHTrbbeogI2kr/f86nTI7tVora5jlmPjgxMTG0d+/e2o7N8BgcHFyVy+XsRNQe7xJRuK06kYx83x9m5trcRCn1QbFYfDQqsOd5tyLiNkS0GJO3Wsx8AQCuCifC1Wp19Z49e36OipuWnYggLWZj4BpjPLs0EFwJ/jeCMvPrzHwMEe1IasVhd5G+HbgxRKRjuJzWJCjgtwDgvuDkRSK6Ki623WfEzE8hon0POXwl1H49S0TXx8VNsp2IIEk2E8Cyz9GD9wgKAdxfALBsJmhmfkBrbd84m9Phum6hUChctG+yBUBjRNQzJ9CgcbDdYgczv2h/0lq3cjI+YwoigiR6OAUMu4gGAP3MvG4meEQ84zjOiiRCMMbYx5R3BVeilx3HeS4J3PmOISKY5z0UrCi/AgCLpoaKiJccx0ns5fZABPaWpT+JK8s8p3YyPBFBp/SUxJkaAyKC1KgV4E5hQETQKT0lcabGgIggNWoFuFMYEBF0Sk9JnKkxICJIjVoB7hQGRASd0lMSZ2oMiAhSo1aAO4WB2CI4evTocWa+t1MSlTgXNgOI+F1fX1/T97Fnyl5EsLBrIzPZtUUEmWFXEl3wDMS+Eix4ZiTBzDAgIshMV0uizRgQEUhtZJ4BEUHmS0AIEBFIDWSeARFB5ktACBARSA1kngERQeZLQAj4B9KSdk988VqgAAAAAElFTkSuQmCC'),
(24,1,1,7,0,2,'2020-07-01 00:20:10','2020-07-01 00:20:10',NULL,NULL,NULL,NULL,'2020-07-01 00:20:09',NULL,NULL,1,'data:image/png;base64,iVBORw0KGgoAAAANSUhEUgAAAQMAAABBCAYAAADVNsEYAAAJ+klEQVR4Xu2de4xcVR3Hf79zZ1stFI2Ftgi0+ChoFY2a+DaWaIzExx/GZyNGTaS+SNTuzD13W+NodvfeOzWtNhXERIwG6yNBE9H4ihFrNKK2fyjFACJWbKUUsBKWbJeZ8zO/8Q7cXaY7M/cx3R2/N5nMdvec3++czzn3e37ncW+ZcIEACIAAETEogAAIgIASgBigH4AACLQJQAzQEUAABCAGw+oDU1NTV6ivHTt2/HhYPuEHBAYlgMhgUGIZ0kdRJJrNWgveGfghy3AIoHOWzLkjBBCDkkHDfG4CEIPcCBc3ADEoGTDMF0YAYlAYyu6GIAYlA4b5wghADApDCTEoGSXMl0wAYlAyYI0MmJlEBAuIJbOG+XwEIAb5+PXMjWlCT0RIsEQIQAxKboiUGDxorV1TsjsKw/AdRNQMguD7ZfuC/dEiADEosT2jKHofEX1dXTBz3ff9z5borm26Iz6e551drVZnyvYH+6NDAGJQYltGUXQnET2biO6dnZ3dWK/X50p0p1FB+3ATM89aa59cpi/YHj0CEIOS2jSO40+LyOfUvIh8JAiCL5fkqm12enp6szHmsC5UGmO+4vv+tjL9wfboEYAYlNCme/fuPWdmZuYeZj5HRG4NguCyEtzMMxmG4YeZ+dpEDN7r+/43i/Q5OTn5cs/zLiKiv6Xsbmg2mzOtVuv39Xr9ZJH+YGv4BCAGJTCP4/gzIlJPTF9prb2hBDfzTEZR9B0iemfyy43W2n9k9dloNN7AzM9pNptrmfnFRKSfdT3sHSOig8x80Dn3LyIyzPyg53k/wtpF1pYYbj6IQQm8oyhqJTfDKd/3n1SCiyeYjKLoFBGt0D/keSBq9+7dT5ubm3tA7XTOR5yu/BqFMHMrSectUs+/E9EdzHxcRI47546KyMlKpfKQ7/vf03xTU1OXM/MGZj6y0I6InGuMOSUiKjjtyzm3Vr+NMfelIxUR8Zj5/sWYM/OFzjmNZG6ZmJg4MYz2WQ4+IAYFt1IYhhcz892J2RuttW8v2EVXc0WdZ4jjeE5Exgoqs9P7tZuwpITmUWZ2IrKyIJ+DmtEdl9uI6DAz36GLvSKyolKpHBofH//DoMaWc3qIQcGtF8fx20TkxsTsDmvtdMEuhiUGOuJ7WhcRGQ+CQEf3eZdGEbOzs5t0RCeiC4noEmZ+ATO/TEfodOJuUUavyKNMbszcdM5pZFPp4UfrrR+Nlu5Pog6NUDQK+7Pv+78os5zDtA0xKJh2HMeTIrJDOzozX1Gr1X5SsItFxUD9+r6fuV3DMHwJM/8xPZobYz5eq9W+1G89Go3Gplar9TpjzBbn3CuZWRce20eyO5eWc6lezKwF1WjlCVOfLgJ2OxEdEJG7KpXKLdVq9ealWq9e5Vq6LdKr5Ev079PT0weMMa/R4o2NjW3Yvn37PcMoanqa4Hneumq1mp5LD1SERqNxlXPuunSmfm3u2rXrrFar9fBiN7+IOGb+FREdYeYxEXluskh5unLqdEPXYbpOX7rcoCdF5Le61eqcu01D/mq1+qeO8Xq9/tSxsbGLPc+7wBizzjm3noiexcyXEtFL+5kmqWAk4jbvHmLm+0TkoIgcEpHbPc+bMcb8dDksokIMBrpNeieO41hHFO0pJ4IgaC9yDeNKiwER3WCtvTKP3ziOrxORq5Kb+qEgCJ7Sj70wDP/JzBcsSNsSke8mI+iBiYkJnaPPu+r1+qqVK1deqjekfkTkFUT0eiJabGFyno3k5lSh0Z2MeZEIER1n5p+1Wq1DzDxXqVROMvNvVq9efWzbtm2Ppg3pug8R6ad9GWM2O+eex8ybiUijnGcufH9ospja9p2OgDR/UpbDRPQ759ytCxdP++E6jDQQgwIpR1F0iIhepKOG53lrx8fHF13VLtC1HkPWhbBVyQiqK+o13/d3ZfXROcSUdOa+DzGpGCQ+Dyx28/dbrqmpqXUrVqzQ0XudiKxh5nOJaI3uJhhjzhOR85Ib9BmdxcoFtvXUZ5OZVy28SVPpdEfhGDMf1e9k10K/mZk1yrh3YXlFZCMzX05E6vfVye5Rt2rplKPrfSYiM8x8p4gcMcYcbzabD+iuiXNOt2T/nTYmIn8JguBgv9yypIMYZKHWJU+j0fi2c+5dyUh6dRAE+woy3ZeZMAy3MPMvO4mTee+HfN//al8GFiQq+xBTljL1yrNnz57zZ2dnn05ElzHza4loS3qET+dPdjCane3YXrb7/XuJi6LOWtt3lNRveecxyZIJeeYTiKLoLUT0g+S3N1lr33omGEVRFOoxA12rS41GX7DWfnLQ8oRh+ENmfpPmM8ZcUqvV9DmLZXdpZGGMeaHuchDRq4jozUTUawdhKdbzbmutTk9KuxAZFIA2iiIdYVS1H7HWnlWAycwmUtOF9KGhg8aYnYPsbERRpIt22j9OWGuHtvaRueIDZGw0Gutbrdb5zLxeP0S0XkTa/+78nIT/pYzEGaKHGWvt2QNUMVNSiEEmbI9niqJIQ3MNR3XBalMQBH/NaTJ39vTiHxH9h4jai38isq/VajV27ty56A6Hrn2ISHvto1KpDHXtI3flYSAzAYhBZnTtdwe8m4i+pSaYeZ/v+1fnMFdo1vT2YLINlm7rbzjnrp+YmNDtvXlXo9HY75x7TyIeQ1/7KBQCjA1EAGIwEK75iVPTg4ettatzmColqx4gMsb8WkQ67zZ4LEpQh8aYT9RqtS/qz5OTkxdVKpXPdx52MsbcVKvVzsjaRykwYLQnAYhBT0TdEyzF6cHpqhLH8QeI6FMi8vwkitEDM522/7mIHGXm96fyL0lxy9hUyNYnAYhBn6DSycIwfCMzt//fRGa+xvf9j2UwM/QsKgoicg0RdZ6kfCQ5m/BYWZh5aE9aDh0AHC5KAGKQoYOEYagn1ip6ks1ae6aetstQ8v9lSW1BpkXgLn2S2Pf9r2U2jIzLmgDEYMDmG5XXiyWHlDrRzUchAgN2hBFMDjEYsFGX48m8AauI5P+nBCAGAzZ8ka8XG9A1koNAqQQgBgPi7TyVJyI3B0GgD6rgAoGRIAAxGLAZO0/lBUGgb/bBBQIjQwBiMDJNiYqAQD4CEIN8/JAbBEaGAMRgZJoSFQGBfAQgBvn4ITcIjAwBiMHINCUqAgL5CEAM8vFDbhAYGQIQg5FpSlQEBPIRgBjk44fcIDAyBCAGI9OUqAgI5CMAMcjHD7lBYGQIQAxGpilRERDIRwBikI8fcoPAyBAoTAz279+v79m7fmTIoCIgsDwIfHDr1q2FvJ0KYrA8GhylBIHTEVh6YoC2AgEQWN4ECosMljcGlB4EQABigD4AAiDQJgAxQEcAARCAGKAPgAAIPE4AkQF6AwiAACID9AEQAAFEBugDIAACCwhgmoAuAQIggGkC+gAIgACmCegDIAACmCagD4AACHQj8F89jYlvMzG6kAAAAABJRU5ErkJggg==','data:image/png;base64,iVBORw0KGgoAAAANSUhEUgAAAQMAAABBCAYAAADVNsEYAAAI4UlEQVR4Xu2df4wdVRXHz7lvu2gRdasFiYoCRqASBURaYkSNQmyNJCrGuPpP+cMlRku02zd33u4fm9idufO6tvFHIokJJhJXE0GNYMKPqA3RxIiuEq1CkEjwVyEqooV2u+/dY+52Hk6XbdmdN/Pmvve+k7x00zf3nHM/Z+b77szce4YJGwiAAAgQEYMCCIAACDgCEAMcByAAAssEIAY4EEAABCAGOAZAAAT+TwAjAxwNIAACGBngGAABEMDIAMcACIDACgK4TMAhAQIggMsEHAMgAAK4TMAxUBGBubm5G9rtNllr/7EyBBF5pVJqUUT+lvnuPKXUv4Mg+EkvQ56bm9tirV2q1+uP9NJvlb5wmVAl/SHwHUXR1lqt9j4Rudp9mPmlObotWmuVo13uJsaY/xDRWWNjY2dOTEw8m9tQHzWEGPRRsvol1GazuYOIdlhrrySirXnjFpET17LM7rM1CIJf5LW1nnbGGDdqeQUz/ykIggvW07af94UY9HP2PIw9SZJPichXipjd6sTACUG67dFaz5Xd5TiOX+9EIPVzh9b6hrJ9+mIfYuBLJvo8jiRJrhWRhIguz3aFmR8RkZ8S0QMi8sswDB9Ya1fjOJ5n5o+l+/9Ya/2etbbNu1+SJB8SkTvS9lNa6yivrX5rBzHot4x5GG8URTuVUrd2QmPmtoh8kZnv6ubGXxzHNxHRVzujAxHZFIbhU2UiSJJkr4hMpZcm2+v1+t1l+vPJNsTAp2z0YSzGmG8S0XhGCL4UBMHNRXQliqItSqlDqa3DWutzi7B7OhvGmPuI6L1un1qtds6ePXueLNunL/YhBr5kos/iaDab7gnBLSLyujT0JRG5LgzDg0V1xRhzCxFNOHsicmUYhr8qyvap7BhjFoloVESWwjAcLdufT/YhBj5low9i2bt372trtVqdmT+dCfdOrfX1RYa/b9++89vt9qMnHibwd4Mg+HCR9lezFcfxG9w9jvS7g1rrd5ft0yf7EAOfsuFxLFEU7VBKfTx7SeDCVUrtqtfrXy46dGPMb4joLUT07MaNGzft2rXL/WKXuhlj3k9EdzknzPyFIAgmS3XomXGIgWcJ8TGc/fv3v/j48eMnTbxh5kVr7dvLGLrHcbyfmT+bsujJI0XnyxjTIKLZVOTG6/X6t3zMR1kxQQzKIjtAdo0xJ2b/nPjFdEP32SAIvl5GF5MkiUQkTG0/rbV+eRl+VrOZJMm3ReSj6XeXaa0f7JVvH/xADHzIgucxdMSAmW8sSwRmZ2cvHRkZ+ZqIbEtxtLTWG3qJxhjzayK6zPkcGRnZPDk5+bz1E72Mp9e+IAa9Jg5/zyMQRdGkUurzRPSi9MtDrVZr+/T09J97icsY03JPFJ1PrfXQnRtD1+FeHlzwdXoCSZJcJCK3EdHbOnu6x5WLi4s3z8zMHO81v+zlEMSg1/Thb2gJGGM+wczfEJHOD9IhEflcGIb3VgUFYlAVefgdWgKrzFp0NySnqwYCMag6A/A/NARWmbV41Fp7baPR+JkPECAGPmQBMQw0ATeZR0R2MnN2FmHhsxa7hQgx6JYg2oPAKgSSJLlKRNwCpg8Q0UkFQsqatdhtIiAG3RJEexAgIlfPgIiuEJELieidRPTGlWDKnLVYRBKyYjA2NjY6MTGxVITdfrGBR4v9kqkK4zxw4MC5x44d28bMZ4jI4WwozLxNRHYw8zvc/3dKlbm/M3UIDjLzPdbavyulHtVau2In3m1ZMWi1Wq+Znp7+q3dBlhgQxKBEuP1m2v26t9vtq5VSZxLRRUR0cfpv0V15gogWRMR9Hq7Vas8cPXr03pmZmSNFO1qPPWOME7pzXJt2u3351NSUWyw1NBvEYGhSfXJHjTHbmflCa+2rmPkKN8TvnAhlInFVkNwsv+wIIuPvj0T0OyJ6SET+RUSPhWH4nTLjydqO4/hBZn5zOsK5aj0l2noVY5l+IAZl0vXUdhRFFyul/tAZyp/ixOxZ9CJimXm5FPqKIqidGFxRk8dF5Aml1GFrrRu+PxWGYadWYSGxZpZN04YNG87bvXt3T6dDF9KJLoxADLqA169NkySxmZl/2W641YkPE9HTRHSEmV+WPgnYtOJegKtqNONmEAZB8Je1cnCVh5VSy6MQEXH/uuIhnfUIq5kRF2emQvLKfX4uIj8Qke81Go2H1hrHqfbrcHEvcQnD8NXd2uu39hCDfstYl/EaYxZcBWNmdifaglLqn+12+7/M7N4TsEVEzj7ViKGM5ctJklxCRJeIiLs/sfx3WmH5dC9NcaJlO4uKUiQ/Si8x7tNa/3C9mLJcarXa2cO2YnE55+uFhv37l0Cz2Zy31i6XHmfmJ0934q/oZYuZP1nW8uXViEZRtHl0dHTz0tKSE6e3uo9S6k0icqkrsJRp4wqWnkFEbhTT2dzo5n4i+q2IuJHL450vrLXLYqeUeq7QKTO7+gnLE6JE5DNhGLr3PgzdBjEYkpSn7zV4bhFQ9m1FKxC4X9x7mNmNIBastQthGD7mEyZ385OIriOid3XqD6T3Gtxox11X5HoVGzN/PwiCD/rU117GAjHoJe0KfRlj3JLgk4qFpDfuvD7xXwhZHMdOED5CRDflFYHUxxGt9Vkv5G+Qv4cYDHJ2M31LxcANg293Q2gRub/RaPx+kLrv3rPAzNcQ0TXpOog1lTpn5meCIHjJILHI0xeIQR5qaAMCA0gAYjCASUWXQCAPAYhBHmpoAwIDSABiMIBJRZdAIA8BiEEeamgDAgNIAGIwgElFl0AgDwGIQR5qaAMCA0gAYjCASUWXQCAPAYhBHmpoAwIDSABiMIBJRZdAIA+BwsRgfn5+JxHdmicItAEBEMhN4Mbx8fFC3ogNMcidAzQEAS8I+CcGXmBBECAAArkJFDYyyB0BGoIACHhBAGLgRRoQBAhUTwBiUH0OEAEIeEEAYuBFGhAECFRPAGJQfQ4QAQh4QQBi4EUaEAQIVE8AYlB9DhABCHhBAGLgRRoQBAhUTwBiUH0OEAEIeEEAYuBFGhAECFRPAGJQfQ4QAQh4QeB/ACbXYIRWUXcAAAAASUVORK5CYII='),
(25,1,1,7,30,2,'2020-07-01 00:33:31','2020-07-01 00:33:31',NULL,NULL,NULL,NULL,NULL,'2020-07-01 00:33:31',NULL,1,'data:image/png;base64,iVBORw0KGgoAAAANSUhEUgAAAQMAAABBCAYAAADVNsEYAAAKN0lEQVR4Xu2df4xcVRXHz7kz2w5bfkRsCtGCIBLTRoNCEIiG0GiUQEmK4h/WqMX4IybaNNvdeffN7uIY7Nw7u6tuqhirCcRqmhhRhKLgjyLgjxA0jdZfQKohtjGGmhYh7Wx3Z94xZ3hvfR22u292dt67u3PeX92d++N7P+ftd+6797xbBLmEgBAQAgCAQkEICAEhwATEDOQ+EAJCoElAzEBuBCEgBMQM5B4QAkLg/wRkZiB3gxAQAjIzkHvAPQLW2luVUv3FYvH77qlb2YpkZrCy4+v86Ky1VyHizUR0BQDcCABvZtGrVq3qHxgYqKU9AGPMB7hP3/d/kHbfWfcnZpB1BHq4f2PMzYj4CCMgolkSiHhCa31h2mjK5XJ/oVA4yf1OTU2tKZfLp9LWkGV/YgYp0zfG3J7L5fJzTYONMe8NgqAxPDx8IGVZqXdnjLkJEX/Z2jGbgu/7mdyX1tpZR9JaZ6Ih9UDEOuy5AWcJu1wuFwqFQnPqq5Ta2mg0XgsAFyPi1QBwDQCsC/U9BwBPIOLfAeCg53k/z1L3UvfdYgR1IuL1gSeJ6MlSqfTXpe4vaXtiBklJSbmOCUQ3GyLOTovj/w47CNgrWjr7IQDcq7X+ccciMm7AGPN2RDwYPhr8w/d9Xitw4hIzcCIMvSEifrPFRzyHITQ/5ikzfxa7eMbwSD6fv39wcPDXy41a/JkcAI5qrS9xaQxiBi5FY4VrOctzch0A8kQ0PTMzc31fX9914ar6B/n3kRkQ0cuIeF6EiIi+1mg0xkZGRo4sB2yVSmULIj4QjudlrfX5rukWM3AtIitcj7XWAIBumRkcJ6LHtNZsALMX77kT0ccQcfb3iEhENDtdIKJvA8Be3/cfcxWdMeYTiPitUF9da93nolYxAxejssI1tTwu8ILiM1prXkSc86pWq+uJ6KOIeBcRrQ4L/RcALogqFAqFN+zYseOfrqEzxtyHiNtCXYHWOueaxkhPPC6ytehqlFaYrmq1+nkiKgNAtFh4i9a6ud++0FWtVu8EgAEieguXjc0Uvqu1/shC9dP6fNeuXW/L5/PfiemcQcRLi8Xiv9PS0G4/MjNol5iU75jA2NjYlUEQHAKAQtjYV7XW29tpmE2BiL4ettEAgBwias/zqu20Ey9rjHkNAHBG4PogCI6USqUnFtOWMWYUEUc4kTA0rKdqtdpt5XL5P4tpL606YgZpkZZ+ziBgjNmLiNE3+WGt9ZXtIppjQTIgorW+759I0tbExMSW6enpy3K53HVE9A4AeGNLPf7j/TMAHEDE3wRB8NJ87eZyuTc1Go27EHFjrNxeItrdUu+y8Ofnk+jspC4ibiCiWpL0YjGDRURDqnROgHPgEfF+ADiJiGsAoOx53hfabTlakIw9Lvhaa5uknbNtdSapu9zKJFkDEDNYblFdIXr37NnTd+LEiWdi38an8/n81YODg21n4FlreREyeuQ4NjU1tb5cLk/Ph8paewwA1q4QnAsN40WtNT8CzXuJGSxESD7vGoFKpbJDKfUVRGwQEa+y/0Up9ZlisfirdjoN1w/u5VkGAKxBxAVnGdZaLtvfTj/zlT1b4tRStd9JO0nfMxAz6ISy1O2YgLX2KAC8HhGPA8CFRDQDACNa67F2Gq9Wq3+KVu4BoB4EwetKpRJ/+3d8VSqVW5RSWwCAtwjPyBGYI0vyWX7PAAAOK6UOFYvFRzsWkFIDYgYpgZZuzk4gMgQA4G23i8OSB2ZmZuzo6OgvkrCLzQ6aacxKqRs8z3sqSd12ylSr1UeJ6H3xmUBoCJwMRYh4xnsVuVzu3UNDQ84mRMXHLmbQzp0gZbtGwFrLr/PeFO8gXBQstbEgyFuM0R/jp7TWUdZfx7p37959fq1W+z0RNXc9QjN4kB9tAMDjrc05tHOmJO9sbNZa/7ZjEV1uQMygy4Cl+eQErLWfA4DmNlxsHYF//CMAjGqt98/XmrWWX3V+T1im7dyFs7U9MTGxsdFoHArXNXjm8TsAKPq+/3hUp1KpbEREPqnoRkTk04I4x6D56AMALxHRNt/3H0hOI/2SYgbpM5ce5yFQqVTeqZTiV5WbqcZ86g8RNVfClVIPBwFn9Gr+Nn7VZYz5IiIOhx88rrXe1ClsPnAFEX/K7RARnz0wVCqVJudrd3x8fF2j0XgYAK4NZwbRSr7T5zSIGXR6t0j9rhAwxviIeHc4/eZkIjYGFR4Ptl8p9bN8Pv/gzp07Z99atNbeBgAPhYKOaa2jw1IWpdEY8yFE3Bea0ov1en3T8PDwH5I0FhkCEV0bPu68aj0BAO6p1+tVV968FDNIElkpkwmB8fHxy4MguJuIPhwJaNnC4zP6HlJKPRcEwdOrV68+ePr06X8h4gwR9QVBsG6xOwrW2gEA+FLY7/Na68vbhcCGUK/XjyBiMy05NoYz3rwEgMl6vf7lrE1BzKDdCEv51AmE3/jfA4BzYp1zanDrmQDPEtEliNjMHyCiTfHn+qTCrbX8fkMxLH9Sa31u0rpzlYuvJyil7mCjCsud8eZlViciR5rFDDqJstRNjcDExMTaer1+OyJuCYLgXYjYNIL5tvWCINhQKpU4yzHxZYzZhoj3hRW68spx65uXAMCmwOc5vD+x0C4UFDPoAlRpsrsEeJvv1KlTNyDi9UQ02rqtx70j4gue513UjhI+TAUR97+SLoCNWq12brlcnmqnjXbKRqbAdTzPe2s7dbtRVsygG1SlzVQJtGzr3cGd9/f3n7d9+/bTSYWwEQDAj/ioNc5gzOfzVy3mPYmk/blYjs0gWpNJmsLs4jgWq0mOSl8suRVUb3Jy8tKpqSk+lp2N4Hgul9swNDT0wgoaYqKhtJx0dE43Z0WJBKVcSMwgZeAudmetfTrMCehZI+C4xI6yP+p5nlMnN6dx34gZpEHZ8T5CM4BcLre5F2cEoRHMpoNzyrXv+4cdD9uSyxMzWHKk0uByI1CpVDYrpaJU73u01p9dbmNYCr1iBktBUdpY1gSstfzaOK+XnNJa86lTPXmJGfRk2GXQEQFr7ScB4Jv8s1Lq1mKx+JNepSNm0KuRl3E3CVhr+QyJixDxb57nxQ9y7TlCYgY9F3IZcGxW8GkA+IbMCl4hImYgfxs9SyA6Ko7/V2jP867pWRDhwMUMev0O6OHxsxnw8F1IhXYhDGIGLkRBNAgBBwiIGTgQBJEgBFwgIGbgQhREgxBwgICYgQNBEAlCwAUCYgYuREE0CAEHCIgZOBAEkSAEXCAgZuBCFESDEHCAgJiBA0EQCULABQJLZgb79u27EwD4fwKWSwgIgfQIfHzr1q3RAbYd9Spm0BE+qSwEMifgnhlkjkQECAEh0BGBJZsZdKRCKgsBIZA5ATGDzEMgAoSAGwTEDNyIg6gQApkTEDPIPAQiQAi4QUDMwI04iAohkDkBMYPMQyAChIAbBMQM3IiDqBACmRMQM8g8BCJACLhBQMzAjTiICiGQOQExg8xDIAKEgBsExAzciIOoEAKZE/gfw7nEbzB1NXUAAAAASUVORK5CYII=','data:image/png;base64,iVBORw0KGgoAAAANSUhEUgAAAQMAAABBCAYAAADVNsEYAAAKNElEQVR4Xu2df4xcVRXHz5k3u25/iT+A+CNNKm7VAvEHYkmoEn/xh9EQI/6Itf8Uk2pQo2y6ffcNWzN/kL337dYWjQuRNGpC3ZhINFGUhJRIsDGh0IJEBBpFGiuhiCh2253dnbnHnOl708d0ZjvdudN3hz0vIaS7755z7ufc+c79cd5bBLmEgBAQAgCAQkEICAEhwAREDGQcCAEhUCcgYiADQQgIAREDGQNCQAicISAzAxkNQkAIyMxAxoAQEAIyM5AxIASEQBMBWSbIkBACQkCWCTIGhIAQkGWCjAEhIARkmdD/Y0Br/VHuRRRFD/Z/b6QHvhCQPQNfMtFhHMaYawHgAN8+ODi4amRkZLbDpnKbEFiUgIhBHw0QY8ynEfE3RFTPm1JK8tdH+fM9VBlMvmcoic8YowDgNgAI0pBFDPokeX0SpohBHyRqampqeGZm5kg6IxAx6IOk9WGIIgZ9kDRjzAkAWA0AlH24TGYGfZC8PgpRxMDzZGmt1yHi35Mw/wgAvIFYvyqVyqpyuXzK8y5IeH1CQMTA80TxMSIi/j4J8ykA2LAclgnGmC1EtDKKors8T1FX4WmtPwgAa3w4JhYx6CqVvW+8a9euy6vV6pOJp/8AwBuXiRjwkug1f2JijOF+PhcEwZWjo6Mnez+i2nsQMciTfge+x8fHLykUCi+2utXFnsH4+PgNiPg/H76Z0j4mH5D6P4no6iiKDnWAqu9uMcY8iojvJ6KAiDZGUfRInp0QMciTfoe+sx+ObJNuxWD37t0rFhYWTvIpBSK+SESHiOgwET0TBMHJ2dnZ+8vl8kyHYTq7rUkMVBRFsTPjHhkyxswDwAAigrV2axRFP80zPBGDPOl36Dv74eCBQ1SfQXc9hTbG1ACgwF/ArAap3aaw/goAfwaApxHxSBAED2/fvv0vHYa+pNu01vsQ8StJ4/1KqeuXZMhRI17XI+J6InqhnUkiurhQKMwR0fPpPUEQXFatVl8olUp/aNXOGHMMAN7Ov7PW3lIqlW53FPKSzIgYLAnbhWlkjPkwAHwAAH7QymM3M4Px8fHLC4VCuhdxlnkisojIQlEXHxah5DqklLq6lwS01jci4j2IeIKI1lhrN5RKpad76TO1HcfxBmvtNYi4EQA+BADv5crvLnyz0H4zDMM7mm0YYx4HgPclP9+klOLTotwuEYPc0C/ueHJyclWtVqtP0Zs+jI2GRHQ3Iu5VSj10vt3QWn8dEe9MbH8fEWeI6CoA+BgADLWyh4j/JaLHlVJ8T8+ucrn8+qGhIT5OXZnEcrtS6pZeONRaf6FYLK6tVqtXIeKnAOBNrvycnmydLh0HgPuttXci4j9S+4j4AABcBAAvVSqVd+SxJMv2VcTAVeYd29FazyFiR99IRPTDWq02MTY21hho5wpHa/0AIn6c77PWvrtUKh3JfjvyESYRvSc5yuTjTP6PhWDTuWy7+L0xZi8AfDWxxcuZ67r95ty2bdvA8PDwRv7mB4CPAAAf276hzfIo2w32/zcAeJ6XA4j4ZgC4mNf7HfaVa0FY2Npdtyqlxju01bPbRAx6hrY7w1rr0xsDXHJ4Zor+KqNN3zw8g9hLRL9CxOOZGy+r1WpHx8bGDqY/4weeiOjexO5xpdRbuovWfeu0vgIRa7zbDgB8rPqZ8xGEOI4/j4jrrLUsarzc4plP25lWwnrBWnsQER8mogPVavWJnTt3shCc92WM0by1s1hDnm2FYdg4Lj5vJw4biBg4hOnSVLsThDY+Xkmmm4uF8AwAPMTHiADwHWstf8BsFEWNB59cxu/CVhzH/yYinra/zNN3RHyFiG5WSk23sh/H8Rpe5hDRJwGAp/zD6RKL/18oFBqbrxmhZbHhDb77CoXC/h07dhx2EXtqIxG137aaGSDiyTAMuczci0vEwIs0nB1EJ2KAiDcBwAgRXdmqG5npb2MzMPMheLlQKGwYHR1tWcPgA5bJyclLa7XavclGXlpwRdn3OOzZs+etc3Nzn0VE3sf4RCIe7cJf4GNTROTz/QPW2sNRFD3mQ199iEHEwIcstIihEzEIgmA1V63FcbyViKYAYEXWVLuNRwCYD4Jgrc9CkPajSRDqPy4Wi1csLCxwH3iG80UAuKRNGqsAsI+XRADwWBRFz3qabi/CEjHwIg2LzwyytQXpnUTEVYO8E73oxUeIiHgdb8Ah4o18c78IQVYQrLXHiKi+YUdE30XEseYjP0Q8SkS/ttY+MjAw8KfR0dEnzsVHfn+GgIiBp6Oh1cwgKwqIeFcYhl/zNHznYRljfpfsA9T1IPMo9z8B4Je85ldK3efc8TIyKGLQg2Tz2TUinlJK8cbRkq44jitE9Lq0cVYIks2wLWEY/mxJxvuwURzHtxHRrZmZEddgfKtYLP4i7wd8+hBny5BFDBxnkuv95+fn03cM1HfwiehRAHg2iqL9nbozxowAwPd4fc/1BtbaVx0xXsiqvE5j7uV9WuspRLw59TE4OLhSXgbrlriIgVuekNYHcA1Aiz95zxtYLBBPJi8smSWil7L17NbaSzkka+1ssVj8ESK+q3kjkIiOR1HkXW2AY5QNc3EcX09EvASQ9z/2CnKLwdpDV8vDNItBmyIhrmLjR1Xr5931hW/ywFE7Mq1OA1hkwjA8bWAZXOVyefXQ0NBzAMBVf42rm+cylgG2JXVRZgZLwrZ4o6Yd/M8BQGPt3607rsgbGBhYs1ymyFrrnyPilxCRawQa5b8iBt2OpLPbixi4Z3qWRWPMRdbaTUEQXEtEXNv/NkR8Z1Jm20kElh81TsqPn1JKXdFJo36/h/9gDBcHJQ/77AOALWmfRAzcZ1fEwD3TnljUWp/i5YdSarEHXnriOy+jxhh+eGo9AJwoFov8boB/iRj0LhsiBr1jK5a7IDAxMfFta236so8JpVSYrb2QmUEXcNs0FTFwz1QsOiBgjOFS4vrpASJeE4bhQREDB2AXMSFi0Fu+Yn2JBLLvBySiUaXULhGDJcLssJmIQYeg5LYLS0BrPY2IX068PshvV2IxSCsxZZngPh8iBu6ZikUHBJpey0ZDQ0PrKpXK0dR0pVJZUS6XKw5ciYmEgIiBDAUvCWRe2JpWcjaOFhHxWBiGa70MvI+DEjHo4+S91kPnfQMuNOJCq2wpMhGtj6KIX+Eul0MCIgYOYYoptwSa/s5k3Tgi3hGG4TfcehJrdbaCQQj4TCD7UtFOX+jic398jk3EwOfsSGx1AsaY+iPhy6n6Mo/UixjkQV18CgEPCYgYeJgUCUkI5EHAmRhMT09vBYAf59EJ8SkEljGBmzZv3vwTF/0XMXBBUWwIgfwI+CcG+bEQz0JACLgg4Gxm4CIYsSEEhEB+BEQM8mMvnoWAVwREDLxKhwQjBPIjIGKQH3vxLAS8IiBi4FU6JBghkB8BEYP82ItnIeAVAREDr9IhwQiB/AiIGOTHXjwLAa8IiBh4lQ4JRgjkR0DEID/24lkIeEVAxMCrdEgwQiA/Av8HHd6Hb6avDKwAAAAASUVORK5CYII=');

/*Table structure for table `sign_pdfs` */

DROP TABLE IF EXISTS `sign_pdfs`;

CREATE TABLE `sign_pdfs` (
  `id` int(11) NOT NULL AUTO_INCREMENT,
  `name` varchar(255) COLLATE utf8_bin DEFAULT NULL,
  `path` text COLLATE utf8_bin,
  `created_at` datetime DEFAULT NULL,
  `updated_at` datetime DEFAULT NULL,
  `organiser_id` int(11) DEFAULT NULL,
  `account_id` int(11) DEFAULT NULL,
  `deleted_at` datetime DEFAULT NULL,
  `http_path` text COLLATE utf8_bin,
  `title` text COLLATE utf8_bin,
  `content` text COLLATE utf8_bin,
  `logo_path` text COLLATE utf8_bin,
  `http_logo_path` text COLLATE utf8_bin,
  `pdf_type` int(20) DEFAULT NULL,
  PRIMARY KEY (`id`)
) ENGINE=InnoDB AUTO_INCREMENT=34 DEFAULT CHARSET=utf8 COLLATE=utf8_bin;

/*Data for the table `sign_pdfs` */

insert  into `sign_pdfs`(`id`,`name`,`path`,`created_at`,`updated_at`,`organiser_id`,`account_id`,`deleted_at`,`http_path`,`title`,`content`,`logo_path`,`http_logo_path`,`pdf_type`) values 
(9,NULL,'/sign_pdf/sign_pdf_1/sign_pdf-5577358c3f1e493d3ec1c86769da64f0.pdf','2020-06-15 08:32:40','2020-06-15 08:32:40',1,NULL,NULL,NULL,NULL,NULL,NULL,NULL,NULL),
(10,NULL,'/sign_pdf/sign_pdf_1/sign_pdf-a5eade94dc4ce75dd1692a4b86ae98e8.pdf','2020-06-15 08:36:58','2020-06-15 08:36:58',1,NULL,NULL,NULL,NULL,NULL,NULL,NULL,NULL),
(11,NULL,'/sign_pdf/sign_pdf_1/sign_pdf-c34268476ea6af8c3d7abf08fb231ac6.pdf','2020-06-15 08:38:17','2020-06-15 08:38:17',1,NULL,NULL,NULL,NULL,NULL,NULL,NULL,NULL),
(12,NULL,'/sign_pdf/sign_pdf_1/sign_pdf-f358dcaaa6ad10469b04e42dcfbeaa6f.pdf','2020-06-15 08:40:52','2020-06-15 08:40:52',1,NULL,NULL,NULL,NULL,NULL,NULL,NULL,NULL),
(13,NULL,'/sign_pdf/sign_pdf_1/sign_pdf-0ad4fa7f3c4c27b8bc98f72176b26da9.pdf','2020-06-15 08:44:53','2020-06-15 08:44:53',1,NULL,NULL,NULL,NULL,NULL,NULL,NULL,NULL),
(14,NULL,'/sign_pdf/sign_pdf_1/sign_pdf-d2313dd32b474af9d7eaf1ebafc01e12.pdf','2020-06-15 08:49:01','2020-06-15 08:49:01',1,NULL,NULL,NULL,NULL,NULL,NULL,NULL,NULL),
(15,NULL,'/sign_pdf/sign_pdf_1/sign_pdf-0d78b187c6d5af950da328b946748226.pdf','2020-06-15 08:52:37','2020-06-15 08:52:37',1,NULL,NULL,NULL,NULL,NULL,NULL,NULL,NULL),
(16,NULL,'/sign_pdf/sign_pdf_1/sign_pdf-dbcdffc48af195528764049c2d57aea8.pdf','2020-06-15 08:54:08','2020-06-15 08:54:08',1,NULL,NULL,NULL,NULL,NULL,NULL,NULL,NULL),
(17,NULL,'/sign_pdf/sign_pdf_1/sign_pdf-d6704f785ba013c82500a14f99ff4dec.pdf','2020-06-15 09:02:59','2020-06-15 09:02:59',1,NULL,NULL,NULL,NULL,NULL,NULL,NULL,NULL),
(18,NULL,'/sign_pdf/sign_pdf_1/sign_pdf-7233b7f3514a6e1bdaff53d29a7b8e85.pdf','2020-06-15 09:05:32','2020-06-15 09:05:32',1,NULL,NULL,NULL,NULL,NULL,NULL,NULL,NULL),
(19,NULL,'/sign_pdf/sign_pdf_1/sign_pdf-ba352d744c38da70334ecb7663d03901.pdf','2020-06-15 09:08:53','2020-06-15 09:12:54',1,1,'2020-06-15 09:12:54',NULL,NULL,NULL,NULL,NULL,NULL),
(20,NULL,'/sign_pdf/sign_pdf_1/sign_pdf-9ab5ce511ff469d180d64131931d64e9.pdf','2020-06-15 09:10:06','2020-06-15 10:13:33',1,1,'2020-06-15 10:13:33',NULL,NULL,NULL,NULL,NULL,NULL),
(21,NULL,'/sign_pdf/sign_pdf_1/sign_pdf-21c3c5aca5ef2c7fe6ef0b61b73d19c6.pdf','2020-06-15 09:10:39','2020-06-15 10:13:30',1,1,'2020-06-15 10:13:30',NULL,NULL,NULL,NULL,NULL,NULL),
(22,NULL,'/sign_pdf/sign_pdf_1/sign_pdf-011fc3a434f456ed273c5baf519693de.pdf','2020-06-15 09:12:54','2020-06-15 09:15:08',1,1,'2020-06-15 09:15:08',NULL,NULL,NULL,NULL,NULL,NULL),
(23,NULL,'/sign_pdf/sign_pdf_1/sign_pdf-f084bb5db27c7b96e518be532e3ae3e0.pdf','2020-06-15 09:15:08','2020-06-15 10:13:19',1,1,'2020-06-15 10:13:19',NULL,NULL,NULL,NULL,NULL,NULL),
(24,'phpC614.tmp','/sign_pdf/sign_pdf_/sign_pdf-26c00358a710b602b63da90237b71ebf.pdf','2020-06-15 09:59:31','2020-06-15 09:59:31',NULL,1,NULL,NULL,NULL,NULL,NULL,NULL,NULL),
(25,'UChecker.pdf','/sign_pdf/sign_pdf_/sign_pdf-d9ef8dae5efb72abb8b04d715b7b3873.pdf','2020-06-15 10:01:34','2020-06-15 10:01:34',NULL,1,NULL,NULL,NULL,NULL,NULL,NULL,NULL),
(26,'UChecker.pdf','/sign_pdf/sign_pdf_1/sign_pdf-93a7564d020e9c221da30630aa29afd0.pdf','2020-06-15 10:13:55','2020-06-15 15:38:57',1,1,'2020-06-15 15:38:57',NULL,NULL,NULL,NULL,NULL,NULL),
(27,'WhatINeed Please fill in Resposnes in bold under each number.pdf','/sign_pdf/sign_pdf_1/sign_pdf-aefdb53a5fd4f288f73765b7082e0b09.pdf','2020-06-15 10:16:09','2020-06-15 11:06:48',1,1,'2020-06-15 11:06:48',NULL,NULL,NULL,NULL,NULL,NULL),
(28,'UChecker.pdf','/sign_pdf/sign_pdf_1/sign_pdf-596da0b7943577db524cf4d5583167c5.pdf','2020-06-15 10:17:53','2020-06-15 11:06:46',1,1,'2020-06-15 11:06:46',NULL,NULL,NULL,NULL,NULL,NULL),
(29,'UChecker.pdf','/sign_pdf/sign_pdf_1/sign_pdf-bd11d734c628b720a346521a619fb3a3.pdf','2020-06-15 10:20:28','2020-06-15 11:06:09',1,1,'2020-06-15 11:06:09',NULL,NULL,NULL,NULL,NULL,NULL),
(30,'UChecker.pdf','/sign_pdf/sign_pdf_1/sign_pdf-94ab1dc7bc5b4ce3e769a38d961901a9.pdf','2020-06-15 11:05:58','2020-06-15 11:05:58',1,1,NULL,'http://localhost/Whisprrz_Wevents_new/public//sign_pdf/sign_pdf_1/sign_pdf-94ab1dc7bc5b4ce3e769a38d961901a9.pdf',NULL,NULL,NULL,NULL,NULL),
(31,'UChecker.pdf','/sign_pdf/sign_pdf_1/sign_pdf-ccd49705f1e0d8be45cab4db9291d67f.pdf','2020-06-15 11:06:55','2020-06-15 15:39:18',1,1,'2020-06-15 15:39:18','http://localhost/Whisprrz_Wevents_new/public//sign_pdf/sign_pdf_1/sign_pdf-ccd49705f1e0d8be45cab4db9291d67f.pdf',NULL,NULL,NULL,NULL,NULL),
(32,'1.pdf','/sign_pdf/sign_pdf_1/sign_pdf-9631fda7232b3bf808d23d9ba50158de.pdf','2020-06-15 13:41:26','2020-06-15 13:41:26',1,1,NULL,'http://localhost/Whisprrz_Wevents_new/public//sign_pdf/sign_pdf_1/sign_pdf-9631fda7232b3bf808d23d9ba50158de.pdf',NULL,NULL,NULL,NULL,NULL),
(33,'1.pdf','/sign_pdf/sign_pdf_1/sign_pdf-d1d8cd8fb61168d3a747935d3fd4f163.pdf','2020-06-15 15:32:07','2020-06-15 15:38:50',1,1,'2020-06-15 15:38:50','http://localhost/Whisprrz_Wevents_new/public/sign_pdf/sign_pdf_1/sign_pdf-d1d8cd8fb61168d3a747935d3fd4f163.pdf',NULL,NULL,NULL,NULL,NULL);

/*Table structure for table `sign_templates` */

DROP TABLE IF EXISTS `sign_templates`;

CREATE TABLE `sign_templates` (
  `id` int(11) NOT NULL AUTO_INCREMENT,
  `name` varchar(255) COLLATE utf8_bin DEFAULT NULL,
  `created_at` datetime DEFAULT NULL,
  `updated_at` datetime DEFAULT NULL,
  `organiser_id` int(11) DEFAULT NULL,
  `account_id` int(11) DEFAULT NULL,
  `deleted_at` datetime DEFAULT NULL,
  `title` varchar(127) COLLATE utf8_bin DEFAULT NULL,
  `contents` text COLLATE utf8_bin,
  `user_id` int(20) DEFAULT NULL,
  `logo` text COLLATE utf8_bin,
  PRIMARY KEY (`id`)
) ENGINE=InnoDB AUTO_INCREMENT=31 DEFAULT CHARSET=utf8 COLLATE=utf8_bin;

/*Data for the table `sign_templates` */

insert  into `sign_templates`(`id`,`name`,`created_at`,`updated_at`,`organiser_id`,`account_id`,`deleted_at`,`title`,`contents`,`user_id`,`logo`) values 
(26,NULL,'2020-06-29 07:04:21','2020-06-30 21:36:27',1,1,'2020-06-30 21:36:27','[TEMPLATE TITLE]aaaa','\n											\n											<div class=\"col-md-12 droppable sortable ui-droppable\" data-sortable-id=\"0\" aria-dropeffect=\"move\">\n						<div class=\"form-group row draggable ui-draggable dropped\" element-type=\"richtext\" style=\"position: static;\" draggable=\"true\" role=\"option\" aria-grabbed=\"false\">\n						<div id=\"richtext\" class=\"template-rich-text\"><p>Rich Editable Text</p>\n							<ol>\n							<li>Item A</li>\n							<li>Item B</li>\n							</ol>\n						</div>\n					<p class=\"tools\">						<a class=\"edit-link\">Edit HTML</a><a> 						</a><a class=\"remove-link\">Remove</a></p></div><div class=\"form-group row draggable ui-draggable dropped\" element-type=\"sign\" style=\"position: static;\">\n						<label class=\"col-md-4 col-form-label\" for=\"sign\">Sign</label>\n						<div class=\"col-md-8\">\n							<div id=\"sign\" name=\"sign\" class=\"form-control sign-ctrl\"></div>\n						</div>\n					<p class=\"tools\">						<a class=\"edit-link\">Edit HTML</a><a> 						</a><a class=\"remove-link\">Remove</a></p></div></div>\n						<div class=\"col-md-6 droppable sortable ui-droppable\" style=\"display: none;\" data-sortable-id=\"1\" aria-dropeffect=\"move\">\n						</div>\n						<div class=\"col-md-6 droppable sortable ui-droppable\" style=\"display: none;\" data-sortable-id=\"2\" aria-dropeffect=\"move\">\n						</div>\n																				',1,''),
(27,NULL,'2020-06-29 23:49:19','2020-06-29 23:49:19',1,1,NULL,'My Events AAA','\n											\n											\n											\n											<div class=\"col-md-12 droppable sortable ui-droppable\" data-sortable-id=\"0\" aria-dropeffect=\"move\">\n						<div class=\"form-group row draggable ui-draggable dropped\" element-type=\"richtext\" style=\"position: static;\" draggable=\"true\" role=\"option\" aria-grabbed=\"false\">\n						<div id=\"richtext\" class=\"template-rich-text\"><p>Rich Editable Text</p>\n<ol>\n<li>Item A</li>\n<li>Item B</li>\n<li>awagwggggggggggggggggggggggggg</li>\n<li>w</li>\n<li>gwwwwwwwwwwwwwww</li>\n</ol></div>\n					<p class=\"tools\">						<a class=\"edit-link\">Edit HTML</a><a> 						</a><a class=\"remove-link\">Remove</a></p></div><div class=\"form-group row draggable ui-draggable dropped\" element-type=\"richtext\" style=\"position: static;\" draggable=\"true\" role=\"option\" aria-grabbed=\"false\">\n						<div id=\"richtext\" class=\"template-rich-text\"><p>Rich Editable Text</p>\n							<ol>\n							<li>Item A</li>\n							<li>Item B</li>\n							</ol>\n						</div>\n					<p class=\"tools\">						<a class=\"edit-link\">Edit HTML</a><a> 						</a><a class=\"remove-link\">Remove</a></p></div><div class=\"form-group row draggable ui-draggable dropped\" element-type=\"textarea\" style=\"position: static;\" draggable=\"true\" role=\"option\" aria-grabbed=\"false\">\n						<label class=\"col-md-4 col-form-label\" for=\"textarea\">Parent\'s name</label>\n						<div class=\"col-md-8\">\n							<textarea class=\"form-control\" id=\"textarea\" name=\"textarea\">memo text</textarea>\n						</div>\n					<p class=\"tools\">						<a class=\"edit-link\">Edit HTML</a><a> 						</a><a class=\"remove-link\">Remove</a></p></div><div class=\"form-group row draggable ui-draggable dropped\" element-type=\"checkbox-group\" style=\"position: static;\" draggable=\"true\" role=\"option\" aria-grabbed=\"false\">\n						<label class=\"col-md-4 col-form-label\">security option</label>\n						<div class=\"col-md-8\"><div class=\"checkbox\">							<label for=\"checkboxes-0\">								<input type=\"checkbox\" id=\"checkboxes-0\" value=\"Option one\">Option one</label>						</div><div class=\"checkbox\">							<label for=\"checkboxes-0\">								<input type=\"checkbox\" id=\"checkboxes-0\" value=\"Option two\">Option two</label>						</div></div>\n					<p class=\"tools\">						<a class=\"edit-link\">Edit HTML</a><a> 						</a><a class=\"remove-link\">Remove</a></p></div><div class=\"form-group row draggable ui-draggable dropped\" element-type=\"sign\" style=\"position: static;\" draggable=\"true\" role=\"option\" aria-grabbed=\"false\">\n						<label class=\"col-md-4 col-form-label\" for=\"sign\">Sign</label>\n						<div class=\"col-md-8\">\n							<div id=\"sign\" name=\"sign\" class=\"form-control sign-ctrl\"></div>\n						</div>\n					<p class=\"tools\">						<a class=\"edit-link\">Edit HTML</a><a> 						</a><a class=\"remove-link\">Remove</a></p></div></div>\n						<div class=\"col-md-6 droppable sortable ui-droppable\" style=\"display: none;\" data-sortable-id=\"1\" aria-dropeffect=\"move\">\n						</div>\n						<div class=\"col-md-6 droppable sortable ui-droppable\" style=\"display: none;\" data-sortable-id=\"2\" aria-dropeffect=\"move\">\n						</div>\n																																								',1,''),
(28,NULL,'2020-06-29 04:18:42','2020-06-29 05:16:22',1,1,'2020-06-29 05:16:22','Template Survey','\n											\n											\n											\n											<div class=\"col-md-12 droppable sortable ui-droppable\" data-sortable-id=\"0\" aria-dropeffect=\"move\">\n						<div class=\"form-group row draggable ui-draggable dropped\" element-type=\"richtext\" style=\"position: static;\" draggable=\"true\" role=\"option\" aria-grabbed=\"false\">\n						<div id=\"richtext\" class=\"template-rich-text\"><p>Rich Editable Text</p>\n							<ol>\n							<li>Item A</li>\n							<li>Item B</li>\n							</ol>\n						</div>\n					<p class=\"tools\">						<a class=\"edit-link\">Edit HTML</a><a> 						</a><a class=\"remove-link\">Remove</a></p></div><div class=\"form-group row draggable ui-draggable dropped\" element-type=\"textarea\" style=\"position: static;\" draggable=\"true\" role=\"option\" aria-grabbed=\"false\">\n						<label class=\"col-md-4 col-form-label\" for=\"textarea\">SFWW</label>\n						<div class=\"col-md-8\">\n							<textarea class=\"form-control\" id=\"textarea\" name=\"textarea\">memo text</textarea>\n						</div>\n					<p class=\"tools\">						<a class=\"edit-link\">Edit HTML</a><a> 						</a><a class=\"remove-link\">Remove</a></p></div><div class=\"form-group row draggable ui-draggable dropped\" element-type=\"checkbox-group\" style=\"position: static;\" draggable=\"true\" role=\"option\" aria-grabbed=\"false\">\n						<label class=\"col-md-4 col-form-label\">Checkbox Group</label>\n						<div class=\"col-md-8\">\n							<div class=\"checkbox\">\n								<label for=\"checkboxes-0\">\n									<input type=\"checkbox\" id=\"checkboxes-0\" value=\"Option one\">\n									Option one\n								</label>\n							</div>\n							<div class=\"checkbox\">\n								<label for=\"checkboxes-1\">\n									<input type=\"checkbox\" id=\"checkboxes-1\" value=\"Option two\">\n									Option two\n								</label>\n							</div>\n						</div>\n					<p class=\"tools\">						<a class=\"edit-link\">Edit HTML</a><a> 						</a><a class=\"remove-link\">Remove</a></p></div><div class=\"form-group row draggable ui-draggable dropped\" element-type=\"input-text\" style=\"position: static;\">\n						<label class=\"col-md-4 col-form-label\" for=\"-NaN\">Text Input</label>\n						<div class=\"col-md-8\">\n							<input aria-describedby=\"textinputHelpBlock\" id=\"-NaN\" name=\"textinput\" type=\"text\" placeholder=\"placeholder\" class=\"form-control input-md\">\n						</div>\n					<p class=\"tools\">						<a class=\"edit-link\">Edit HTML</a><a> 						</a><a class=\"remove-link\">Remove</a></p></div></div>\n						<div class=\"col-md-6 droppable sortable ui-droppable\" style=\"display: none;\" data-sortable-id=\"1\" aria-dropeffect=\"move\">\n						</div>\n						<div class=\"col-md-6 droppable sortable ui-droppable\" style=\"display: none;\" data-sortable-id=\"2\" aria-dropeffect=\"move\">\n						</div>\n																																								',1,''),
(29,NULL,'2020-06-30 21:35:51','2020-06-30 21:35:51',1,1,NULL,'My Event','\n											<div class=\"col-md-12 droppable sortable ui-droppable\" data-sortable-id=\"0\" aria-dropeffect=\"move\">\n						<div class=\"form-group row draggable ui-draggable dropped\" element-type=\"richtext\" style=\"position: static;\">\n						<div id=\"richtext\" class=\"template-rich-text\"><p>Rich Editable Text</p>\n							<ol>\n							<li>Item A</li>\n							<li>Item B</li>\n							</ol>\n						</div>\n					<p class=\"tools\">						<a class=\"edit-link\">Edit HTML</a><a> 						</a><a class=\"remove-link\">Remove</a></p></div><div class=\"form-group row draggable ui-draggable dropped\" element-type=\"paragraph\" style=\"position: static;\">\n						<p id=\"paragraph\" class=\"template-paragraph\">Paragraph Text</p>\n					<p class=\"tools\">						<a class=\"edit-link\">Edit HTML</a><a> 						</a><a class=\"remove-link\">Remove</a></p></div><div class=\"form-group row draggable ui-draggable dropped\" element-type=\"sign\" style=\"position: static;\">\n						<label class=\"col-md-4 col-form-label\" for=\"sign\">Sign</label>\n						<div class=\"col-md-8\">\n							<div class=\"form-control sign-ctrl\"></div>\n						</div>\n					<p class=\"tools\">						<a class=\"edit-link\">Edit HTML</a><a> 						</a><a class=\"remove-link\">Remove</a></p></div></div>\n						<div class=\"col-md-6 droppable sortable ui-droppable\" style=\"display: none;\" data-sortable-id=\"1\" aria-dropeffect=\"move\">\n						</div>\n						<div class=\"col-md-6 droppable sortable ui-droppable\" style=\"display: none;\" data-sortable-id=\"2\" aria-dropeffect=\"move\">\n						</div>\n										',1,''),
(30,NULL,'2020-07-01 06:34:37','2020-07-01 06:34:37',1,1,NULL,'My new event','\n											\n											\n											\n											\n											\n											\n											\n											\n											\n											\n											\n											\n											\n											\n											\n											\n											\n											<div class=\"col-md-12 droppable sortable ui-droppable\" data-sortable-id=\"0\" aria-dropeffect=\"move\">\n						<div class=\"form-group row draggable ui-draggable dropped\" element-type=\"richtext\" style=\"position: static;\" draggable=\"true\" role=\"option\" aria-grabbed=\"false\">\n						<div id=\"richtext\" class=\"template-rich-text\"><p>Rich Editable Text</p>\n							<ol>\n							<li>Item A</li>\n							<li>Item B</li>\n							</ol>\n						</div>\n					<p class=\"tools\">						<a class=\"edit-link\">Edit HTML</a><a> 						</a><a class=\"remove-link\">Remove</a></p></div><div class=\"form-group row draggable ui-draggable dropped\" element-type=\"paragraph\" style=\"position: static;\" draggable=\"true\" role=\"option\" aria-grabbed=\"false\">\n						<p id=\"paragraph\" class=\"template-paragraph\">Paragraph Text</p>\n					<p class=\"tools\">						<a class=\"edit-link\">Edit HTML</a><a> 						</a><a class=\"remove-link\">Remove</a></p></div><div class=\"form-group row ui-draggable dropped\" element-type=\"sign\" style=\"position: static;\" draggable=\"true\" role=\"option\" aria-grabbed=\"false\">						\n						<div class=\"col-md-6\" style=\"min-height:unset\">\n							<label class=\"col-md-4 col-form-label\" for=\"sign\">Sign</label>\n							<div class=\"col-md-8\">\n								<div id=\"sign\" class=\"form-control sign-ctrl\"></div>\n							</div>\n						</div>\n						<div class=\"col-md-6\" style=\"min-height:unset\">\n							<label class=\"col-md-4 col-form-label\" for=\"sign\">Parent\'s Sign</label>\n							<div class=\"col-md-8\">\n								<div id=\"sign_parent\" class=\"form-control sign-ctrl\"></div>\n							</div>\n						</div>						\n							\n					<p class=\"tools\">						<a class=\"edit-link\">Edit HTML</a><a> 						</a><a class=\"remove-link\">Remove</a></p></div></div>\n						<div class=\"col-md-6 droppable sortable ui-droppable\" style=\"display: none;\" data-sortable-id=\"1\" aria-dropeffect=\"move\">\n						</div>\n						<div class=\"col-md-6 droppable sortable ui-droppable\" style=\"display: none;\" data-sortable-id=\"2\" aria-dropeffect=\"move\">\n						</div>\n																																																																																																																																																																																				',1,'data:image/jpeg;base64,/9j/4AAQSkZJRgABAQEASABIAAD/4gIcSUNDX1BST0ZJTEUAAQEAAAIMbGNtcwIQAABtbnRyUkdCIFhZWiAH3AABABkAAwApADlhY3NwQVBQTAAAAAAAAAAAAAAAAAAAAAAAAAAAAAAAAAAA9tYAAQAAAADTLWxjbXMAAAAAAAAAAAAAAAAAAAAAAAAAAAAAAAAAAAAAAAAAAAAAAAAAAAAAAAAAAAAAAApkZXNjAAAA/AAAAF5jcHJ0AAABXAAAAAt3dHB0AAABaAAAABRia3B0AAABfAAAABRyWFlaAAABkAAAABRnWFlaAAABpAAAABRiWFlaAAABuAAAABRyVFJDAAABzAAAAEBnVFJDAAABzAAAAEBiVFJDAAABzAAAAEBkZXNjAAAAAAAAAANjMgAAAAAAAAAAAAAAAAAAAAAAAAAAAAAAAAAAAAAAAAAAAAAAAAAAAAAAAAAAAAAAAAAAAAAAAAAAAAAAAAAAAAAAAAAAAAAAAAAAAAAAAAAAAAB0ZXh0AAAAAElYAABYWVogAAAAAAAA9tYAAQAAAADTLVhZWiAAAAAAAAADFgAAAzMAAAKkWFlaIAAAAAAAAG+iAAA49QAAA5BYWVogAAAAAAAAYpkAALeFAAAY2lhZWiAAAAAAAAAkoAAAD4QAALbPY3VydgAAAAAAAAAaAAAAywHJA2MFkghrC/YQPxVRGzQh8SmQMhg7kkYFUXdd7WtwegWJsZp8rGm/fdPD6TD////bAIQABQYGBwkHCgsLCg0ODQ4NExIQEBITHRUWFRYVHSsbIBsbIBsrJi4mIyYuJkQ2MDA2RE9CP0JPX1VVX3hyeJyc0gEFBgYHCQcKCwsKDQ4NDg0TEhAQEhMdFRYVFhUdKxsgGxsgGysmLiYjJi4mRDYwMDZET0I/Qk9fVVVfeHJ4nJzS/8IAEQgCcwOsAwEiAAIRAQMRAf/EABwAAAIDAQEBAQAAAAAAAAAAAAMEAgUGAQcACP/aAAgBAQAAAAD83gYtF11QvijJln48agzPq1JmfSBYCv0mp7V0WelqbacSg5MEQfLceiqCMbVf1bDp1o+KgKES2p2XnehHcI45q6m3VTNaDf7Owhyf3OQjBVBFcY4DHAcIwjCMYxgrFpMK60ZFejpXs3FKW929Xi7SdXl29cTKtoKaaOobrBxW4TqVK3ffcXK7Cd4Stx53AAlXOy11T5xqLy7FFiwcs8tnzmLZxbnCZIj+jEYUUFxjgMcIQhGEYxhxCUFgp/fH+k2z6LfeWTrj+v1lbnwnMvp7fPZm4o85rdY0zU6rKU8UbVDIPaaSMblsU0L/AE2I+EJK4EcUAYS9Y0fv9b5E1uJ4PiRmjNH++PH5bkYjCqkuMYxwHCEIxhGMY5+c1uu9VmIj17atY2C9n6nV5Sr40yxMoq96HLhqID7Wtq1aflHntOdIBdTnvp1xpXmyqaec7AI5bfza0zSu7gtqddS5iYgEDZ26kGq8w4igMIFFxjHAcIQhCMYcjFesSTsLGFSzZgPpNXf+SUYnNjU1zpysHUDErdmz9EdTaG9a8+o26vI90Unasc8rbPfGsaLS3oo1ukr66bWhx0lu9Y2Vj5/XSPazgvp7FZRY/ALwXGBYI4DHCA4whCMYxj7d5thleykpHUj5diOhQwtLXOmtWuw6quWN5axhL4R+1bna5gkbNJscJDzGmuYoYintvUq9fVIU+xqj5wEIEcNTDJxp+2pLs1WNtkoVo9CoAA4DgOA4QhCMIxjH2jy2uCj8ZNayY+tCRMkV1DMtutMjGEge+x5NNk44i+dBKv53pbQFdOc6PUkpMVGtl6hYNkrmfRsvWJJuN5kSA7BuTFnKp0DA15LkmxFFROAxwgOA4DiOEYxjGM4BiiBvSp55l1hg0ErX6lyF/cr2hVqAdzo7oDHwhAresOs5O3PGNraZJof0HFqiksc0XS6+85mYbGxzN3Q1/aQdlXqPuvkQndQbsaKfxnRLVygRxhCA4DhCEIRjHkZV6c+qt6iefm/zrMVehPG+QzDjiOeU3Glf5fRTjXVFLq2p1XSkG7YprUjTdSpy3RwrFz6xq+ZemvKun02Ypd1mKHS0zLxrA/RWbPH88eDPBKrrCHCMIDHCEIQjGMY89Al5tzko/WYVWmQEDTirWNBcJIStVs+js95WwtC9ezdYjclkkEJ4MXC1Sh9fZ3U2r3k+TWnut/pKSv8AVvN89R50zSbWoRfZMDfyqD2MPqMdmACJ66C44RhAcBwhCEYx5Hnt8/K6EdqFez+DCWTSjF8Srd9Li+11BM/27pK+5sqputPWHJIFYUf1oKsbvs/n91obfFYnHgYZh+l0bpXAJeVbjsiZ/wBBOgnZaTcofZyFkpRdfZrfvqzgwBjCA4DhCEIx5GPPfqry7H89BFWl7AS2UodnXrW0WHMykT162YqkLRcNrZ1em2FzmqlbP1FGFoml5f2XmlVR6IhM7UjhBZb9Qs88+YQrwKxaHDdUHbiy0/GuJFsksRG1MggsEIxQjAcBwhGEYx5GPqwqHzix1tDXtNkWXVXvcpmtQ6cWWSc9zmov36uLe+5a34anRE7W4DzOoe9g9CCPEfnqp159NnF8cmE1P73Zu06tavnJwsnQw0lXpL2+rHmG1FaMModTXWVAIIoQHCEIRhCMeR4fdZjzv0OeaoR6i5jZ29hgsXVvu25ZBD7PmICUIh6j7xHgYR4IcSQSxGZ+9xXEHye3rKHXeNo54ZG8+PZ6SztawKtam/jNf3Qs6TS7DL1dnJVVbv0g1ywUQLrREIcIQjAcY8jzmQlWBZtnUb23ZLsdlTeW4hzsrKzeWu9jmTVMn/WfUkogL1bpBih3OcTxo6za6aee2WU8YxfrFV5DYR2fjT/tV9ZAVyFb85jNNV+ja+3sNRhB3QFJVzLHBp19aFVZVeABjhCI4R5GPOZpWNvXl1Z+LkKXZVuWppghZ22jrLX1rF0VG16h7EEXSDmMgkyVGfrr21rNB1k4QqBS53zXD2lRV+Sz32i3b2ezjSC4LubNzrtatn2bFeC69oFfsBI1Sqy6qowigOMIxhzkeZpjfUlGe8Z1fnrTKZW9ziaiVC7cbvKFvb7D3289jALk5m5wQ/Ib3cOwrk0gL0YTOXCldZFHI8EPzDiNbmfbRJXqsMg0924K/wC64hZiKzEisrg7GAkq1QCqqygxwhGMYx5HmUuLqhEBi/22ItSZm3dv8ajbJVNhsAWuysai69cHz4hCi8wqDpafTV4Mj5ymjI9g5YOEaaJM0j/IEx3muP8AXxMJxdzXPRasv1R6Ck26ueTBjqC5GAgrppBVrllwjhGPIc5zmVhB2K6dzeLvfIm7UsleaVX0WlUtrKj/AEM5Djph855bbaxPA5nzXG4xfsQBbtrfV6rQtuPnYJEPEfPaDSLU5bi/xVndelNkzuVPYXyTsTsFUDFcnwgqprpIJqriHCPI/R+55pIzdl2kZ1j8K4HNYrmY2NkamsdhpBJsfoyqcM1yIaj6WK8M8lo/iQ5AYp9mZq99EubR80yzn1by/k1kdNcaXKx3u/4rXZ5lOxieRZmWERSBhiXVDXIqKCAnCMfuc5zz2BeaSWMNYWrch9293gK2yrSNaD0LZYzL+repQKcwKQY8pifzlnlyFAIYyz7CxsLKrvfQL20bHKIn8ZhS2dJb7OzLW1uo21gQtSmKP0mzhlXMyAL6QVYARr1VQopwjznI855kJq2s1s8exPJ03LzYwDnvNdPf+h3G18arP0vfSOwhSUVVWeLeTqhkIoOTJCfCz2lwHyv1D0Kyb+nz77zeobsKC11Vw4BTfsso8hy2q1vrnha1Zg8Oqw+W4AaFUmoioOMec5znmnJzsXqJJyztGS3VxaW8PO8HdavdLuyzf6omQoeZrPedfnam4HhRR46oTvxDwtNDPCC9a3BusjYrPPDWii5NFpYsy9ap41w4NuV8bCaRRT78Lg12YqQAqhViWoRRjHnOc8wHyd1b1tKMtu+TX6a8RpshlGd9aZ7eWNV+jWj/AA85jvJfDq36X3ARIKXOmdr+27f2oy+TvPdGZEI35iraWlRJzRWjN3yxrdIMo+GAle1yVj36AZEGOQArrLLq1adcoKPOc5HBV1kLQ9qrC8o866nLcevKZsuGS2upufHfYjet6CdflMn57+doCuLN2VfWnI469ZNpY7lzS6nOY6Hud9AjMvPOSsozsNKy+MlmV14R3urIurgsXVK75ocIjWAAIALUKiSsIx5zkcFPRGOznb46+R6GuL6XvLnKYGex98tfzd6O1rNwv5vWUv5qRsJdHYOWVnQWmqLJyUKbzx2h9By/nMPY74d+tmaUdBtWHLmyadrdw0NdozBYRX7GdmGABzBCAwCCMK6tVVoLDHHnOR82sG4S0FHZUtp6Q3gqJHRe9aio/O4d96xosZ5wPSfovKYxXw3NWa6wCstmy+q13US6DR8Vznm/brM4O+9YhfUnki2qbpNi3d21g+aq9JfAi33jEBCg0YkEx/fcgMYwCAuBasrUVQihyPOeY84n9r61Q+o9W5SZreeq3s8Z4zRSD+jW/wAyK/qTQ5ZCs/MG21ZRJ1tcrjX7rOpegb9yuHq50GIl5rQbfb3Fp5RlPtFYzsLe5tLR36l0GyUaLD4vfpC41yC8OR7CA+qKjAspXIoKLCjHnI+X/RX3Xoq3kvLL0/mUT919Frsp4VQ2sqKztKn2/wBoxywPEvPvQtRYd79DB4X1LzTD7n1TeWUUfIvRLXNYrymnv/TLqjydOrc3TrjpLjS2SqVhpnzdHOUi8Fx2CwOc5z6IwCVCFdVFBNRUIYx5zI1iAfTPTWsFSD1WYp7Dbb3F5bFRcIqXabL2WoS4L8osek3rZpFU85uFcLYa/wBF1zXeZ/yP11XM4Ly2/wB9HHmzk7e0fb4O51V+kJ7RNmjwpJEHzphAhyHeRiNWAFxAAolWpqLDhyPPW/G8W37vvpZvz6n1eKqWtTLGVkAcaJrfdNPTLfDqvy7dem3R5zkrRTz2T9B0Gpv3JwS8l2llSZLzart6RwGftLt5x4Pbu5t7BRrQtMQLIkpj+7IYeQhL6AgxEsvAC6KS9YmsKMY8/SHmviZ/fdUtgfOa68TGe0oqaQgDasfevUVc1zocx+eJevXTR5cguksO4u7W0a4NTN430eso8thciw1Q9v7opbVU1xfPN9a0bDHe/HJznJfCFyMPucVH8ICsBLIqKV6awRxjz9J4PyXNegFzqI1i3tqLM13PoD+b9B/QN/hochHLeH4z2rXWP30iFguaxcYbNEYKvyz1xSloa7zBFKse0ToyXMGrHRWBDNXzrAymJ2X3PuChGI4Q4GMOKrDirXLpIprAHDkf0DkPMc7YTdra4L+huKzHqxKQLFn7B7Khnzry7jvLPJtn7BeZqu0DD9rxpuUIl+jCv8o9e4jmQIefYCvvNSvFm0afsLuyOVqxuGYFPOROc+iOMYwFCEIDgqAcFUVkkVFVxRjH2DCYe30dVdYKiI69YTzleQhA6Df+lbPLw72KtFh/DFfaD+eehtlt9FoTkCuqQPJreS+uyBl69itw3kl3sEB2Fg9aWVvYnMy7YWRPjkJPn3IQ5AY4QhCAxgCIIFhI19euutCMb6qXLIDOZSmayblSIFnN30rS7Oa/xxrjrcp4xkXdRuw+T1/t281dlGYcxcJ5+0n5V6S7PG1rHwKbyRe7O26+9cXr5SndsbE8TlJP7kYj4MY4QjCAhjGBdcCyiiKKgIRhZcjXylSJkjK2skqQfSMaDX23pxkeRAL6rrfGKDJ6D2/xf0fMemau1ujI4UOuT8a9jPVeebO7wYik6MOaympsU5MWtzasW1tfMdHVcZn37kYwiOAoRhCIhjCFdddRZdOtUDCEVrmrpfhgMxyNna1lD0pbW6ttR7BSjiZflUCvw+ExyWyrdtrNTeNNGpsHpm/INp6EQKvnYBTMYoZNNpfMba5OY7RORj8MdU1Lv0YxjGAxwhCEIDEIKwF1VVVE0AjhGp0OXqZ9IZtwbV0pmwns7qzsrr2Kk+jGBEaxcPlOG+r7n1u+vLIgk6OguMNabi/YGql5tm9E0waDL71dbm1tmm3810JI9hCnY73nIwjGMBQhCMICEIAF1wKKpKogHAdZyniaR2j2Mi2I6mpZtnh99A9KH3nYD5ViQz/ll5ovPFv0RbMxWralfH1++0Nu1BCu8/zb1ywyRmzeO0TSffQeYX6WHIBrJfd5yMYQ+gMUIwiMYggAFcKSaa6awxxx67HZFaM04dsg01it8E1ofcJr9YCEY16DKWnl2kBRX3tbUFlU6fy/0SyvbZpWty+UBV6VllpqxuLdV60CSbZEW+cCH6q537nOQhGPICHCMRQCEAQhAomksmuIcMRNgJGGiPu/Sgusy3MVdZar3LvDRIjwSOZLc0/nuiXzu520hq0uevLhlt7iFZiEY02jcK7YO290nc8N2T3EmfvuLQp/vudjyA4R+hAUIQGMQgBEACqSaqa4oQwzRgEaOxbvCWCuV9hYNUXUfo0Mi8BNdVLM7FYNX5P6QGmuruw5ELLEj9TUx1ZENRpGSO2jrlwS3CxIrq4JdiVTlL9zn30IRFD6MBjHAQxjCIAQLJJKKLjHDDsOR+sWnLy9+pE372xToqyt5e+13n0ZE50NfyQ1w+Q668XVC+27OEizirkquQhLXDJ27OwZJqGOFY+KOBoQ+GlW8HKP3BwEKP0BjHAXAQCIIQKpIqLAGOGIPstdhWtpx3TfU9PfXFgKkrJKJF91X7Lo2VYDXGlXeW76/r49+QzVxnMdJ1XB+oaCURfWLbTFg407sAFmScvhDnOYalGPOx5yIwCFKAxwHCIBjCEQFUUVVgQHDF6H1vU0P2yoULRkNW5YPNMrrU9NTb3Zxl8E8lxqhSo8X6V9xEZllarxJUolS7DXtfAddaZZYfs9SXvDFKsSMvolVQpJFjyMeDGsPnBjHAcBiEIQQKooqrhgOGY9H9GuZPFrauNgYkJkK5JHOZxLebtVmAvgj7HgfMtYyxIECCr/AA7F2HUHt6nprEgn32SnasNWyMhZOfL/AERT+kqfBPG59GMIwXAP4YxwHAYhhEECyKCwBDhCx9LtrOwPESnxjGGMcCsL5fHoXuj1lsSQR8WjAXnW5+N9A0cJ41W154I+ya/znV2J5nsT/He1FkH5gTDnVSrEGF/sfPpsz+hCEYDTH0YxjGMYxCCECqKSwRjHD2C3OzMjDUufTnGIQ8VQqMnR6ml13qU+fcFEEaak2LAhgnU/nal+TbPt/UbCmzFw44RkhLzSsL8G70rMlGF5HN8BXM5+1YGPnIQEuvyAhDGMYxCEBdVFNYYxwh7fOceHasLHvOz+5wKFBWUanb/FYz1S7st7wXZ/ZpLU/crvKb7zbK1b5WPRfSuOOfZvpyTur2xEt8aTEpsy5P4bXwkV4+Wa+f0BxGIIgRgEQxDGIYhAXURTAOA4Q9liGEmG7OznKHYgitV12ZTabjiKKy0xtf6Slhdpcp+ambjlI1iVRS2jGs9fD1ht9kvxWuFW6IbRZlIzP6Q4TIGvj95roGxCiIPIrp8+CIQhjEIQgLKJKAgOEB+1L1weGsLSxRYa72srEuVx/lo0eWWNZ2JqYbRvTaXCXwV7dunqlKlv2Daq9I04eDzBIhMBiA2zDKxYx5GH30g10Y55B6fBw4MQl1eCCEQxiEES6yiSohwgOHudfS1h2LW1ZrGWOqIK00uM9V7R15K0w2aY+gsBGEG7WkOtQQrvevQqkFjyc2ZENPnCy+5FonxLInIxHCXyyPxKvz/XM8EEQxwGsuEAQjGIYQrrJpLihAcB+wZqom29cW79g7OsxgqpuyBXVyfKlm6yM48WLs9HU0Lz3TASolhe1+lzQp7YQ2yyIbnOHjKMWj9k8b6A+Bl1dAch+dahmMB/QCMCyolwBGMQwgXUSUAOEBjh6xUVE2HHri6vLdpJNChNqe+eYhasDc21XmGZ/O6/cK4rQ26ltk8dQ672bTLMdRjCXGvvj9hMkvuCbbJ9NqQofLfdWUEXmAavpfBAAQxrqiXXAIYxBXVUTVFAcBjHvxn+JYMlutBYWLXVlw2Fb5VhYVVna2AMKWXLD0P0fmL0tvWL5/zGt/Wb665m05KLMk7M04QNGf0GjtQG53gxhlACoPu1eY0J/oDCMQxICWWCEIxgVUVTXHAcBiHrvmJ21kNixes7ppo/waXyvMSq62ws3RYfph3vq/qQsXcoZbbedYCz/Tf0JLOEitXO8+6x9EBZlHJhww4FN8AA+jVXivyOQvXuDGMIg8rBLLLhCMYEVVFAwHAYxQtpFeaPGxdft7VmxfHDN+TMDygWrYyOakaWh9q9Nr8tVYrX1uFoPRfaWAw6790C42OTn8JdiRY9bZlwculVELg114iCahab50I1wfRqwrLLLhGMVaqoqMcBjGIcmmzFdOVph26tXrHlbiaYOTXi5bAp1Pibv0PT72rwdKMeVzdV6j7ZYw4UYTShCa5p8AhYll9M0jyjyfFlxcEIAoKFENiEhhXEQFYBdZZUAhirUlQDgMYxCgo6ebhjsSM3c3c0Io07tVlvuGfc5QK2fsfoZtBW+XXdXR5jNo+teu3fBjhKZpx+HFiKPHZR+KQbJvgyGuAMQwEuFfvKi2a+4GMAIpiWWVUWAMaNWuIY4DEIYkyzI2871Zli1sZy7QpXNLVC+OWy3ksZpfUbaTCeFuKjOZ6kF6z6TfQEpxlspRw+4WKPTlgI0u9a+gGKyoOCHxYKwSrZvetpfLSQrIxVVTTVAKCtKAYxjEMQoLzJMrZwdYs2V73RKefpNw6GEvrP225+Yswx6rj3s3ka4dv6ftHTdkOwcKMX3OkEn85H774XxmvgqxWVXhAPw1wC52rv7YS/a9FWMVlEk0wBiPOCGMYxCGIfJTmZkhVGbObFjrMdk+vfQCHkrv3u8Yl8sv8AI0WcpKBFX0TcbBc10AtueAx97LolZTOCHYmi4NcKy6i3Awh8sNb6PY6phJNRNHvVU0U0lxRhnlhjGIQxChYmHA3e96wLvWNrS5wtnHQt4lLun9/sydkur1etyWRzw09jsvTkg3Ltg7Hg4k7MYE5HOKPQz4SAILpLJyAKMwiVj2bFnaVywFaGw+WSRTSWDDlHXjgIQxCHD0Fhat46CpvbGpqru2tqrJF0Gv0t55l5oz6p6oec5BV4mrS+a1nai81nsSygd48ODH3xIx+Apx34IyKzX+LEYKxVOcF4k+XCP7vWr1cAUM1dfKpopJqghypqIjEMIxDh6ymJOMBBuZ0sLWUoJ8228fnU+Xx9ruilnOKldQVgcbFvLWWm9bkpVafSinZS72MYjCBzoIcBX/F7MQUEEjRXFOYhLd+Sf1CoR1uXvprIpIpKgh2so4jEIQxjh6OsuuMxOWMafseTJe7en2NgWoVV9CbKWR/lM75lW3dLaaTOsX+ydTrE946+92fB84NZcxBQ4rWtEH8Ma1YoeIAjl0YByAXVCSgpjrxkFekmgoDnK6hiMYRDhCG3WW+mc7AkJzF2XX/U4rXJ6olxbtnIRjq+W8oqbJbRbSrEbbvppfXjelN3vw4iEqiR4gApKzBLjIwVaRPhrRhKAxd4XQiVEHLnsAIIppKA59W0A4DEKIxxtmO9MRk4gGsKzne93eoSsCgatXWWJTPIWY84oJQ1O7URluiiRYtGtEbvIwgrFYR5EAuqsnEzJ4LoVRJDCOI5DHyf12yquKkVdWSQUUWByVPQQiIY4DhC6nKRpznL60uM6D77l36eNss3WGGTd+kOrqMbkUrHc7Zeuho7aCbNkd+4+iMY1vuD59IKoU0Os2JIKI165eCD0UQimfrrDCq9KkcSSKiywYkpc/CIxjhAcb36cyE7OZLCwLRfM1z/ALK0wcxynYJwfVcTn6fPS2Gwugp1xdsJd12Y9R0Q4CW+moHhYrgAiZ1yYkkFAx6vHgYiXnIvXWJhpqecFVFgKB5PP0kYwGOERxv5dJOUpzKdi3A5f5kfsLRzmMQpifRXpMhl88K63+lLxDJfelT+LPnNLIUAhWizXQH8cK/yxXGvl1a9dSMRQ5yARcIOc3jTq8+r8MAQLA+lkkA/Q6AXRj0UidJ2UpmnIzVxcNj2pzmMYpAjs+1WBhPz+O43Zi9y2f8ARLMqsJ/FuzjCEa4W0BhG5ARRtGkuJVCK6o/g9h8JeJ1ejuZNI06VZDgwADxLKkSDD4Yvox0kpTnLsumlKU7G2f0NqYximLyszmybzfnWr2eSR1OiJyt83U9TI8nIxCWjghDEJVtCAlnC/H+lwQeKKRggPg485FcJuBqre57PMw5TriEHquerWEFYR4PneaOUpTlLsiSlLs7e1vbIxyFMX6qzN5oKhVzUrgsGuAyPlWf/AEclqIVlj8zYNQ+DAIJI9FEjZuzEAEOAGMaS0R84KYl5chk9c6VZCtslwK1lEgh8MKysPpRF93QylKUuylOXZTK/b2dgcxTFLKNehqpkDYk5PvFMD5hV+ket2KlbZHI7ORxCGHqP0DSalPgQKi78IQ01YD+6KYxQjDL/AGtOVComSXavAU/1hFdQAes/KQ7fSlKUpdlKU5ym1bWDTBzlKSZIhsiyIafe/dS8788StP0wWvX7YdsOcJ0cefJiO1EhOcWWQifsACFW/ClCQ5Ch0OYrXtQZ2nDwBqnBV3TzkmoOJSCW5eS7KUuylKU5SmV2wbZMcxDEmSRpzKacvvvkPPcMuX9OGXDVWL73O9+HCZK6R2AN8jxVNWUpDBEKMRyHHkxx59mKONnbzVQqK7sqdKcCuKJ8D2fweXEpdlLspdnOUpSPYONGOUhizKSZJlKSX331d57jwi/SljFBCd273suL8Z+UmwSH3eRVEjGbAVwjArznY8lD6PafK8jAoM2qKJCLjiR4K0gfd5CP/8QAGwEAAgMBAQEAAAAAAAAAAAAAAgMAAQQFBgf/2gAIAQIQAAAA3uzZKPVa8YvbzNOfp6/TKHMnH2cIW1PPsS6WTc+L0WtY1UjGLQlYCNZ6ELZ0s9kp3RxO8jr9YSshYeT289keg0dO+aAn3+dsIE0N3CYpCQARrJlalzeunnbF9es+adxeXfy+t5Ye8HL5+rm36zanlP3BpSUWYwCs7SlawEazKyOa3oal87Fq04m9ftHh5nT852l87os82Vczt+ly+ZnaoXa8u5QnSmsFaVrAaHKzKOnslm4STUZbPaRmTyvV24tSzway5vntnodfA1cnoMudHXmS4bI6BSliFVhHul0F8Tn5woO97fBeXXjwb75eZvP7KN/k8ddrqYUPZSr61powtjLBa1gNVz8/R1N63GZwM8vs+55OHDkVIWtuLNbllyJ0eu8efWluPa1Eyxz2sgrWA1XIIe73C4SeGq9fpV6uby5JBylCKJrMFdntJycs27rbh1ZhmjS5sBYVVc/uK63K7eLAvFyuy7jaqqwWNtSIIKhKhb1y5wbGas5EcWi2vc+AFVOD0DV3/P8AOZ2dvkHdLqccbiYMu5EoVUlscRNdoHp84HUC5DdpZQyV50ZKuPdXI9V1meUlJWR1cqs2TRmqXqax86b8rspBIF1C0OdKleXkuhLSzErren5vIi8rZLkGs+XfjRbtpvNvRctWaQJKqrN+l0qvKM04WKN5rrZpLDiQ9aAZF0QI6NYb263aY/p0nDR0gpUuR+10qvIG5BULHpNhuw4G5pGWSjEc3UyI3s36oet+RQS1gVVJLdr0FU8ab1hRaQXSmswMrHI29OdlWpudmlnS6enBsRmuhgVdDUu2adTaryoaF5CeSW0nXzwcGQpRRrLscp67dv7e3ICckoYMqhlFGaNboPmE1naxo0YNzZxLfxmVGGF2V5kdBr+31tOMUYoAwZVVVFbH6n2PlRVNMs4td5IAdzn5mZNDQBZEhFdPqdrplkgYlgNVVVUq7NmrSY+QkcZr0VjA84rDf0OYnO1qqFl5Al9bZ09KhSsiGVVDKkImu2GHktLIix0pz2AQFM1BlGwSjoMXkombXatd2Nw5KoZVS7Jj9LF8HQasqmuytHOMBYy7TYKrVebMZO2aNriqpZy6lDKl3Z6dBLwWWbnzQ3Hr38EKpYhalkUu14qO9GvXtaxdQiKS4NSS7PRotWbkOxRlix2jLjqgWs0LgvbefnXD06eqw9C6hXZSyGSSWeh9L4We6o7Mb0pQFLALzSGw7wYhaTe1shMurjVFZFdXJLLS0V+ZBB6LhFbVacq0iIrOih3MGNmzqaLuys5bM1kTCl3JGaDBfn0LF50wjudFWZCUsWIRzIy4R3cKHLO7zQjNsK5dsfa18IFqYynGJ6a0qDlheardtqUUu7kO7u40FJIzYwylkxwgvzzBSNmULo78bix8qiBLt9GNSS5LIocE7Tns2G1h3GNMFr4tiKRJl9J3QxMPJyFy0bNFWQ2MkK4UZYias0I2NY0o5tLBWSAAIU7Xp6DchF55ZJIXabkuDd0V1ZMIVDSgszYxjSewFrXRiB5lK696nZvNsz1KlHqKQpLsSKqNhUlEoas4bnFoatagttlYBj7mfP0V+YgigdOt3J6B3JCsSKhJhAvPUkExJzmNetawzuY/PsUO/jYunXLulLp7el5xvTu7hWNnAplUtQENhYG1zD0ioAHSdM1WXJyKKglZGHSWIzdxl3dmEZF1Ci1rktdATHmekVgOsjj06Ly8epQiKDYpWhC+o4ruzCXUgna1KqFSV21jGaQAQ2k0yUAs4wyQFixA6e158tjGFdFQwmABEsc41ZAijNjdFAI7iYZQcSEVKq1FULuN89m1Obd3KltIFWYChcEiWsSPQV1VbiIiuDiQNVUors/aZ/E87e9pQpGWRrVDGlJoLKpUeojCy1FdkRXmQA1VSXTfcl81xN3tKGRNqHSquUKABbLEbaum3R6ZdkREGZdDBklO9ufzfErrNKGbGVRkioUFCxTZCBNoWHL/AP/EABwBAAIDAQEBAQAAAAAAAAAAAAMEAQIFBgAHCP/aAAgBAxAAAAD6Y9XNrfQbX50Dunxe2l12h2miCinKdmFJRwmTqgXNmdirKpPeXiItJ2RAAAIQj5wi47tbChRNtOJ1+TOfcdjBJPMfNPtiPP6ekPaBpFw8KVvoHM69pTmlr3IcQAAAII+ExtxDWe6tHK0xazhEkO3aBfkeg4JP6QT57zulxpfvNm88WzAEnFBlpehLmuMC4ABELkb8pqbLHR6KXO89uaeffoeyvdWOC71Xj+/H8MpufM/pn097hJ6PKkurlbYqGhZtmRrgAAIhcZq89Oh0mhj8LlP4lHN/7xAS8Bv9DT2VqIAzua+S7n1zrOZf+eaequfadEF6hjGkYVwBCIfwfv8Add0z838+y0oY7X6+5NlsXF3tWmX7hvpOKz8t4j30D6BqYu3TNyPaVWh6NyNHvQIABEIfw/X29k/V4Dfx7GG/9A+xWF88+Q53vX7nvPmvK9n0JI+Xxt/Te0cy81TW5y7CjDF3HWjTQAQhGP5AkHu+q1efD8pyRdp9Zno/lXyX3veuzXwreOdYptr7A3k/KC7m4HazmqVLpaTLHhhCEdPmXYobiOspitcXw/2z3GZXNREzcgjXIaLevFs/6E18x1u00tdB+0LlqR55pnwgjHT8+9frYHd8Lzm19A0Ph291+98MBEksW0VjxzEn3oCATvRdMyxsoUsue83bceNAqVp+arXrFbdm4lxn1roV/gvvGYkfve9dx7PYma5s6Wrp9QGrdWErMiLY59FliB1p+ZZYWrLPcOcEh1/1nh/lPiO0mIi15bcymTwshr9C+47afDtNfXm5GG33WKUr+Y9rp+PNlx0HQ4PMU+jM/LHmhkPelizFmcirkZzPU6rTJ/KrQxKTBLFZYPoah60p+X2W1KMr0bGsto9ZxOiU1YF6xxFIXFZNk36jo3LaWSMcRcdGpkxW2X9Ru1B/lm1HJvCjpgioN5g96wHy7gyxKRVMzd6zoNrN0U8iKDmtj2m7LTLuk+atPymQLLU3qVuMxN+7p6Drb0B9NZKrkR0HbdBsJ1Qyh0FaCEtY5WjvaGk1A/yk1YzMU1YMDlzs2d0FRRWgiWisHtj16H6BuPJizsegB+klykKVo7uhpNyP87Zfm9aodC1EsAvrMbyIYhQRJJ6ClhXpu02yprp5KoQxe5SkKU7Lbem8Uf5ifNokgWjVYvHXkhNVxJOF6Fa8lLUwTT6HVXWTRAdkXrEIYhCmabdd0Si/OO2zIYs8HNWwSxY5tNcatbaW9yKpWppN9oKRqsyR+s2JcpCFO002+6UXxZktADffzWEuGtUhGLWjw/aVsarR6RQZhlhkpmNH3rkvcxCnZZZ0HLh+UFuHNJr6OPp73xEfoLeGRz6kV8VuaeDSob10Dma05m5SWMUxjsNPt+B8ywnciresq1o7HFchHpJdkExK+fd/S96oqZl710Wp0NiJsZixTEMdhh9iAfIMAZ3zWOlTsue5RWxLS0CIXQoTYctX1MMJvFccvfsV5uRkxCmKc7DpaB+HiH4rNfeLuVNx6A/GsBoOaGrkvuQnkAITxDk9p9jWblOwU5jGOw3cQfjNqLGPTRYt6OiQwc8eQ2EiuSApBx6ta+klYZPfX3tKpCmbIwc5jsNQEHx3UrmNX9p3EVm5Vq8qAaKHlF7xaseiJj1JO0fUZ7TMOUzLbTBjHYOMK3zFyqeQl56uh2B8dqQcRbTycoGb6lrRPo9Na1mW3NE3ZokaYO620crB7BAtwBhxn5StH+5eLkOEX+fg2bc7iqerF4n0x6sR719LRb2i2acLpNuHIyWoFleZv6Ko5JtnQ3g5x4+f8707K3O5CUej3pmPRHoiLPaeg3oQy4zqNus3ZuJZVXKZtBlQLb1mwg4unLg12c/JSVrEV9MemKzNYlvS039jGZd2Wmnm7MkXVUVSbZuWlM3dAJpf5TnR67EY2Xs5g/R70emKzaK3ede0XAL7OxZrQbuRhZRRXKfbbBogE/zfN9WD50vW5bVQzNkGVEe9EWrHrT5hlljQeZztHfCy82SWlk1FqaDUkb9bFzctzKxFl2dZPMkq7GCKI9EWiPWm1ztlb0Hc7R2PGdatLCyiy+qdi5aMSDmFxZmeuA79MmjSJMkEV96J9Mx602dMZ1tcuo+Rs17lXWWX3SsFPYVD8KmoqpQmqRHNo9n0SEOvvemZgdie8Y5WGTVZ2CHKS9xLLh6UxbsM+z8/CVVXNmPR7IVyw7LCgAe970xFa3JMXuYhnxe0W2CkLQYBV6ghSFMX2VmrLrlWWSVVDxzHWuoLhr6J9SKwS8+tJSX1KhdOVtpD0Bm3RlIQpTESTXAuFdRZYK/Ee7l0OeKvqRWnpiSW96bGs3po1MUjef5i/rdEQhCGIUSYAAAussuBbiKd20XJDWR1pX0xN7+iZKQmvdfMsd4Fjn9H/8QAJBAAAgICAgMAAwEBAQAAAAAAAQIAAwQREBIFEyAUMEAVBhb/2gAIAQEAAQIBRXNZmzDNjIL7WbUmJZYdSmlMPIpryaPI5N97LbjZAd3e62zYNNnt5M3vZnUmFADDNEKvQBWtLhpRewIAjzU8dVabM2K1itXcqitDT+D1UEC3YGxyf0GND/EisqrsnZJ4E2pmLVfjmHgTFqrfIJRSXsFiY9C1y1lSysTGlqYdN9Oy2zZvtuyG+q8TWjEG99sTJzaRVkGqvRXrrYUr42ZtuQMKxpXDAiqqfj+tm4XhYIo4Xg/RjQ/xAhiexPGtaAACYL2PZAti49ePVZHawg70y4yWwx1WZAEw+KrLreieDtrsQnssyjKor+5rltSa6x7cC/Iy3bU1U61ijqyKXHtpa3M8WMLG8xAUahco2qtYUL17EIVjwCFfow/xFlJbcCFSIQIsqrqqvqM9hbFau253tJB2vCMX9hVY1a4qpwGVh5ZfGLiZNXpK5dlaJUVI0qG2zLpud4AxwbXApsWuuuBSIA2J+CqZeJiTF8jZeJi1iZT7h4NhbHc06jwt2hHJhh/ibCetoCsDM/cMqMtcqOG9qX81mu+64EL10BCe0EDKvG92Sok1eby8qBi+TXiAgQ1NUK3qIx4YF9S4tgw83yE1jJSnRkI7BsmbNk7bWUM91982OCqhZXftmLqNa2fgw/xWV5kasVdOoR0SVx1RQAWtZWQIiaeIF532aanelITsAr61DDQDMQkMqqdPTDNdcivrWqpLsixms/KEMxIXtPRMBwbNEaC6RDkvYIeAFE3SrUsoIG4/wYf5MnIueMCSIydEckMjHllSrVjFlcOH2eOwYyqv8HRVVm99trYT1f4VtvDBN2QU1o5ssssqlgqcZtdvVi5xLS1nD8FRXlWV5jRbBAIYoNw424WswwckMD/KrO/t7Fe1USqyoqqBBBwT2rZzaCtVXrV1nRhZeMihkY2TpDw0JBBAZnYc6qGTU0AJ2D7LLHhSqvIlCCnAodTSy9cfLK3242Nn0JGx3pryhGxxAwKSyACFgyzXY8LwSSYf5KarVgLn11wWlTWvIgjAIzLY8rpSu+aWbsLcYB9MEpL1epqWDz8jHMZuFM3W7XXY8tsrLoX7E147tYUsGR4yv0u7wTFxnl64Xks7OxMz8jJzaZq2xb9BFZSaylC2roQKFmjNkmH+TBxc/DNQr69NKBLAAsK7V7bhc7bF9V3uY9AKqbcRsZacPD9Jm6Y8UvGhCYyCAETYsMRhZkZCNelByLqqlw6cG+rIh43ieUr8v2IWuqqyx2azuuP+ODvGC4orLq9KDCbHcIXTrLG7DgwnRmj/AB4i3zKXcRWRU66YKrmy38nuIIVKVqB3L96IgalqlbvZxUHUNZYZZTscCXQcBdoLLBFGQuu1S1gv/o+QsaaCdkOzMGvyeUZfXWqpFl1STGa5DNIuCrIIyugK228GVvYnUKSYGh/ioN1uQ1xoalLQGJ4MY5AqqrovStuvRQZa/tDY4BNxZSrsZQxnqr8Mv/PHw13/ADw8C3hLPH2KZtT2w8XL8Vj+Dfw1osVQD3mTjhCnVjAVDLXkzTT1supTHncXPFWkYqraWhpfFXH9doM1WSDCCJr+KjJUZdWRMXH7PYG9qtDCLcemmZZrat9rLI6FKlpxHBhiISXBxsTH8QlbWCEMuhAXqu8Hk4Qnr8EBNTymLc4CPpcZrc28kmdTPE5QsKLHhhl6iljjWuOoV2WVLUgqKfD2vPT6fX1YEFdTX8OG9WbmZC2022WZBNivTx1pxvwWwLEyYtYCxIVSi6nCx788tDwQU8Z4RELkCGOQOz8Hiyn/ABcnB8Lkw8GZPgqvA+SxqfJ5GRRmZVe9iasWjMxPL/7If1+tIWZtJXvHZrlsQKuGrLkDaxjHX4KMuiCNEHg/vrj2NdBal7z8WugLBMOwTKste6KNCJAFlsopPizTZjmVh6vF+N4D61Ff16YaZXmV5CnPs8j+fm+TpzcDM9lb0+Qal8Dz+Dh+FGBm4oAGzg2pQ+OzZHVk/Hu4ZUmTMCV149eFLqcVXNrgLGmmEWvpCCrIYQQQR/AK2iYwxrKK8dE6k+zuG7YubnZQR6BWeEixKXFeTVl5RtyoF8NglnBjgwELNNOxj325Vd9NDeMp8SMYVNZ7u2yGx2xV8fZhZOHV/wA9/wCefwWVddEmK2N5Cm23JuydNXeKiUqPai17sbyNYynEHDERiqwn4asggggg/vc0VpTYzFCpVfwL6Kq2qmq61py60NlWllRDWxEx5Yn46UYOEF773oTqAxjzyi4apgKj3PmfnPnHMORbkrcLkuXJtyku/JW1rPb6yt6eXlQQqa67wuMqsWRisLiuqu0YVzNY0ELdg+hwfp1KkEEdT+5kxpdkbJ7C+i//AELLaHvt2kVhmZVyQS6tYDUzJVECKoox66nt0o30MMu82PPt5g4WL4U57ZzZuX5G7zQ89/6L/f8A9seSGeuV7hcLQ/btNizsz/jZHiLcJaKZru98160lVT460209K/JfkJY8BUGAah+jCCpGmBBBH6/Yb/aCeGlBK+usu5ZXsiMACGEtrEx2K+r3me7BpaMOoGtxpnjE8euFdmWX3+Ty/wDpbvPO+twiCwZgz6s5cirITISxbRZszcJa/wAllVp3Lu9Fcpry1rSlBQKTTbT6hVWWmuByYYZsTWiCCOrAggzX6hCBA4U1PKra3M2eBErtosisBUbWlZoNaXq+Z4qlhwJszdzGmvHfMzMzN/6G3LZuoG+C0CkASuvGzUsQggzsXLluMxkNjM4iyusHKRJ46w8NPWwVXRSsJ1BweSOTCCNMCCCNEfpI4WtJYbCqpAe3AmPHXJorqIe9D1xaaq8WzMyHb/nqCqwAQqTmZVC232ZmZ5LN8geNa2QTrXABgrFGQmFk0PRK4AQ0I3PIZFUre1ZWK6xGlgrlVVNrPWzLbUBYqDrE40x3w01wRCNOCCCsb9RaKVILkxSDwOCMYiGj8bJGqoq0UzGssSeLRlVVUHWbmVY112Rdnf8AQOTNTsOOutTp1VCuMvr9W8LLRgS5KklIzeQasUVXEiko6cKtNXREIMN7OsCmOUhSasnVRrWmE0U6EFWRoYQ36tam0braqwMjBeqiuoVIFNj5dxlJriZLWrbYprWEGAurnrZkeQz8rLhbXWEggJN9d8LYz0XJn25uQEbAyQdiGGCXWXEKkumutQQArMeIu2hBTSwOWMqqtIbevlpoAwzRhjKa/S9R/STuCVrHBGgyW+0W49qOtbx3yKCKzSnQ011g2hIvBmr77bvJeWutnQVCpqukIJmiAnpKCLipg2Ytc8oBMGzHMBDLEN7yvi0iapVYqLUsOQGQzRHXRXSm2aXk8a6kdYeCSSSWJc2GH9BXo1NVQQwRaFxcjEAjxMjCyqbLhplyqqEqlVVeLk5uHW1WGywCy6/LZvLeT2YGS5bNEvV1GMtH44xFxRj/AItmFbjVm2jvZX5FFhmEwZygLCWrKncsFCqAsWXPSnTVZMBCjjQWNNVr6mrgGuTDDDNEEEMCD+ntWNImvT6xFyLHavoyMlT42bQn+ZlY7vWMavCx7R5jEoDDxdgl1lsaX2XEUivp+J0TKC14freU4q4hxxjij0mq7GvoW/FW1fKoscYkBSVo7W+Q7sRYkMUVKIAJfMeor0KoOgmuNRgo0T3YCH5PwYYYwYGEa+0Y3/lpk+9rvaxqFOM+Pk4pqNONg4dIqyasuuo4NtOYcnOQeX/18DNJybSZ5nMrrbG9Jr9ap+Ittmc12NFyjmnya+Uq8hsqUvx7sbFizzVgmPTTN0p5LLbKDUm2KqmuIBFgih5jt1dgNTe9QzWhNmHjXzo8GGGGNCCD+gwEwyqpfGWVB1OMQZkkTAwq8NKmmZebjWxw8iizIfNlC+M8RkZLuwyL6xQir0NBxmwzis9r04pwrD1xMNMB/GjxBy67Ct2O9D5XknSYMUIO+dYyCVEwIRWBFijRgGM7WkKOAOdag5P6TwYYYY0MaEH7E1DPH1q+ShoCJMa+3MvyFbxT97MjIycrPVkZi0qybM7f/OeNe2xtGefy6BQEHXr16lPIvRQF8hlpRhTHp/GapqGqycXGyGrtpuxc+gDDYFBmXBbQgQKANLO9FiQS6AVhQPsc6EMP6TweDDCGBBjTR+rPHNWR18dUmE2JdiGgU11XgBVw7Hz8jOuztQMTpVo8Xh+AFrWgGWt5BsZa0EBmo5vSjHy7PG42d4/ExcaqtevUpfRigB0tqy6PWq4633Ey41qAoAAMErFTqLoAkEH6D8H9J5PJhjQhgQfvIxMzEZMevEoRWFyXQtjtbNJK5ZZc+tGCCa8bT6QloBM1ktmnDChR11NWL69ZVGKUrqqrVBrRjDzlGNay2LfVmUVQ2lhHdzVFACwRosrglNlyiCJzrX8B5MPBhhjQwxoYfq0Ztd6Ykxosttyc2ywvi3GFUTvbZNQ8LK08Ziei55o8Zk8ocJqYsE1rRBQp60xlpRFC8mGZqeBYxgVsqyMa561Z3sQIEhiGGCVxYAGEEWCD4A+j+g/B5MMbhoYfuyZcyq1mPnP5WzJhhihVFbh7Cd740o8Xi4yWOTqGPMhPJhHxba5rfYGaKdFVVAEB3vZN88EYweWF68vDBdjKooBJQ7EESJyIJWRB/Ofgwwwwww/TvkDNtVBQavS0LbSIwa02TcHIip4kULawDqBdLjcfI1NPG5FLbyMujIDixXE6hAut9u297tnhICY0tAlqX4ljGzHgjMCsBWAKEg4EEQiDgfymHgxoYYY0MMPyuVm5HSqsK8tFnAixSrtLBNcaxsdMbx2OzWODom2WTVgdVbBysrN7Uq1i3iUsFA0QV1osG288PFMMyIDHTL8dbTivt4sWCLFixOBBBBEYcD+bUMMIMaMDDD8lnmu3thsc8CLADLPmqvHQTDdjqLCC1stXKS6sjGyHmLiZeRfddR4+uoVnWurS2wRw7IzTKldg4yDAWnXJxMjx1VgcAQQRYkSAcCCKi1kcD+Uww8GGGNDD89iI5WEu01BEgFhY8qKVphODTaQpg4cVvLq8irLxiMK4TyVleGnj6VRVikxnzcikCXWXW1oVvxumPldnaDkzrf4t8HHxPw2x68da0VFCChcKvAXH1oqyiD+Uwwwwwwxo0PyHBtsa33GzsCJoROLByAiKEehu0E0AAs6rHPksYZHr1gZ+emPKqq0URWLWM60LbfnZvj8NZrTLkePr8juCDggAKFtqSs0YVYo9Aq9YWaMY8EQfymGGGGGGGND81iXNzoAAKVQadXXQCIqqFNLvBxowh10ymHGzMG1PxfRi5aV1oigcPbbbC+Xk4GFQFmjGmvJU0Xwc6CqoRlFYSlI81FGhCSOT/KYYYYYYYY0MPyrPeSOBANCCEKsMsXqiiAlgfDqxXjRm3VwTYusup6fH5OXVn43jfIVhVh4es1dMi/CqJqA4MaOznJposEHGgFGvR1CKDNGJwSOGmof5jyYeDDDDDD8FhzsQQEQGA9ixOl432Ex7MZ2BhIhIZlmrGyLjTm4fj8u6ZOB4XOU8GElrylChEQKNNGmU5mqIIIIIAsQXzVI6vNxRo87Ux/5TDDwYYYYYYYYfkfA5Uam+zsGBE2Z2rauYwm0EcQhq+18poL2TNwcO+7C6YOaG2YY4vx6cQVBAohZmd7G5XgRYIsrNxlanghV4cGGKAu2/mPwYYYYYYfpeRAIAi6KkQqlQo6GEMEmNOkJabM1Ollgq7ljaWvFR11qvTJ3COom4JsszXW8GALysWLw7oONkLwY0MUmbaOf5TyYYYY0MMP0IIVEUdFqRFoah6ui0Jj/jtTZUUetUxrcfOPwpZQ3rsgq37WsN3kTigwuaiK5+Qth43vsWZ78jgwyqCCCLFi8VmpX4HAJjQcAHghv2b/aYYY0MMP0Ji4zYd2PTXXhtVXWqMltSpWigKa7Mf8b8U4xoriXEc7AILFRV1dicpsdC5graGqxWinJ8m/l18wPOWefyfIYWXvhjUogggggImMoDATSzqx2wUGb2C/6j+s/JhhjQww/WLVj1hcnHw8M121KoIjL6lUARYU9TK0eNPEWNNib11D6NHQgrlW+PxWQCFBHDxKM1rbANRxTi4sUzVgAChQoAChErrJ4E1GmjxsKeMoA/qP7jDDGhhh+UXDorVQ1aK0KsgUDr6+mop7R5dCxPhS5myu9HhuNa8o9GOYOPWJ6gWt8jlwQntXXmU44UAdWVVChQugEFVblSJoQQ/AizrxYisv6T/AYY0PB+cPEqqAUDnqU6BeuiNagMaXxz3psXy+DlE8EQzUDNPHKa4DFSPPJX/mPxsgTxWJm41QUAa6oANTSJVUxilRwIeNxSjBGSGZgQ/oMP7jDDGhh+qKtCb7dgQda1xrRXrpnNlkuiqiZJ8Bl8a3sj1lGry18VT6ukZ1jtffm5eySEUpg+JVVF+CgBUBeq8BUxkrh4WBiog506hAvBhbyNdbD41rkjX6zwYY0MP0J27dw4cMjA8b3ve92Oxax72lSTNYPi+ZPl8Tyh5UkAeQnjmgO7bMjyFvl8q8oQFCKPGYnreCJLcc4gXWlqXFqp1szY4HAmprkcGMYwUrxqb43snf7DDDDD97327BgwZGDd99uxbv7Da1jPYekEay9zKXVpg+QV8jMt87i58uXCy/8Aa/27PMtZ6WrYMCqrrC8WK2ggAWLPX6VToJ29nCATQOhFH2S0EJzUXjfB41ogwfsMMMMP2UKse2wysh7G1bO2yXc2m3u7KGmjLi50FVw5Z7VaVz/bszcgAMiokLWGMGlcwvFg9tddCCKQ2xCQZ1hlfwJWORDyIYYI8zUrf418EcGH9Bhhhhh+2LWO/YMIkWGdApO3tLMHKtAexsJtio9Y433YoUHTqCZSSNCEuezGeI8W8YddcmAAfGoIYp40Coh+zGghloxmE1N/Om4MP6DDDDD+h2sfvtYpQiKFrFX49tdgMaxUXFNDRj27u9ZYOohEKotNfptriL6a4UEsjtAni/C76lbKxOjDejAZqaAgjBQONKB+gwkxONX1oedddb2SeDD9mGGGGH9DF06aEEWIyFAvDVnFbGtxKaEpfGzaDGjkKigXVg8pMeJVbS9NNJoysf1XV2FjgeOxPFbaAsCoVoDys3CPghAsHJg+DyYYZshp5BcZta3sn4PBhh+jDDDDD+jv3HARa+oFRVgymaK+v1q19+Xl9ydpFiyyGb3usYaVJbWaaq2UthLlR4i4lTEnsp1NMIB8mCDkwHScHhZvjfJ4MDE2CuAzUPGvgwww/JhhhJ/SD27Bkbt7VYOlquj+wNsFz2z8tazW3CFSDYSeDMaYlSVXIErGZft2y3tnia6+NAPO2iCpXXC8ngQ8qBF+N7IMPJhPIjLkPX+jR4MMMMPwYYYSf09/YGU+32dkfsjLYHDq4fuzZVwG7nZ4pEDXPwJrGrwIgvJluT1RrMi+xj4BaoQF2FimGddGCBZpora4AmhN8D6E23y0yaK1PJ4MMEPBhhhh+DDDD+oMIIH2rEhw/tWxLFdX7l7MjOtEeM/CwcWnnBxlxMStZdMi5amBe617C/gGogadQe7MI0AKsB8OKhwYOBCRNc7MM3Nw87EZtj5M1omHgw8Hkx4Sf1Ah/YHDBtze1dHR3u/J/KtuLgXNyICguxmqmPX4+krWO1xWEWB5cCOvgErIUrYEls0gmoB1A4fkRpuKCOTySZuHg8baBozo80BNwxuDDDDDD8WQw/tEUgglvYGDrYlzEVeuyJYHvmuN9sZvX+Pk4GDiU1QTs5x4Za1jWsYF8JAQWhKRWMEA1rjXDgBSYeBN7g52YYTuE72ZszYjj2KDNtwYW3DDDDDDDzZNn9wgOpsFFeIMch3e2yK5mz8Y0prrptx6aYT27M1rM19llxbdNPjaxEeOFnRVCw/GoY0rgHOjws3DDNkkk72TsmGGAtHTHthHBLQwQwwwww/Bh/eJsFuFndbDbTxmHgKw1rnGmIANa03Ly5fbYWLMDjNivNqwmkVRwfow8LNNF4LGKdkngksTvZO9w8Ft7A0p1GZuLCIYYYYYfmz9Yr9Rr6gGDjXTjdcDZjRYJ0qxLMG1OMOvHHw0PDApkVWNsrKmxTGnahzFE2eBNcmHhfgzRghbeyWhLEnZm97PDQ8Cd6HZm4MJciGGNDDDD8XfrFXVg1a1epxFQLaJVRVTWc5IJRWlNVJTyOJK0wcZfk8swa+ZEVGVpQ9NtbNDEsTjtvjXGzDGCjhuSVbt2BhhjEnZJhO98GbELiyqEw8MdjgxoYYYfi/9ZJO2fuWYoqFg0VluXKTIuuFb14pCqS1kzMTCrx02Dvkx3ttXIssvlYNdlVFa14saNGmFkl9iD9BIgOzwSSWHG97JaGb53sGHg80sDNy6MQYYYYYYZvjI43wZv47Fy5OwdRI9xPykan1q6sS7axqB9tLjl31Wd7WpTo1VaAYhaNHFRVxE/SYDvcJ2YYJveyYY8HBJ5BPB42ZVweCXlsraGNDDDD8ZE3vf37Gbt2gmwLGgh+VspeyKULMSkrAIIOwZtpkTKUQM0xyoZQsxgxMMpGgy/ZMY7i8GGEmb7dhweLIITvnezDBykBMPDS8UzZLEwkww85E3N/e9743sM5iyxD84Fp4WGaVVggO9g72WyDeGgcnGiSwcVGGGUQQQH42SxBeAaBJ2xJadidiCGGNN72Zs873BwpRjDCNXxJsliSSYfjJ/h2DuVp1YfGI+ugToECBQoGtcMTZa90uKlFxkUONGYjwwymDil+N72SSC0B772STtz2iwcGGEtBCfkzZIO4jK+2VpcQexLEwkwncByjv+IRHSxlZAttMqlY6gBQutAa1rUsl9j2u7ylKqa64R1sOFa0JMqG9ht73veywLEtssGLEkk7EHGyTGJm9743DwYDvt3JV97uO+3Ykkww8iZRm9/wAIIZXaVIy2YmMiwcj9DG2y6WwO0x66QF1p5fZiVb6xTOyQHeySdsQXJmywbZJI41peCTG4M2SSTvkwQkEypzOxlscB+2zwYed2MZubh/hB7IwdCagQd7B3vbOtoYtY+VkUNdQ9SpjVovSGZFmLT6EUklXJiRDve97aAvwZvYbcEIEHGzCSY3G52B3s8DgxnMR2ix4Y9bDfBh5ucnRm97Jm/wB291uHRwQ3bt27Buxeyxcqq1nvtvXBDrbjpj0VgcW2Zd3iMux68ou0Sb3XFJJPJm3JO9xDwIYZtm7FiYSZsne98bM3uNMazYbt7LZU9qFe3YsTC9zzbHf8oKFYjBu3bt2Ddizm1KLezA00qpKhEG+zNkW5Nq20W0jgNvaEMW3xswSw9tkj4M3uFpvjZjQ8HgEGHnZm0tQ7YHgOeDU1T2NlG2GbMPxr+ERSpUhu3bt27duwlq1QHUEB3vt23Y2S9jGeDy1G7GMRojb7dt73sSwzZKgwQ8GFuxYn4MeE72ednjezLZXbsNDGIO+LZexgghmjDyIYf4lKsGDBg3bt27duxKgN27b7b3vt2sbKZyZgsZtjpX2Dve1be9gvGg4E2eN7MZtiBt73ve+AZvc3zfN05BiWS1d9/b7Lmth4B4b43D+vfO5sFWDBg3YN27du2+2+3bt27dt9t9rWymbio9iRGZjVZN72CT22CxMEE2s324aEtOwm9k7JabPB43DxuZQ4qv8AaLnvbIfI/I/LN7He9htt87/jEEEHA5H77ZlQw8UluGhiwEcCCHkQ8iCKIeDweBF+Dw8aDk/eV8iWFmJ4EEPIgjcH7//EAEAQAAEDAgQEAwUHAwIGAgMAAAEAAhEDIRASMUEgIlFhBDBxEzJAgZEUI0JQUqGxYsHRM3IFJENT4fA08WOC0v/aAAgBAQADPwFHjqfqKJ1PE4KVfDM9U8gQaJCqMqWVuZqa4WRChMmCmoIBWxsu/mZlHCVCqA2cVm8MxziASEyeXCyImRbZAnSMRhy4Z3OPRNYJTfaaKQCsrlLWnqrXUIqPVOmE/LMp3TGp+o8MD462EeWXDsi3RuMKThAhBAOQQQcE5qc5FqKJcjCjGpNkXalezPABwQCUFsp4JVsAmsfFQBzCINtFSZVPs/d+qeWExYJweWjQbogSdeCFLyOmIGcLO7K3QKHQnSWHYK6zUY3BRkwE3UhMKZKBuiBOyyAkYWwv+TnyGBsbpsJpqGNEMJcEA1QVKvwjLZCMOdcqJCOJYV7RSvEkTICNOo5p1CkqyvhFP54c4VsDgVIRwCDvuz8lSoWF3dFTqvztaQjgTusyBCaDOLmmxhZdbIOql3VZXT3RmAF7bMHPhNo0jHMTqmfZhoDNhgZRy8y+7UkDByOEIZZHzVlzD1XMoHx4xCvw5kS5PLdVGMOUtQHGW6FOO+BLlCzJsoDEFGVXIyrxdWXxr1ThVyvEKkHw1AotQjKi4wgBgcBKYGLonl4R4GTkd8sMxWaWt03KHujAnG4lU6jdnNKpMqHlQ0gLdo+SIa5eJptIadeqqVTmeb4CcBZSdQmk2KKlREKTdc/qryPonA3C5ygAMDHxVZv4U5uoUDgCMqVKjAtug55lNAJUuJxMogKT5MohEo8HMsrpCkKLqh7MTqjVqlylNYjUejmlcxUYAohEqWwoXvdcXIRdBp0TvaMbUgtJg9U6lAkZXaHb6prgGhuguUJJWao6ODYKpT0cQmvY2oPRQnHVDohjZBgkovOBROqBZH0RLUMjldD8Vu6HVNTei3KCHxNk24wjA4QroJpUKyINlUdq7CEcICv8DOqhSEQYRUIkotTXatCY0oFPHAChBssrrIHUJg2wa0WWYoqrVZSpu0YbIBhH6lUa05UWuwCJNkxjMzuYqDog9uVDG+BJWQwE55kngOHKfTAZb7obIhHgsj8RTG6zOQQxsiUQgghgMRgBhfyAidE4vAKps8Pm3wPGOl1KtPDBVlzHglqeTOEIgIko4EGRsqDm3cqb22KaLoYU2VRnWYaWQV1S6/RU+p+iaZAMI9E6mfcd9F93AF91uuuIV1Akpl8IUoFuAHxhNyr4Sr4E43xI4zCeXJxUJsppQ6poUGyCm8Jrk8iC4xgSEOIqVZOz8JNTsoE4WUYEaJ04Srq0q6lBN5j8kCYTgJAsjOHLkKBVJrSCRKofZhVcC6UKNRsDlKkoVDqZ9V4yl/p1CR0VR0io1pKpEaFv7on/AEyD/Ke0xoigShwkaqSFqpPxhc2yIN+CUWFSg4awoKvxBBqlWQQVuMZY7rmkYgiENkU4CVZQCey7BBzZUFCOLKZRfZFsHGUQrq+BDcxUNUuWVSnO8PPUprbm65oXMrou5yOUfuqr6rGs94oU/eHNunUqeVzOWbJ9epOgAUDm21Xh/ezhBwIbvuuZXUmAnRBuO6Yf6UZCEIOdHbAolzVz4Sw9YXXAzpwT8NYWQKvgEcDOE8AQQAwJRCcFOE45t0/Yyq36SnOdEXT2lQOCCpWWl6qylMGygWHCQuqur3QaQ6E5wwMooCmAnVCmBNLpKz8rdkWkg8HiaLA0Xb0VBzeblK6BXOqe4w0aqnSoQTMC5Vy5tlu4oOOvKnVKhy6JwMymwY1W2BqNM91e5smDZRsCVLhICz1AFTaZC6IhBrpWe7ThC+8V1LcZVlCn4SGqVDrYyMDKhDGygoKeEqyCEILkCYUyNE0OV1KuiipaoKzRgAxruvD0xBKhbnBzijmQ9mOqbTbJXtKl01o1QO6Yxuqp0qvqmPqy3h52z1CsVtZA1Cei5vZN2u5EoZDOkSnvdlE90GiBhdAtkarMYWQgdbKHKBhA7lD23yVsARdZTh1RIkIkrYYAo8EK/wAGMibdZnIhFysghw2VlmKssonCcbK+PKoUDC5UKTgJhZU97uVpPovGPAOWJ6lU55qhheEyxzQO6ouux5b63Ve/O1eJDQQWn5rxbDek75XRAggg98YwqeIdlZHcleJokWzBxgEJ8c7wOwuiBLHyehVRryHAghSLqHIo9U52pT3aBEajGysoKzAd01re+y9l4d8e8TZPzlQEXhOCOLs/ZNYdFULgVTqsg2cjmuMLl3QWRBlOV1LUHC6jRDdNTGt0V8DF/iWOZAKOa4smtdZTZGFlapQGqap4MzVCsuThsi4pwRcQAqtOm0u6KMWTM4yvE1T92wnuqYaDU53RpsqdJsNaAOgXW0o2H8rMdTYq8RI9Vm3t2U6aKTKp1GOzNkd1TjleZ6FVaB5m/PZShCH2d9hOe/BnpF495o/ZORlAtTV9wKpIgmw3TqdYWlqpVCMo4LYNf4Zkm7bH5Ivqk9rK0lferNYJg01we4wBbsnb2UFNDpOipu0cDgQUHUha+HJ6rYIxoubhhOcgmoj4m2t0z8VihczZS+6YGppQabYFxsji55RDuyZktqsshWjE4TgFFUOOgWemGwpxvgU+pkfUtTIlNptDWgADZDe0hEReOqGpGnVRpJPdA8hNyjaIjugTF7bBOJLYsLrNpELNobK/ZMqNIcJCogy1zgqlIExI6hFlcs/C/hNWryENYvBM9+Xep/wv+GeGY15ou1iA6JX/AA7OA3wfYaEn6rwlSo7w7WU/aU22zWb8oTKgyu1CgSFbGyhVqWbI6J1T21JqCWxsLr2hhtL91VftfsnCnrc6q0oTcSE0aDgLXEbgpz2a7prXwfmmOZypziN0QubCHY28g/EPG6ccHjddUakIzrhGLAIlAr2bVmKmp6K3FKJgBVA2ZTw/KU9gwEqLhNdTZVqDu3/ymnRO2P1UzG3VEB0akoGGETv2Rkn9k7V3KFlGlyd1+G/eEQRERvKmzbQeicdyIKn0CoUCA4meg1VGqDBiNcwhNA5KT394gJtOoKgoNaT0OqfXpR7KOYHVeIpiG1Plqqzi4VDNpCBvdB7JJsdkHvgUnx1F0xw5mz6heCbWFUNDXjcaf/aa6oz7NSc43LyDM/VeLLw533Y76/RUcsOl3qvC0vDuPsgOkdcIV011CVkqEJrXgubmHRUiyabWgHonNsE6L9EcBNtMDHRaKPEVPVch/wBydWqE901sBA1fkiHSocgAs7sICthbCQmhDogfiC2ylSmjbAIQgo4WhsOKa8QE6EMyI4bJrXLK4EDRNq07LJzLOyyPRFPqO9o73W7HdZbRAQPYJ13HTYBZmgEx2RMn8PRSyNAtgSANluQG7iVYwIJNynZobr+yaHNaIBdPdSCCN9J6KpJ+7GXqqpkGkXfwvEus3wsfMLxlSM1PKP8AcmnNmfqF4WnMveT9F4bJlIkRoTIXhmDlpM+iAguaEChOy7o/qVN/vtaY6hUNnEJn6/2TY/UnVw6lmgz0leLcbupgeqqf99k+hXi2XGV/of8AK8TSblNNw+SJdJwLGyFRc+HWd06rMTmdCoCzOZGNfknVXzsmhco9UQVSNQuyyShldA2QY1AlGk+W6wmVWwdVfRWjgtjJQAt8ZmcmtahgJQWZwCplvdFr4RKIwlS4IAJodgCLKDhzBDKpciqtJ0jRfaWToi12ULKvtPvaNN0KbQGjlH8IPFhadCrkzroucD8S1dudOijWDGrk0366dUfSNZUDvsCJTuaNeqptBzOtp6r7RWDmVYa0QYGi8W6g1rCXR+NwQBl9Qu/ZUGRDdFCKAuU3NAhAiBqnBvviVUN8yfvdFO/WFU2hVNMw+SeL6p7t1e6bqRfZMP4b9VRcJOb5GFSBgUwI0CJZyw0xvcJhdl+zik8e9GhV1ylfez/Us9QAboNMNlOJ5ig2wV1NP0UOsuy/CGnN0VY6kBZRquaT0Cb9obyoZEZRUYzjbjn4SUWq0DhuCqeVZ3ziScIcgVndjNxiSEcyEhBNDCmhxlHxD8uw1PRMZTDWiANFMjSN1cE7BOt+Kf2TSLEQbXR6kdAo+Q12Q1Osa7oNtSbbq5PmHMaf9uq8WRyUMu5JleP8U6xyg/id/ZeFoS6s72ju+iZsLBPOjVA2lWlzg35rwwderPovCg++Y6wvDzo6Oq8KdyF4Q6H6pn6lTcbyqW5VOJkHsmzZSNE42hQiuuDkYVr3Xh6gZmosc7qQvBOBikGO6tT6TyIMdUftELI6f6VfMUAEEZCJ0UuJ21WY20VKrTjQp7CnxoqkN9U5rpX3cELO8bBEOjUI/kLdFCzcU4XQQwJCeJ4JUFQrqU7NZFthdVQ2Si55TaVFoi5ElOExeUIMkZVcvbrsFBkzPVNN9eidOttm9U2dYjXooudTuvAkxlAdvsT6wnljSzKxp3i68PTHMMxG5WwQJufqvDURLniV/wBts+q8Y8QIb6KpUMveT63UDCdkMHzOvqqgvunb/VZoOb5qRP8A9qmGyZcVI/wrdUMt0MIwHVPA95QicrBZCcyGXRSEFJnCxKcHBqgQnl3KjlEoJqaQiitlyDCOG+FvirYOKKhRqpQTQMbqRgWqcLoHF50RzgJtB/u3T3DRF/jGWkAyVIVTO4xmjS6zEdtbJ+usn6BNtfXQKDOhiB0RFzdo36oNjv8AhVSpeo75BeHpmzQi2wCLQS94Dd1tQA/3H+wVWo4uc4kn5YhCVKhFHglVtW7KoHw5ZgHBfiCzCW6qUYsngJwxlMGyD6/orwiFZSVAgJzllaph3Q4NaY3Q4Lqyuvu/Kv8AFXRVkS7AhHhsgQiU5GEG2CJwzeihU6ZLnKnWr5tghNk6X1dtAgZIPaUZ/hEG3/2iNbKTNjAWVtr9AqdJv9RsF7NueoeY9UCOgR0aFS8OJe+/RV/FPlxtsFHdTuhjGBQQ+aODBG6m7k3Rov1Ty30+qDoG6GY4ar7tWCFldXwyWbupJK50S1SVcBNGFlLHemB1WxwbugdEBCCvhGpwCGEK/wCQXQQ4nBSsyhQCufCVlaEAqH2ZwdCgnAU/BUvSfqibtdEoQYWUQNF0v2XOPr817OGgTVIsiz72oczz+ye5+qAEudAC5SygL/qT3uLnEuKOAAwOFkMOgQCnthGysHfRZ9NOqiWxqITmP7goE8xuh7OUfZ+qJgK6vwX7rkW6gK6gqVcKVeFzAKBwEaJx1V1ZEORlEmFl4Cjxn4g8AxlRiIQV8WFvTC1kC1cwA6qGBp6KNNN01wV4JXyKJbDQD0VGgCfefu5HrJTPDUy53vn3W9VXruJqO1/Dge2DUMAroYbuKJ0sEF1+ivogoF9AmNOiB90D+URVJP4rpzTIN011MNOq0x2wlBoXtHSVyqGq44pK+8jup8PfRDhjCDog71WW6hBT58o4CPOOEqDgRiJUIOVlClF11BV1a6snvqQ1CmBJQcMA6m2dwjOt1qmkdv3TsuoWXRyMR1QoHJTh1Tf+lV6jy5zi5x3K9SU4opx2TxqEReDhGyK7I+i/9KJVSLBFSg4alA7r2cEGf5VL2Ygx+yj2ZE/NSFFYAolpOM4WKJeb4wFJGO+AKYFSaZXLZOlSFdBDggqyk4W+AMIoodPK5oVkSVCsrqUwjRRccD2rMgW4XTYQ1XNg59gE6iHOIuqrqxHdRRCCzeGb6QtkdJQpgncp0QDh9ma3LGd2k7DquaRPqiVCA2BX9CqG4b+6cbFt/VVqYki3dUz2Krn3QnTz0nFUTs4KgfxuVMbj5lM2GY+i7AfymkWCgokw5PY3MNE9xAQIbPvL7plzroVCh0qaQw2VlCkKKhw5lJjG6huFllp9zZZxjGJK6oYSVlUnCUER8XzIJoQJVlD1ATUCEU7opwLHIdU+sm/qT6Q6hZsC9wAVOm1AjRBtZrwI5rr7sYDmZ81J9E1tMypOq6L2dJ7v0iU+sc9Qy4oE90W6phN0z5KrSMtdI6bqkesrP7rfmh1k91RbqAqRNmqo7smjZU+ibsF2XqhgWlTQqA9ETVCGceib9naf6laCtERSHdWuiTKsmjdNFgs2BzqSr4Xngu0dlFMIeUcJUI4A/FQmpqaSmxqhmVlzKUzLcKkRoshxqEjlWVgRXLC9nVIwDXpk6pp0RqN0XsZYQbIv0Cc3xLHHe31UNlHLBwCD6wptdLW6x1Ur904WDj6J/wD6E8d/2VMmDKpG4MHqFUpnmbnHVuv0Xhy3f5rOdUxtyqMWe1UB/wBRv1XhR/1AvCz74XhXWFRv1TSJxBCcw2QGid7SI1UU6dPqZX7LM9soR2Wd1tEIuvYtsqzzqjOFldQJ4/vJQLBgAp8k/kTnusvERoqjNQjhzhWwGQoJrrwgEAgAgxpMoVicxCyusoCcPECTZU8oTcims5HMITaTRVq+/sOi5gBsi4oQmUqbnHRoJKzOk7yVbDsgdl0/hOKrDaVWYLtP0TnmSESL0yjHugepVFhILpPZOMENF/mqcczWk+i8L/2mfRf8OcBFAA7qm29GrUpnsZC8R4b/AOQzMz/uN/uFTqtDmkEHpgHBFrpGv8qkymSdR0RqVqdQ6uph0I6f+ypPojMHRDZABGq/soxnDTihjvTAtcFsPKGFvyHfAVGXCKKIQLbprVnwBYMA0I+ycZVSoIJ4Lqqx0hxXiHiC5FSftFRvKPc791O1lmcSr/Jf4U5aQN4lyv8ALyIGUI1KnZNa1TZpTjlJbY/KVnJAnK02nvgAG80yPomOIhuVQTdGOqqeDea9D/T/AOpT/umVqTXhTgyZIT2VS7UKGjqUWPUxCsoEBW8nbHlA64cwwt5dvjatM3uMSnxondEctk9puMeRXxfSNkctgiiacDfiJKqPFzCDnZqjuUbdUG0rW2ATjZSUQFyegWbxlRx3KurBdfrw2Re9BjUWU3G2ib4h1XPuvEAtgixsUKbW9f8A26EiTHdMGa09DwSneF8caX/Tqe527K2LS0g/JPZUIhNsUIQZoi4yVbyuuF2+mFx8eEPKlFjpiyupeE0AK2AJTGu0QQ9gVJ4ICnjz1Fy2RY2mwu11QzEDDVFcpHf+ycfEvLtZV1bEo4SFfD2jS2NU+lUe1tzMJ2rzLv4W/GfZe1b71M5ghUpMqDRwnGT6XRjMNUC2d1kbqpxnyi3XRWBxsPyqyhxUVQhAQTRuqexUlFWLVfCFA8jM6E0QYwBA7KcG2+pRHyRyuGXMP8InxTnZYzXA7L7zy2B5cG3Pkh3h6g6tKP2XL+kq2Hvev8K5WR2YIudAwIGE+WcpGNh+VCFYlQZWVtynfhVV+p44GE8eZ+YoLKIi6uV3QgKfqhlaRPdZ3CD7xypznEkzk5R6BZKkoFoPAPP5CoNQd8YPYps6hZgjTOYaKytxXVvJlo/KSQuqaeVuEqFDOEY38jkUCSjmknZcygKfmiHXCcPZH0QyiW6VLnsm+0qkXaS5XX4D8sQ1OeeCR5fKuesf6j/PBzYAhFt26KMJVsb+VH5S2EXEgK6CbCEoey45HGXFCFAgKLA2WZyK1RytQz2P1TC1guAdSs7nU4gONvkvaUX03G7CS0RqFcotcCEH053GqgQE6o4BZWrKJVP9bfqiIM8RV+KK9Zp1gFWx5/lwNqNtYqpTdDkIQ/OYRKKe9sBX4o4pKa2yAC1j9KsMfetKHs9d9FOo2TjTY7WPoszA9o0/lZ2msyGx+Hopc9XTqT523XtH23TGNndNoskqu9zdebQIDN2+qcyg1rtd+IBc7cAg06qRh9m8aKmjCZnt/wCP4QK1w+9dw06rYcFVomRdqIWbzXdE/oiPyacBgMINvOAui4r2dNzk0psFHKFc7WQUHsgOV8+zKayrzTkJugyrnDZZOi/5lzY1Nk8ND4toTgGOGbquVE+IAm0qnWotixGhR+0y4g5dY4QoTicjTH6j/ZS6cGtElVPE+MphnutddWwZVZlcP/Cr+CMe9S/j06eiZUu3ohCknjpvu2xVentPopYCQgoVVwlrSQn9CndCndCn9Cqv6VUQ/EVTbtwR+S3wjEnjtxwoUvCIosHVarVCAjnRdyou5Pop5SfRAkU3kBs2K9lmF3U8yJYa9J0Rb5FP9m9lS4N//K5yMHM5H3Z/CmrLd1WbYGJ2UCOM+1ODWBPfUDG3cUKTQNTwkP8AaUTDhsswLHjLU/Y+inyW9FbUrNqVlpwm9ExNTUOCMCp/JSXKyv5VsL8Ld0wJpqNHUhDKZGGqst1Nwg+7Bpqmvyti+nqj7jmj1TmcrhLZuqFTKGkS7UJ/hHVLZqRtf8KAf2sPREzdPbmI21CDHjOOQ/smkyNDxNbqV0UlZGR1UDvshTGd13u/bjbUd3Rz+zf72x6+TL4xhgwcNFay3VsL4SEMb/koU/BzXPLJDZHZEjthdEGFlkbIttNkWOsVTcy2u6/C4fNVGSBzDVUXlx90xYKo2kAbtft2XKRlsb5enp/hUHDLU1jkPXt6rw7TTqMuR7w7KmSalL3SbhexeGP9w/smmMvXXhkzvgGAlZQS4o1Xiq8ENHuhE2UDhAapMoOE7jdZ2Amx39eOyyvuLxhdBAGVfCRjF8L/AJ6+m4OabrPSa7TNsoMYSFmbEXCbkiLrUQnMghMf2sn0hYWKpujNy91XllMCQZA9OqpZRmpkndOFTNsd/wD+v8qkahp1hBAseoQpvLqbTB1shW5mkSdlVa77NU1/B8tuPkR8VWzu/wBNvujr3UCFHrxbY5arm9RP0tx8zfVfem84Xw0UNlShhf04Dp6qHfnn/K0x0aP3wurqPQpp90IQZ+Scz6JpjKbwnNgm4CpVsz5AAdEKr78ajlnZqMElgunmJbMK00hBHMO3oj4qiDEOFnDoVFW7oVNjjmHo4dVnGV/vdevCQU+uMpcQ3oN0xjQAgo4QBKzHH/mGejuOHD1X3pv0wsrqFmCt/OOiEK1sIXN+ZkooojG+D6lVjBq4wsjGiZhoA+WHZbiPRbEqECiEHaao02OzaBMqwKd2j3j/AGVZvdVNITpJy9kd2qvQ/wCIBzDAqajYwqdQS6f8KkJEWRjlG6qsdD4hU3WBv5mY9uD/AJgdmH9z5Ac4GNlJUIanZDC+F5wsjf1V/wCFZXauU/lB4DwRxlHB1Gq17QJHVUq+8OgTP9kcLqUN9FEd0N1OmqlmVw3VNvuGI0Va95lPzZoVQD3bEr3eRZvE03Hqco7BNFR8aEK9gn5Ihcom6aHWCe3V1kxMOhHGAJKzWGnDLnHvH08m2ICuvphZXQKhWkYSxcn5OTqpboixyLirKMLcc8WV7TEwQU2tTDwbEq+IjuoTSO6c02TYuEwjVPAJBVQN11VQQDoqjtQi7xE9FkgnU6q/KE8hWMlCBAvuua6/SrwsrQZRYbSvGbPheO/WPovF/wBH0XjNAGD5Lxb3h5qExtshXpB2+/BAJ6LKwDyCTfbG3CMslWMLm+f8qSuiOVSB3UAj8mlyhWQIUIAYRjKvwhDAYuFOrPutIPzKucCLoE4DLMoQZEphi65ZVQWG6q+7JT5TqdFxn0Tqjs5NgmtIV7J8In3iiG2TrEoxZSm0mLM6eGW5nIAW4LR1I8glBotx2/dSxGUBJQMwgFKhw72VpVvySSoUYSo4D516o9CgTwFdEUEW2lO6qobynjdPfWFMahCnTDQhKvZOgqWyp2Ri6GUqGFGo6BojON0XvACFNjRw/wA+RlUDyHEY6lTvZAXKcXGFmYQtvyQ6rKOO/nSU5hlpgpzTztn0X2hjnREHRGLQgIWYxgQmlBHqj1VijWqPqu6rugiCnQiRqgFIX2ejLdV4giC5WV8bqBncLoVKJ6ogieHbhJUeqhWQ8gkoFZgJ1/wnCPkgWwcclaf1Ll/IwB8DGE4mUYUJuepTJu4Aj5ccjCRZEUXn+k/wiPD/ADR3TYhAYElZbJtJkuKdXqn9OyHATovxP+iDRCkIP5hYp7XZXCDwb8Dt0AEApwvhpwc2BK5T3Qn5/wAq/BNHMNW3W3T8jj4OMJHAQZC8SGQYd66qsW2a0FFz8tU66HghFOCP2eqP/wAblNAInbARCp0mySqr6gLbAFNLLDmVSqeY4cythCk+0cLbLohKGilNc26c3S44HzYGE7dBvFCHkXxtjyQUW1SzoVb8znAuKOEKApOEYmm7LUJLP4RJ5cpb1BVCiOZwnoiHDJTt3VLxDbO5v04ZmkdWkJnh2Frtenoq36AutNU8vI0yqlYy84QUMLq2D6hDniGoNZlChoQ3V1KKBQTeiA24zHAED5gWXxbT+ofuPyQqPgJKCHBficDYkYua4OGylv8Ap8yr1N4TmvzjqgWgjySbDVBgz1BdQFdTqgTgUQOLmKHAbzjCsVfy7q3VSwH9Jny5+KHGSUeCcCEYV8ZxlWxurK/FK9m7IfdPu/48gkwNUKbRUqDmUjAIBuACIPHzDhHBdDzGqZB3lGSHaypwH5AfIGAUIynBGUXKyIUcE4cqIPCZwsiFdFB0tOhTrsd7zf3HVHhc5wa0SSm0ofUu7+ENFZBXCBV7q/kacEhDX4HmUgIs8UTs66txBD4qfMlNwB2UIIQsqnGeC/AFKsrLmw5Svu2V2+9TN+7d0x1MOGhEhZcLqr4g9G9VQ8OcwEnGMb434B5BA4h5UYcpTzSDh7zYn+6eWicAhgfjTgFPmQmhZQs04yeCy5uCVlHdWVlzKAoYmt8JVJ6ORb4GkD+lWV0X1A0bmEKdFreyuumAgSpV/gJPz4b+bKn5otMI/koxhTx2Wqc5xa1E3KACtw8qvwaIlysrLmV/RZYaNSneJIpt/wBJp53dY2CGWMc3i29rqygkrME0hSjKGErm1t5l8Rw38zfsvZ1WnZ38qfyWR5dkGUypM4ANji5eCU4EKcYlNotkn5DcqrUJc+07boNYALAYScG/eO3VlqiBhuV2wHAFKjgnhKt8DdSEKjcsd1lt+TDygsxAQhWRPEZ4JhBZccqM5nXd/GEBXxvVHpgM0I3lCFZWJRgFTwWxvhot+h4TthdSPPg45r7+RA8y/wATGiITjhmVlDeKSjsnt1GBc5XVsLKyz+Jf0bB/xx8lVyiFzKT2RyrMwTqrBWRHBbhgo8MhQAjKsPgQiHghAiRjOA6fkRwugECpKKhXKEoFZjxTUwDgiHWwy8MVqw/qHH9y/wD3YWRlQFZGYxv5BlWwjgv5UeVATqNafwu17d8boEI+db4Io8EBO1V7oTZAaouJ6YEIq3DzoFiATSg3i9nXDvwv5T/bCESjhmXsyR1V8CdFYYa+Z/CCvhKAUfC5lmb3GuMKFOFvjAnOQGAQTUDoqR7oRZEDiPBdfdjyQ5pBThyn5d+C6gLnV1dQVmCIMeZKgKOGEIUcMeZCsrIsOcfMIETgBwaDzOY+YUUcTieB2ayqAKY4HOdZBWsspxlwUM8m2EaqThdWC+8b64xhfzL8Iwv8NGyYdD8uKanmc3mDgahCugUENsBF0JXNBQgHHMcAmxCtIwzHCB5QV8LYWUELM2e2OV0oGPNkoo42RlWvgfgoQKEk4XxsuceZp5Y4uVbnAlFqIXdZXL72VnWicw3QshjmEKDIUuQaPLlXwsjOP3I4Pwn5eZCKtiMT59sb8GuHNjZQ4evmWHwmw45hB7AnMcrcGZZah8mEdEZUq6FlZXQQhfdK+J9q0d1PmX474DijCPMv8sL42wsPL5fn5YQ8+AEDTClRw38my5lCMY2V8LLLRbwfefLAq3mWxtgML/AW4Lrl4brkHl8o9fhbqwPFmbl6fA3xnG+P3TfTgufTC482/wARHF1XTDTzLD4blhQeHLUCn4AThdGcLcEsjor42OO3wR8iPOstl1x08zT4UhXQKhEwizDnb6rlHm2UKcZOEcEL72Oqvjy/PGHDzbcFsbSrcNsJ4LcRwiD3wmy2wuoPl8w+HCEhAVECEfwr70DorDzbLMFlbidkJgiOCEE4uDzYKbolAK2PMFbzL8N4RlWVvMvxXVir5fpheDiY8uXH4m4wug3xAcN/OAWcKWotKJOFlGhR6YQvb1T0C2mE1ogYjHmHk2xOEjgurKQoHwF8LqBK/wDCzDvvhmbwEeRDPX42R5NlzqRhZFxVly4X4YGGWuWH8SLboFHCMeZX+Ct5FvNspGQ/JFpDggRKhNcEYKmxw6YDhzH8mlQVZWUlWUK2McMuRY8OGxQrUQ7qEQ/HnnG6vx3wON+K3k34I4LcFlB9Cszcw/8A2CHyx1UKQggmKN1lXZE/lPMrIIK/HZaq+BD/AGR30XMThthLcL+RceWApCup82/Fzn1RY6fqgWhzTZTrrhdX4r/lUjzLLXHL4qkf6lbC+EHC/kcwV8Lq+Anjj4TnwLD2OoQsQVG6DgmymoBBBCFzfm1uCKjT3C5QrcEiDw34bnG+G2E8BnEYW4Y8u4xLbHRMP4gmj8QTTuUNl3RwkK/53yM/28N+G/lXKurcNytFc8VsLq4VhhfgvhycZlH4P//EAC0RAAICAQQBAwUAAQQDAAAAAAABAhEDEBIgITETMEEEIjJAUXEjYYGRQlCh/9oACAECAQE/AZQdIi/tGx6psaJElpiTszRYrGpUJ9m5CTW2cUep0v6OaHlo9Zkp0rI54N0xrocP6bOxYlutl1KjM0lZGMq7KGbCP2wMWZ72mLyShuRsob1Y+S1fNTY2VZRQkRj0NdknGiKVGxWIi0TxRvoaXpsZjxyl4Rii4wo3K+zN+Kcf+S1Xk9KbSaM7qG35IRcjfNG6TZPNSpeTHnbTsU3ZdvTy/wDYjCLXgcUZJuJiwSfdo/1I5KZCEt92X0fPB+y+b0to7ZfRB2z4HDopi6RbIxVHglITZL0/kjtjHobvwShJ9URX+nXyYsf3+CWVR6Xky48s52Yri6Zj2ux41Z9Rg/8AJGKVDyfwk3/TdL+ldGP8ESkSyxPpnca/g3I7Pg60kyDsbRt5v2JDRZFWOJHGxJl0RcbMk/4RmxZ6PWix5URyRbpkfpotp7rRKKYkkiUnR6jI5XJEoz9W3/dJwtH0sXcmLyXaaJw2EcUpEoUtMWaTkkKSJ9mSLTIfatzb/wCCMpSVqf8A8JesvhMU5NdojI3IbtijRRfBe2iSdEcTZ3Fnp5PNELSKMmaKVDm9E9Em3SJY5rymfTxk5qkbVFEX0Ozb9rMmKbl0YMU4oyJl0zf/AAWaO/ablYm/UJ1uoSPqmtqWmKSjK2KUZeHekk5ZNz/6JpbUpf8ARulu+0lmyV4owS+CUlfYmyMUuyxvsvS9F7bHNn097bPqFFKzHK4ImzLJixykNU+H0S/1f8LSTjGSon+Jj6N3RPNBKrPWj8HrQ/puUo+Sz7t/+w3FPz2flNW6HOPkxtds9Qy/k9fpl5H40cHJ29On0QW3/JkT3FiutHIReli9u0ORi+oaVE8sZLsw5fiuhwsy414sxvrom/ufD6aORTUkuj4G6fizLKR6teCUm/L4rK/nsjkVmRfc9FR6iQ838MkN0dy1wz2seWD+TaM2qzdt7PVi/KolJbWYu2OXZZZZuZuYpFl+1ts9OX8FBt+CH0vXYowijcj6iHdog9sH/Rp6whckZ8u2trRi+pvz0dSfknkkltvk2keoXN/BU38ii/6beyhplzLLRisx5Nr8FpropjlGyTuR8DbZD8dLE3Y9K0UhMv2Y9TFl/gpKMrI5U0Jyb+4pUQy43Kj6qcLVEPuVMz4Nv+NMEkzMor4IY250bJQl54OSRviO5CS/yWkb3/DdIcmWxSY5Mtm4sVWWYJeTLPulrCFlMjG0JSQ2WtXqmJifs45JEmiGTbOxywtXZlyuX+NF5FNfA5/Y7GzHNxZNZsjSoxYJY1Jv+DfBpsqKHbK40hrkhOtUR8jbEzb0SXB8Uxe9FiVOzLkctMGOKin8mBRc2/4fVZPsr+8G67HJvwLnJm4kuK0WuOKY4IljF47LsrV8k/dWm4ZRDNNdeSPSR9TK9uraPOll8L0biPaR7iSXesVqloo2bOtXoxLr2VZG+VDh1wQnoxIXTMbk27ZOPWkpiLHIZZuNxeljGY/xMmsUJFC8FEF9xWjGxD9qIudvikUPyWKVm5x8Cyt3ZKWj6RZZYkOjYdHRWjRBfaT86JaQRtKKMaJDlpWr9lC5LR60IsoelMtIbILsnwsgvknLoSK0oaIy6JEY6IgJGxUNUR8E+T9lCFwkhaSL1b1Yl2MemP8AIyeeK0XBjI98MaIooaEqRP30IXB6O9FEooorRkfBJj0g+zLG1elcK4XpITpid6IxxIrR6SXvoQuD0bEuC4N8YuyWOmN2bNFrWi0louiE0yMCAh6sfvoTFqtNpXChj0fGLHTRGNSHLRF6OQtXrRDJJCyMWd0ev/seoeoxyb/RQtUKJWjE9EyT0rkmbmbr8jjXBvRaMvVC0j+ohC1URIooeiRtGJDQ+SdD/pu64NCiLST4IWkf1ULWhDG0N6RY5lkBrofOI9L4t8UIiL9VcG6Q5Wz1Oh3rWiLFIkVyXGK1yVXBCERVLRfqLhOV8bL4IfF6S1orhPiiEK9l+8uLZYnzRIhC4jgxrStHoosrhRtsljaKEiOJsjBL2vj3lwa0ooXCtLGiPRIZs0ooZuL0orhRXuIfuLjZWqZeiL0SEh+ShofjgytFESGv0p+4veXkSEqJGMaJIerWkY/prR+P0aKKK5VSIK9GiCGPRoQxEf8A01G0oo2jjpTIR70S0ZGSZJ9Enb5R/UsfO+C9ho2m0aHHSMOjbTFpNfayxzbVa3qxCf6T9pax5XrWm1DgQj9whs9RCZkf28XrjVyM0aaLF3+i/di+aOxeNF4GpCg9xaMj70xZPhmafxwvRLTHKpGaSaQzFPuv0n7iffJIS1UeGTobvV8JC1sTGJfchfov3F59mhEpd6zVrW+FkiI9UMj+Qv0XyfKPn22hOhz7Nyrm9ZCRGNnoJQtkl2RXei/WfKPn3ZI8exWlFGDHbPqVJTr/AKJ9Cfei9laPk+dcF7rH7a8n08ej6uFxv+GR2xvRe2+T1fOkWJ+xZfB+3HyYvxJ+GT0hL4F+k9HwsvS/fftw/Ix/iMyeRnyL9J6P3v/EADYRAAICAQMCBQMDAwQABwAAAAABAhEDBBIhEDEFEyAiQTJRYRQwQEJxgSNSkbEVU2KCocHw/9oACAEDAQE/AZYZeWqdGNNR5JMkxTLbYptDSfJOjUY77CjJI02BuXuNZg9ntITyRdIccyjbMeZ7z9RD7jTjCGXHHd9zFNSStU67DZuSODLkjji5PsLxLSyyKN9/n4LJIfc/SKU90jFLZl2NPtafwavURxY3L/C/uaPHncN2WXL+CUOSXC/uPD8/gimjS62b1Mscu3w/yPuZMe+JGCiScPgaroxldKKKF0Yx+qGVt/glI2uQ4UbSER4FtIwS+SbjRs4QsURUhck9JBu/kyYWsbKabMWjz5pexf5NBp5YdPGEnbQ4xu/k1i1FLytv5sWXFKNb4trvQ4t00eLZEtNt+WaPSZM01XZPljlJI3Ts1evjBUvqNBr3lhJtdh5JSYnHct3/AOYpWJtytfSvn7ijF8m1GduBo9Dnjcpyj9W7gjPU/q3GcuKdfYweH5/1fmyyWrsnJJEecg2LpLh0+iK6UJdGMY/ThzPIuxkU/Moi5QiS3z5bIOomGVyGt0WiGBpO2OLsjBqIm2xRFSJMt/JNYL9xjxwhFKPbpOLZXtNPosWLK3GLv5JSXb5NdotRmnxVGgjlwNwmqRilCd8pjwRs8V8Pv/UjSpco0Wtx4IOEl8mTxbFXtQ8+efNshrc/ZzbQl7aOeBS45HqMf9zRv2bfsUIyq0Rgl0ySoxNsltfDFh/JtoorpXRjGMfoUIYopLknDiyWSXyYIOY8dcEMDMafT29zPn4dMwauW7sPXxi+SOuwtdzJ4jjXbkxa/Hkko8kdCpTjLfaGkLp5gnFk8ef9UpvtYkZcalBo8LTWScn88C7k4qUXF/KPEPDvJaad2abw2UuZcGXBGGNj7mi8Vz5M0YOMXZuQ43Foy45QZGSxQ3ylLvXBBvJDdDI6/KM09ZH6Yxf5MWbJKPui/wDBHUU6PNg/kfMiGNRNpdcCH0XoYx+mGWDnROElEjo5TtsUJ4nQ8eeroxXSsqjUauGNE9bKSPO4IZYRRkduzHCc5KMVbZPTZ4fVCX/B4Vjy/qYyUW0u7IbeaMi9onKu5CTaNfpNXPMpYnxX3NDp8uPH7u98jRdFnnQ8/Z/VVinTSfdm9+bTM8o3Xz08SyJYUl3vpoc0MWbdL7GLJDJypKRBqiN5c7nfC4SM6xbVDI07/p7GSeplmi8EZbI8L7Go1WrgkpRUbXfueGZeHH/KMmS5u+5FsqMGRy2OfuHKxXRYkL0MY/Tim96ZPUZIw5RpMm7HZncYwtmJqUEzarPEMkowtGPDnz8mSDhJxZZZu4PBYJ6hv7RNrvgUYx+O5GNMl2ItU77GTxLRYuPMX+OSPjmkfzL/ACiPiei/86JHJjn9M0/7MuheZ57r6aHl0+PNTnHzGieqw5NUv9Wkn3HOO2003XBp0nub7jx38niCfmS6+ENf6n+CVyg1H54McFCCSNRofPyRlJ9u/wCSq4SHCM4OElwzTaeOBSV3JmoxyWW64Zu4JRlx/bp5qPMimQnu+B/cUrI+hjGP0UoTM2puCiaTUxjFRZm1GKUeexo9Tv4S4QzVYozW2zAsahUfg1srzy6whuPCNNqIz37eHwRQ0Ss13jUcXtx1KXy/hGbU5sr982/x8eiMnF2nTNL4zmg/9T3x/wDkw+J4Mk6Uv+TxbG46yd/1crpodVCMWp/4IeKYYutsiXifKqLSvk1UI5cLywd/cfTR6hYctyumuaI+JaaVVKviq5PsWqHCO5vkzZvLjKb7L4MXiWGf1qvyZcuLy3TRp1bv7GbNUqE9yQxJG9iyMjITLF1fR+jynJfk/S5n8EMWXdVGPw5SitxCEMaoU0avE/qiYm4YvyZ8eRSbkuuh005Tja4s1Golj2qDVGLXqcqbSFOEu0keLeJSX+jCXP8AVJf9epJs8saivklO+7bLN34LL/JHJJRcVkpPuKLoUJfYzbeDw/XLBL3QTT+flGPLjyQ3Y2miO9/gz+IabFPbKXP/ACavU+dlcle34R/QkXKS/Bh3KKaJLfkOyF36Sb+CmJkMgmJ9X6o+3NtIySR7VKyOaL4+SKk29wuBZ4bttmrzQUkkyEFOK3I1+g2e6PYS5PD8sZQr8Gp2r4MWPzc8or4M/m6bN7Z818emmLjuNv44NrZsX3NkfuKKKRtQolC6StocWjwTLUssPurX+DxPxOUZeXilyvqYrbtmJGDCmvyKEvsQh7DDilC7Q2Wl0fVEZCkJ/sPLJuzTZ1tVseWH3I6mMNRfwefh23uRrNa5SqD4Flld2Qg3JSZjzwbpPkyteW9xOtzNJqHjfazNj1WZxilRp9L+lhknLn2/9E5uc3J92/Rwi5MSSLL9Fsv1S7EZzjLdFtP7iQomnjUiCaZ5kiE39xtE12ZQ2MQuiEyLEy/2LfS+umlcaIY9uXca7WTl7V00GmhDGpV7maWMZZsjaaa4s8by+XpNq/rdeiKsUF8+uiCtjhwRfpl3EiGMWMgqIpdyW3ceW74Fe3lilfB8Fi5YxMT6WhSIyvovXtdeiC5IpJcHNGbdu56abxPNGo7VIi3SdUzx6TccP/u6qLZwulMr0U+kVIW4lxJkXx1nKhGKBCBtIwJ43JJL7kobTcbhUTboiuC+tjYhCE5Mhfz6UrZHBckTwLyyMETWOiumDP8ADP1GNfJqckJLglwYcs4TUl3R4fmyZN8pSbPE4uenv/a+kYdNoosRRtFE29KIiMv1kOs2mYse4hjojEohH3I8ymbk+jYhuy+C22Rb+RvqhMTIMXpi6POkLV5KoU2LuMosUrGNWbaNPqJ429vyR16eKayc2q4IR6JG0oobFZ5h7jkTGJ8E3c2R7dJTtkUYI0hIiumNfJkxtSOy6Ms3D9SYhECPr4IJMa6UNckHSKscSjgptiRFFeirZN0qMceRss7llko8kTLOlRF8mJGOJjibFQ1RD6TKP0sXoXRCIsixehMfbpHqjaUJEkSELpj7lel0X6V0nwUJcmExR4MURrgaEqRlH0foXoQhCIiI+lI2oQoMcBIUeDyxImSfJBC6Q7kkP036kSjaHFp9NPExR4IR6NDMiH+4ukSJEXXPixx7dKIQKGihLgrpJWSx1IXVHclErox9EX6F0aTPK5MGOjGiPRjJE66P9pCERIsXXlsjHgWJm2ihoS5KK6WlySk5Tbfpg38DRQoDGV0hhb7mVJOi+i6ox5GiGR/ceq2Qs/8AEY/7R69f7SWtk+yJZZy+ekXQ/wBpCEIiR6xhZGFIroyxR6SKZPhNiXpjKmOboU7JX6MUL5KSRkdvovTZ5hmycEGdkR56r9pCEIiRF1jESKKGjaQiPENEcdmXCz+p+ngjJof3NxXXHkilyZM+4YiK9LMb4Q3chPsSZjYi0fK/bQhCIi60IZaJSIyMUlZLNEfJgXJkx3B0ua4JY5RlUuGV1TH0j+wl6X0fCEyy+SLL46R+PSivUhCI+h8Inl5POW08xvpBMop2QyqL5FqE+xHK6PEYppS+UX0fS/yIX39MmOTFJmO79NdJStiLI/UR/wDs3fJwY/q/uV6F0r0IQhEfRmyfAyyJRdG9imiZjnTMb9pqIuUWiWKcVz29UuOOtjlQ2+iIelmSdiEMiRL7javvwb+Ud4p/f0r1IQhdWVY0V0jL0U2LGQtImx4FkxNEtLkTrglBxfPS2RfJNvc+kIOXYcZLuPou4jdRHImWNksyRKbl0XVMUhyYiCNK92Nx+w/QuiF0QhCF6LRtNg0Y8TkPG0IUbNh2N1iVsgqRlgmTx2qZ+i/9RPBCuDbJE4Lh/ccEQyOJlyWPovRbL9TYmLohdjRz2z/vwSXPWxCEIQuiELoxkICgOJNGPNtQ88WQpkUOSRaYoEIckpNMY0Sqic1Y1Z8USdFjG+if7qfSJ8EHTTMzTqS+V0RfRCF0QhC6sZFFjJKySGKbRHO0TytmmU2xRHwiRj5Q0OFozRqRCRtTMkP+yjJKv4KZEQjHPdhr7dEIQhCF0QhdGMYolG0cCWMlAcTaY4fBFKMaRjTZJDiYo8DRdGpncxRe2zTp2ahIZk7/AMFMgIRpsiUuew3yJiYuiEL1MbGzabTabTYieI8sWmZjw1yRVsokUJpol2NTle8k7Zp0nAiqkaiqGT7/AMKDIkSPccWkJkWKREQhdV0Y2NjYhFCgbRpEsaQmyMOOSMKfWS4ZLNRPWXAk7ZRhnVoWUy5Nw2dxr+DEiREYpL57ErTEyLshRYmJllkGWNjY2NiaF0rpsQ8aruY4VPpZ50b6T+kyy9z6X0TLKNQ6iYJWmUNU/wCBFCEREzJyrMdkTHyyyLExMsg+RsbGxsbERbOSPY+RdhqQoNSRaM+RpknJs02XimazLSofWjaIkycdyohilDuIzQ4v+BHomRYhrgiIw9iyLExMsi+SxsbGxsSIrqo+jPapkvchx5OyM8nJjQ+kRJUNUSImT6SI37WP96yL6xYmbuBCZgkS7kWJiZYnyOQ5DY2NiEIro5U+uRXBiZaJTJMbGURRAyEhGSD8uxEvpH++hMsTExS6RkY5cjYmJm4sT5HIbGxsb6IRYhxESyUzeqZKQ5DkNjZYhLg7E5cjZuP1EHHaR7Enx0f76YmWJil1hLkUhM3G43ClybhyNxuL9KZfScR2hocRxNosVoePkxwJSpjmSkWZslIwSuFkRrjpL+GmR7dExMUyyyxM3DkbiyyyyyxMsTJEhoaGiiLoyG4nz0YzUO3RppU6+5AS6P8AgrrhfcnGiyL6ITLRvN45Fl9LLLLLEyyyQxj6sY+jJdmZvrI90Q6TiP0P+BjfuO44sVliyCycm8bE/wBxEhjH0Yxj6y7My/WIx9hdJfwl0j3XWXWPRiF6P//EACgQAQACAgEEAgIDAQEBAQAAAAEAESExQRBRYXGBkaGxIMHR8OHxMP/aAAgBAQABPxBKwQDWY15jqIMRX0jGxzBFfmi+R9xxgWFYlXUKkPqbbEsHaIZxcMwDHo6nPBFqfIdPNTLmWW6Uuop3GAEuiCqowkaucxuF2ljkYpcuEuAiZvMoi5glwUXogACKXYtiJGNVKPG3URpO9OPqNmCPB2xAVyOXv6gU12lBPBHts4bjFKO3RIu3mHZDibj1FVudoKEVoMRtsRauNGckQEZVO8JmYdpdrziIoCb1WuJimLjZq1qFaWnBqtymniAKwTDcxTtPuWUCYohmVqvuBGMHpcYeqxjGMYxjGPRjE6VKeEvZYjh0mpBYpdxN9ABLzFglriVCgVmbSyRtRUEx2EC1FCd5eKhQnaxQQzUbupSCJFA0xKXFC+YzxL3lgESGs6lSaDMcc2OukLjDlM7oCUY7RoJVwq/UJbYf3EC+hNRBAV1dcShTvErlhoCYsASGmxL7MvDbpKaF9ntL4nZ6eZXFgXusuXBbaO0YJ30hGCVKbaX4uYYYamI0WD9S5TNvu94o4q5ol5LAp8wQt4yi4KaInv5ja+XMIAMECooBd3G1VSGMLVqDY3zzALnzFeHf7gCCZ4lT7hU1GKmIN9FUWXLjF/gWMYxjGMejGPR6qGJZ0lR4qhcssJRE6brCagDVJcebEQQ+IRqlv8RKpNhZfixTmEBZ3i5XMDC7hwwj26VEuZdsbz3iS9hDB4l0BldQgzJdbZTHbTWoJLxKKQU5xMPMDUspV1KBFEfAcMNbJsMB4uWBBYuGql3d+R2Sl8kHR5YxuGxrZziMmz3FGUHNQbJkul8xE38RQNu3vAkR1GgiSn0xLuILt1iWMYWPBxL/AMly4yu7E/4TsS+O0n9QgboaOe8UZT1lldpfEcYeooHG5SZrUFsYBziFqQbhwbjshRgrzk9kooO+Z8j0Sr6XFixYvXYxjGMYxjHo9HpUTiKQOY3QBhdp2sAwhTMnTViKgzMMxUQ5PiZmymUIbKdgEal9LVCXRoQliYi1oRy1MaWPMv3ESKSKLhbVfuVdHRijTABNjZClgxhN3LNIpcqWWxUyzb0rPuLMExrKkbJR3yypHy952OmbwgfMPWmJY0cDL2b3KMyxCUEpqBXN5Xh/qGWBQbojIgkuI7O54I6woDEeE6LTEhDaCWy6gBvY+zvKXURwOj0R6DNxUQWom/DxGmKIlS96K7Ft+Jdy8PB4llqAsme8tCUUoyytmBeGKAuTgjC3/kAVGecZlCnlyxb9twCjoVDya/CNlSFZMwTJq38ygWd5Y0QLKBbKIsWLFH0sYxIxjEjGPR6Mem6fsg2QuN0RV1EcwzcKXFbcdAAlyoG4oDcAqClxEIARBRRcYwmEzmKuYqy6EklElEXLh8kcqojeu0qVMIPB1BZDPpUZg2InxG0EBqocMXr1AVM45Y8eCWVNxwE2RFTDkhUzvEwEPJ2fmKq7QmXZiC5boimAmjWyshlAgqLQHF24x5j1GKViLxf+IUFmV0BlaiLmkiVWLX8yhRVcRxT6lDUalGOZWpDsGEapMh5xLKzc3q4UugXuGSiGUVIwEJLKh2jetLDEO9Elq/cC42NqZc2mnn18y+JySwI9rJ9GXCgrvcFst4qVcm+1QXB8E8JHsRCQRt4ixYuhjGMYkYxjHonRj0EVmJUU7lw4lBxBMQKlu4WkwtHXUZgIIOjLckTkgFMkvIyiOJXxHgTJ9GkKjLkyIlloYJtRLm13CUS7FYzqFlxnkvyB1GLVSIaC2ZJZDbVNwhSJfTHhmHMMucTPMo4gCCC5RqOTNQJQVhYVYYgvARCIuKjcBxBSDUxyC6fXECS9BTgIxkNuzZ8S54HEzBR5istmdx5BbUAWKa0Er2tDECKxMDe+hZiqxwMJqRCbOnMviZt0BKU1Ste7RavAt1AhB7RvY/iXI4neZjrb0Wd4koQwl5nMrGXFjGMYxjGMYxjGPR6CpW+1y4WV2dAF1LOZ5fc4mGZClagMjcvQ2NNkIVUYyxwRNrMOtwOcqgQu8LHQtREoQX0uCZVtXLIOBzMDES5lO41KMSRNwu7gTV7mOrYE7j+ogT30CVFAfiN6csKWd5vcWJaW35qoZ2Jih4cxxmNIFdyphdEVYkIFLWbGYzNPBEAOIgu2O0ReFjg8MC7QXcvdMK0mZXKMsMmWJRYiSqtnAWGKIuBnhtX3Dsm2E4zLpHEozcsnCzUoYKiFeIZLR5lEZyJjzANFy6BxohVvURD8MUC4g3E1cUvMBqGmriGSLDFjGMYxjEjGMY9H+FRSy1hglK1K41UcTcwxLLCTJUquNpLuieocJdZTpmSWjcwm4AXKG5hKg5ovyheWWFLlDJHFMJ4BIJQ7FgwsKxMCKUXNYgy2XMDXeMswiqaMVFArFzQlFSo5D5g1TAse8oT8x5qUwQthciNrpSvdsLsy7AgDUoP3B2gwwQLSLgfuY4TOyJrEJdr6gLwQK4ezHLsZa7MBeYGsl1nmsEYGps8MIWd6Y9Ua1YhiT5Ybr7igOc2F/ZEozuzT8wRoeS6+jBYCuyStWnGfUQXZCMhb3ZZLWWQUnuM63FMHWYRDq4pYSvbiLFEqG25qBmeGPD2gxGMYxjGMYxjGMZXR6WoWnEooSXM0VKJYZlQysSrZuL0x3FzKFIR6AsesSxmCXAd3KNO/QDIQYQziSCmGbs0x13C/MRlVKxNoxUW5VG/ZNfp4mRL1l0mDstJ9LVLwdIQu6lyzESAYUg4TcsDUdQgqUCAXWGMIvEbQ6RiNYgtUVpcJW3BhN7fiXhrdjUsA0MGa1nELrxcAXcPl4lqlQo1nguIDagcMiuosEhOWQYoBaIXYB/cDQ/q7yg7TvLCnS2MMQAecQOH3MmYO0LYO1lANgrs5IQHShZqPNcYzGu+THNRXGSMSSsecQZsganJXmY7GeI9RpW0EHxqKo+Ub0j6GMYxjGMYxjGPROtQW6j3JkDYZlaKgdoFeIURnADUbpLmFhsiiqS61AqIQizGozzCtwXhm0zBA3K1RGlR0VKtA5mZV7YghfqlMr2xUsa7dRVt56KXKq5lsDGCXmKwcuE1krVEbz9twGADxEvctxK1iSxZDWsIXIhF9AuEAIkyooOI603D6YY5CtTkTUsujvAC1WBgwcRCuFIcBI1DlirBEYMHl/TAy3sOpVLRsHUO1E8Qiy/08x2vI9fB4hBFRUDi/7hN/MZpamfcpoaiLxCGFO2ZmLHDOPUK7FI5GUHBGu1oLlD5GjfzE8H25/ct17AKI5LN3YVVeo/c3MLWiRNq/ETLKhhGP9hEMpmpZLrDFCS614xL4GZhpxuY7koS1WoFrApHiD0giRjGMYxjGMej0rqgsAFSC/BzGvMs/M4CVxQblUeotBqUNyuGyOJgoYUq58RA4xMzpIwTKowZ3CR5oaPvl+YVkJxCpcDdRSxCggpVBTUoMWwyxzTiU+FcSsJzdM+JQ2xRjBzBZcXNxpnwiAFSsQwmu8W/UVt0QIAsdx54xzCzC5cHTghWhcWFEeYag+usGcO3cEHLy3UQFEBLSp9XK0hVcy6A/KGQ135YKWsVnHggwmrja4hK+MQggHbxCpUBiXOBZQwpEgNrADMLLsx2xQstYb4glxBd8Bz7j29qRlYjpqNwRvY4Y42NPiGtDLzLwcjqBle1dERXB35ZW+9kEwRNy4gXCMEOWXWCKWEvEY9GMYxjGP8yXlFXqWyahNjKC5hMMwJ8wFKjGKpYoaolvEI16YvZggu0pYwivBikpYykJ+EBbiU1cuZhogmYhRHJcyvfCtbXQXPxKpT2AnslmjAYAv7iBTY3zDr9WDE/plZYws3mPAkyCP2She4KfiLuzAp/MuS7qZitYlLuvUT0KL0AlxjcDl0I6uFC45ose2VEiaKH0kSaVIkTGYuBlElOBErEjA91agSIIcy+VJoESorHsj9QWWIBPkubiW0Oe78SqbX8NvqI7Lcc7VlLnjPuXNNXBVKP4hOPyQvnXtmPcCpYocR2w29oFRVZPE4wnwsRogVQxF8f1MyO07Rt3QbnUISS5hyBjdHJx+JUaIlsepmmq6KU04YfMwFDETpJcaRuMYxjGMYkSMf5UtuOJa7nMugC4LUgwxeaWF7y2OTGwpgQkMWpiDc55qWFJevccYKTOCNFLYTcjAItWiDVhH3AhTCMbpiHmo9xot5I50D5Z5cwxf+4wpa6KtgBYUKDb+IAE727fEyQAgqV8TsFptgN2lETLfJBXLDNy1pgNwwJhMNemJxj1QkpODgZXzCsKiG2TiNYLAs2lWX6uEr+og0RL4gidj32Syl4dQBYEurqCZUjg3WyWzV/iWZccxooazKCJEWEMFIh3Du0afZF7i6DsGiUfQJgb1bDau728TmFW3iW5htDTJgrKGviNsCg0SoqUYpf7iBBO5UAtzcoHEsWd5hHcr6iLDYQhTiFDRApJiszlYGHMD5wQ5lYtqyaN2QCZi3vqDKRhIkYxjGJGMY/yIaEtgeZknkdpjheEz+lwVmImRO0uOjxOZahXh3h5SsTKYkY7wOtvsl04UjJNkGHcxTMUg7ppmVqh9oAbI1+suiAB7cR3noJVQiYlzJENElOXsPaCLLAOPEwNlFO4iUgHLLElACQcrjQpsWcKe0ySqtAx7JbIFG7WwaC19hrtFhWoN1HghuIq3yTACV29/EEblUMLC6phGLiR4ckeFPi/ZGKKGcXSafXEaDWopZK0+cPmKVxnIqPNHb5gZZr+zOpoLGvLnNvqG2+sCi0cty6jCdpyiWy+0ZUWU+Hx4nirPsmUMGyEGS942KFaUI17g8FwQjwl7wrq/wDEcAKuxZiKOx/UuNZ9QO7UOBpl7WX8sRiUDlYFo8ifcHFbBfqOVyEfiF2yPwjlVt8cQorJ5P7iFJrEDOBWoJeY5EshGKRZaXAxKhKHc+KC4jGDotDrKuCMYxj0Y/zs5GoRd8QGlxAvJPBoLSsy5tVQa6k7QTjELSDFLwAw+SErL97xlRB9EQMsgqobhBB5ZiJf4lIKzviXJpIsRBHmIeDtDpq0B2790C7EqzHDC7RIGXaXkTOuB8MNw3MmzsRbZKFelQrTLAC2PiBKRDB3HYylJbYZSPbtNkUWmj83DHIsSyX55hUMjMlCu1O4LVIabMnIe4KbpauzI8ZmEYYMURMaiwjDv69R5QHc/MTK+Fq0eRxUodAsCTGKcBm5YcDm1UfF6hujWmhM1mVFAD+o4aaOAERKDKGBe0g6g1ihPzGh6mjLbWqcPERGFiBOttniYMZ8n8P7hwS1y/oqWDVVQ3bQvBEWVougR8sNRLvTAiDtcw6CDSrfNQCwa3jmWG1u/e3iMQDiq4iGwKDKQhnJiU3KpGg5fcLau9QkFDe4LPqrmYFKV98RYwgeVqKByM2MtLL14IqkBAwZQCdR7lohxL9xO1BJWyvJBf8AELSoxIxjGPRida63KpqHICX7pqCZilxqXMtwYojdKGIm8wD1WMBO/MtPaxVqcx6bp5gPcmEHMcVzHWZj36FgOoupUXgNyiEMttCYDYkL77AbVx4inAHbRfEELG67Ob7x6VBkUvnHEG6F3Rz5iezAxTPz6lQqQSm7rhIJQV22vzFvB9uefXeKsQSzSeL4I8gg2n7e4tlRKGVbSEcAMVVXs8MQRUps7TIYuMAyZBpeLa1HrCdBoPNLHEiF26fG4eHcV5UvdW4mcq7NPxDJLUUJ4SV0nYC/uAYElWH4hvFvGMEzKw8BRL2lvgr9RiGWdUxUpeVFRRmuKR/cIVVDVHXm1icaA6o4hMpWHZWrI0bUlqbrwEHHU4KvtiIjGUYT6FxDUjKqj5MS4a1ZnUSJWPhj8EXCcLw/1MSg6zv3LUFBswL7hRYBrD83LHUUX4P7inPzKUNOnqVocPEdYRbeZSwEFB5xKBaL7EI0OMrAqFLVB2DtjgbEXBMA7wzg9QrF5mBL8SjvBAUWq5YS2EWJfiXWhmZf4wwlb8ESMSMYyonSulSod3dz00tjLqGpk6AgnmBjuXDvEd7CCVAbllwkdrvMtJejFzNTFTgxVCRwSzvKSUeMKqYOtbJcqxycxqRYObdkK9gIJ2+CYBgHoRBQcXI+pUBRFBxVStm0lrxXmuIBRtKkW/KFVMAtFYe0RiLRsYG4SgsWeRf/AGACYTdgPqNCjJFWQ7gEbTCq10W7EqpDBLRm8QcdhhX5zlhxfVVofUFo3gLllMoo8lQCUh5YYRatRVCEHoVglAqtepX0KaDUXlZOrQlpVR4NEt3R4uoUoI9kcOQlpw8TMgt3/tlSn2HUDNKdro+IkoBcjCHuJm7hMrvXNShBaAUp6J2AmGX2+fMVrN7TslkBwzVK7dJ4j7cSsPEIFLoNemMyDZewFrESJ81NKfWWDgUEqB5l/RlWf2S1B79xW5vfZhhvBY1XGZT1FUHb6hvsrnFagJur9BUOCAvC7mQ8RDY2rEVIlbiruJwqOZBUC1NI76JGLAVmGMOT+A7aHFBEjGMf4JK6V0dIQU3N0g3KyqYuIRhalG5TEOV12looBLTxLB0Q4MwSV1CqsliGhjzHUAcksMayVPxM5UZJIg0VK05tlQMjKQNTzDxKfx/4wExQGl2seO6k1ffEMJc9rWnzLtsGVha7d4g3QDLYL5htSPIeTwE3cgW1DOiIZR06q96JRJMhkG+24nKGKIfK0fEujZTdkfwh4oeg+JSozVXjtF7oHlgKquARAeCILlJzs2Vo/wBlDMrZ1G/a8KBfs3BBmcrdfguAbMVRdvYRdYI3QVn2yqNPhv7iBynFFVNcxxbMUrKmU1NFmfECdG93HRfx/sBC8N4rUUay+7I0zZDOGlqNzKL25irBbZzXxFUYErNC3UBWDhE/GmXBMdcX2lrTAjGjwFnwlQS+Vs+ZXZLikDctWTSWOY3eill0QPDG3l8QgKGVRFO5EbJi40IT3A6iI4lIeoSym7P1FW44fDGLc1iCkwX31A9IgIcsSpeJcYkHQ7fQbYZUV/ARIx6sTpUqVM6IOJqOKpimfTeVVcYYlhuIQ5rtOBHGtw40ojLi2UPSdq7wbDmG2ZUS8PSWDl3hi1tLMb0JdQQkQRCr3XzFiRLS8RVHsNf+SwpmBRo7k1qFFHCviYOAFEYQ8EUaWHNXlfqUhSR9PiBzCuu05vxLmNbWUd+wzawiKI8QIgmzLn1qGquOa0RC2ZuliJ0ewbfqZKyOVX4mGo7Rb+ZfkeSpWivlmJqNkw96IJ7+/wDIhZxBhLQxDDkfhHgb4/4TwBxy44qKFBvkhDlPweWKl5v0r4IN7KXu4gH2NTUV9ViBHJZ5ioOz9RHFeZSuqeJiNrO3HuJQHRxFAIu3zDXbSNcciI1sBpiM9cQG47V4hq1kryMIxxD5e5UM3vDGoQ1HRWYkpKs5XEN964SFDu69Ssw5gSiHLoDkS0oxh6iF4jkfwsMUxI/wqVKlSoLiMKCMtEJ1Cl4ibXuHU079oYwiQotSCFOY4xoYUsLRAJmOqjEH1JmTiK/Ee4iGUUAVcYge7ssVuUdFSnuIdgE2uH7Q9QVgGnDL4iZKXQRodvcHMEad0bmNiNULg7BS79mOYgLwynVSkDfLl7vvGGiLZiCLm6tq5V+YRsaO0DFC0tBCBQ1hQf2fM3c4bp9HERcrntAuWyWQB2ZgWn1/cV4H7jW0R4Jab47zTB0ZYBcBTV6reLgSlXsYSOkdVVy4JZs1BqnJs4jhQDfmOBCq2TJogRyPEEOzxFsdXFobl83EbPCYxqCfFEgNSjbMLmlyghaUTGBRjE9cX7xMwj9BbmLaCOZamCyzPxz0FYSMoTUAsRTibQKiV6bsMsCVwFTZG4P4AzfwiGSq73EiSpUrpXUhgkoSOXlRllO3RCJA+FI7asJW4kwSMRMZ3LKoALNQwxELs8wTM0lq0w/MAlAEPjRh7RKxoo8hFKlEuIbB2nlj6gpQcQ8rRRgUsrLRLU4T5mUVVCpzW4+FYAnF8xG0BSmV5YgCgMBdrwHMC2IYtaHaKm6Oe8TteYotMsG2IW1XJgP98yuhaj1G+D4gXliB3h13YgCsZ55gWb57StTRfzLxao7sO2qyw4B+1RdrVZY79vf1FiHBc/iGQKHQFW+JQFANsZ9y2Kt9pg+zcvPB358wgBh4isd7ZRGyi1IrhlQXmCwN8x0dpZrBMEs9pllnGZNd4CeSZogoTbAcfcp+JuO0o3b9Mw4mO8VqAhCgxHYUtLkPV7lipYAiarYy4wejMalhaRFxMWyELl1MCVBbGDEQ6C9+gxz9Ne0cy4I1DmJKiSpXSpUqMstj8yqHUuId5claDC7jxAuLGKdR06bFqLS7RZl3mpKUIdcX0M0SjYxqJgceossXTd7ygVh0DH5qMBN5u+/eUyWOHdcsCrOGO45iKhAMh2rhiivjDQveu0rrC2/oTLLA4OIrOC22iAolYtgDxGTjasw4Q9f1Ncv9EdRL4qV4zHRWih9yq+eeYW7K/UqbTbEu8V3gLjZ9vtggGr7GPqOmkQOCy8sdU0NvrxBuhev9RV7FN0yvYr9zeCuRDkxWecTFoXFZl8HcKDhS0nBL/WC2YwqTJVm4rMAAwlnvEtigIhhzMyxeEy9kqz5myN4fnEW73hqFhzDq6lZEDEaMqVZl3SAZXO+JcCy8QBBlYAA+WEBM0DUKNQGE6WAVKGHaMIZhuW66GLECLcw9Q3X1BcSVGVK610TKQqFdMRjY6ItyhgO4zmV7wb3L11ZOFEIBAKpmnLBdpojwMEC2DmCuEfTLqW9QNimMFWoA7rNGmG8EStMnDsHaAN2CGTg7ROYNP532hO8hRTQjt9zLPXbYBpY7oNmW39QTyPxFkEHda81oingyA0HYqBWyjt39xBVg7D/kp3T0f7DNi/LLpSFdoIFOPEAK1+5YqFrlwQEV1neIJb238Ereh+WAqPeYAsLV/wC3KoL60P7gmFqcBqIW2oeaqNHFMI2nxcytvtdvxiEWjggxR3eIp3+5ocEwbivHLKAcpsUwuBFFuSKsEAEKBUbBu1BhFoIAhzMtx0r3mpGlUNVAPzAWhhslzCEmcxRncufKDLqGSkusQRFMVTxCsqVGPQWQy6ICWYwIYQ1F+Ii8sK3VQROiSuldWJeZm0xmVRONH1SzHIcB3m+ZQu45Byl5QURZEZBIlAhhfpG2EOXW89plSQ52y8GoN42NzG10V9XCBeRW7srtKSxkXI8fHiAo5R8Bmc4G3J9GZSSpd1NrtURs0yWz2OXxFMBlMH+TTddxVH5iS2i/NxBteO0aQWr1bibOD1iJrL8aqAK4se/MagD3VyxvmXjKwOtyhS6XoywMY+f8Tvb8f7CkqFb5/Mu5tfcLhk9M0AQtVjOWYxmWgDyP/LgaqqpKP6R75KIqv6lCtzxLpJevDLyGMTNRBu9RMlgtWAZeIEOFwGKyoJbLh5hthYIGFxLWyoghmX5y3cJqmu0zpc9rKDKC8Q2pbUxhOGW9EsCRYeg893KldDC0BFIIYykUIsWL2idoS08ea6FS7sgOInSpXWoNZIWgpaZQYJQgbS7SE7ekAFhQwComB4bIqL3K9LxgDKMhjTcAC8RLNmpbYRjETJRhTuHdypHN1HutOy+TEeWmeEMNcwmVqHLge8KFWWnEfvEykXzuVIKy2nJh24ibIlbbbXl5ZUyqdjUBUkMK+wSxwM+b/qXMN+H7I69uzbfapQj44J/sU4Fu9n7mgUvZ/wCwaXtWOD6ggwe1v6jXY41KNC82PxLOT6H5l3ZOTcagRLjHZlSs/uWivlXEbBVXEMhoEAHAM5BrV9oKUuu5mJINIiJLRbnfuZLguG2aQyrRAp5I4PM0Sgl7jCNTXHjIJWEGPNQRpNlP7iWVMMVLVUvVKuZljN6IG+RNE+owlGL8wGmKHZAIPxFjKVR7szBmNxFhWMYsT0CCPQpLhItzvQxJUTrUro3JeVIuU9MawYjlH05Wwh8KXGVcy2oYgBdpSikLJKARoGjvGq73HzohwdzlKgQq2o/CX+4DDEvr7TDUpO5Gme85BkXfuXg145j0NvO9RPC6l7lioNtcfMvS+YB2PBGBeOi5Tg+EqFTQXnzG7KPBEK9xxX+6qf3Bc+gW/mMdA8j+2DbeQlr+4k3653+YWBejj6jQqg4FhdLV22MU0n5luhhUVT01Lj/RjjN/cFFqPmqpsTj/AMnIo45HzETsy6XkEYwyAv3GL4Gr5lKHmiDwr9TkKqFD51KMo82MdA6O1zKxZW1wxUPNR3Tt0wIC24tx8Qr29vtgGrZLWo+MQzESAIWPQ1E3Y1KfNxbuWqYAUQEFzMxCE06JEjBEiRlIIYWZUw9Q9XrzDECXbKTmbxO3fcV4QOktSRWHdhhQxIYeolhkeZYajXgzGJVXEBWYkuWJF2SphByRlgW2MBTEEpX6i3Y3mWhyq1cv5vmEhYsPpB4jxE6F8f7Eqj5ijC4P7mbMO1wrykrDV5IV5cLOT+5qnd5ZH7smrdqVQH8MUVoF1dvqIKFHC49jqNOgahTg7hQ9rcpoh7BG/mJhvkAf+/MBH2mSFoGu7T9MPz5Cn9T9EEzj8QypWe1B+moEhxw8fcB1mXbzHWMRgjORrn/7KWGeb4l1ibAO8weUVHgxKtN9j7gAODJMBxTUbgMOZXOkfufEcKweIeEouLOKB8zLt1iBegMUQ4gv6iLUQu9lleiDnIRC3D6NxnkgCMKQsZI9kRggrlBNb6AJBK6kiRInSKjmCDqjczdIEWJE/kUiWGDA2zIFo7TE04i2w8veYtRXtG3QV1K9wUYINFFjqomOYuBgoLEXA0wAdTyzjGuXMv8AIYgGBi5QgqoB3ZQ60tcn/uAWJ3Mbq3c0S4iX00JbrFd25gD8y1uY3iPRi/ghUpFf92m8/EjYwqtMNFBjXH7/AKl23XhCOEdHcEY2O18TNguqaIZNTl1/UqxHAL+V1KwYVCtr7UQgHOV0PBCgrPkw/pWYpb3KcRNV/wD1B3HgDseD9U10ndGO2OfcYFZmu5+h5lpuxBaS4buxW/8AIUU2iRQkdqHv5jrFW4litCN64qUngyziHMwEElZHUdpURhUEzQ2jtc4Htx0hC8LAQ+SWI9yUEqPUCUxNZiHEcwtIniLEMoj1SJKjDFpg6B0ggzBmJBKifxVxpF6TApmIVmPaFrcCuOYNhYTZDZikuazLxWpYkop1NNxBmLLkFzJgdHvMxQSEsDu4mtHsQZtz7npMHl/zEXag33mqgMEbCt5Kx2N9kPaXXrbOHOBmMeEXXNX7gNQwgJXtKPE8yEyI1efP1LMkYUYCZ2sLZoNX7eIEg3Jbam6hAONKtvJziUJZnmWoCsQ/CU9Cgc4vuwSAadmmXYgKyMs5s3wHgdv1GBsTf7HswhN+PmMqXvGYqavjGCM5uxD9L/U8VYrAmB35mYsy3KbJcynqVFI6Iwza3wwQY+I/aX9dP7CYIb9IEYwhA6GJCBh1EgRJUeiSorjDHX8AzdIEpEMpx0f4NqUckoMdMZ1FgaRILDkUvzFenuQpQxXEmdLWHDK8ckfSjG2cxwRe3lGNRyJU2ggC14lqgWJeMZXa+0HDAGFoITyuKBdDh+ogpnj0EooupyVfOY2KIp6dRG52AhUawUwoY+h/ZxA7n6gnBcy3fwSgNP1FE035lWfxNAqBRFcoCCwV2q+0EaNFlP1CatLyVa5VHnUXPYQwKTjVXmBJl6gVACgXSI6R4ZmXQovb/lQ0VqoDCziyGhdnt6mxAFB4IagPJAFeaRjyLKfmc5JVRklxK5i6zcJdelZRg940GDsv30hTeel0jHcWAwIECV0VKg46GJ1IkqM0Yxg6JBBDFbHQ73Sx6PUA4jQZNyuKdXMwBCgyMB1LwAyxoiOWoRI0ZZZidMVV0MCKZ9AipzCgDTMlTQcEOw1coyGoKMsh+5a0YECtZhhm1QnDBaBRg1LGY2TaODoEB6geEXUwkxzI0IglkPr5hY0EHev6iE8T49I92yympQQNdAl0EcAU7VhmpgI7LOaWTBHD7Oo+jhn3EYtDZBGqXdn+RXa3mB3KCWJYJbKooMdAghxEKy/SBW1b+YIJbzUQMysQyh0BAzGJKldGMqJKlRIkVdEiCWYwQQQwQnPQYI9HqNQF4iYWLjLECqlRlheQS0g3HVvpmtOzEsu+8d0RlbEQtuUrcISCVmCVC1cFol+IARDWYOOA47rEU0QF3fFsoK7qDQVaq/l1MQdl1pNlf7ibRroUtfEMZecfiIQgxAXV8SscGK6IvE8cFd9oaw3tTNqCQSCDFijjpLBfiOTbVD05D8wX7HStX3Z+kCiuf3BUaHZCfBEq+ToB1q4quYyDEdTNOJZYYskPQMksdeHrfgHUxx0DoB0SBKlfwJKiyyMXRcRDpYwQTeJ0GGJGPR6azJuBiQpiYbRKqZeYvnrtM9RlKl+WFWpaStSIoU6GML9Eqiw1AIVgi0bIWu0f3LDB8Lf8jqHBcQAWr7IyIFRXm+JSaFUXVDtfcrygWYdJ+44drBRpCKzow3PJ0CoB6SO3RplEB1LL0C+lmS9a+lP6jp8Zlp8RLWcl9nWfDP8ARCAxWK28+pQVyydoeUJBKjTNpigEt6qyeh5JrCB1PQMMU0juGYdCVEhHoyuiRIkqLEiRjrpYxmPSMdN+ox6PTAINNsTlh5jsfLplA1uCocyjmJDrExsEELBEjuGMmp20B6sa9wQyVPqW58sBdWsd0bQBBoiCBqsQdG0KljZVcSwEBpZaZfqZTAh87HMFrzEGwu7i6oGpjxPMtBqU9A2Vhm6/gBBAwuddl2iIoOFj1aXPgmkMAxOIrioTcuSvs7RF9xkiwYaih6KjD1VUfQdW94dyjVZJpuBmbQZUIdajGVE6NRjGMYx1/EZEEMMEEEEej0fdxGQxC9pYLhIdYd4U+oN5jvoTFGJHDNAhATiKWArISoZiFRblXiFQAHfnll72Me4BUq7wSmzVH3CJVUGe9O5sIjeYpYojc+ahoRLPg49swsGLkd/EoDsswBJmFy9h2l2+XDN+USoKqGycG3tEBjXQkuMKCOkbGWhL5TNJmlCAwmMo3AdJ0BeZZtoDzp/MsDLu/cEwAQkKcQxYzdfCafcdnT+5VF0wYwwt/wACo+gw6B16MOplDXQQh1qMY9GMYxjGMYsSMV1AYCA6Jg6Ho9GqK4SQqURQ3K1WEYYsTMCPMF9F0juBAlQIhnmCAq4cqXDF0sEvLN5s8wYtPuIgWI7+4LTkqxHVSobLY8JcNgArATCgKmsK48sOthl2+1YlDGTg/hLcpZd9t8fccQ8QGNsDuRZXZo+IOpb2v9eIoBqsVu4+qMqNFPbli5BVCK275axN8kseWMPRZIAxBAANr+JkStCiUbr3KRmnzAoKkgXS2+bNp3QkRMglZEdI8jwx0j1EuWeDH1B6WcB+I0C4w8kS2d42e4iN3KmTPRNdJi6QV0CEfSnShPCYBIQguH8HoxjGMejGMYxjF1Fj6w6FGMenFLSICBECFW46Wc7pgXvrOf4AsaiQISyIaxDRygQ7zGCtAfuaQz3iFWkCo0i6K84nCdn/AMmhffOISory4siI4VTtf+RdUoA/ErMJCtI8YgVMLa5w/wBEHONoauZHxBtYMGVrXJipalTSz+odqnXYxMK1WNMaGNd1NEdVDQJUXBEHvDkN12e+Y4K8YjojNaODmJEhWrvx/sor0WTkuxMK7j3jSrRaOLf8Kx2gIl8u57JUm9S5d24PQNysTSIbExE34PTOzXeLUrSJaMxtzETlHJBNP1QH+Uwf1R3+UQ4UWZohG7fBNQYdpqNICUxH44Ypp/FYxjGMY9HoxjGL/ALpXRr0KPRjHZSpYljCkO3RKdJRnaKEJmK2whEWPKkahAlQ2gye7cQ9CJbNJUqoS1+o1BV07dVGMzxBYkxbaUscO5/BCMwrP1ctZFZr9ykqbhhdmP3CtJcuG9Q5nfDFkXKGwDv18eI1dZSqMfErrQDA13qAZPbKgmGBUQIdQKYC123LKmENsXNTQGa8vgiSwZXuvMBUYZNEQRM3LOuI5eavfqYbwqs+XLnwxwMHoGZWJk6DQUiTIC8sWlUcZhFGR3cNQFXiLbrcO0SjgIB2hOJY48wrzcTYheJSow1cFpvvC1vEAIzI1NOty4suLLjGMejGLGLGMUXQv4ycQRjHpqEUNpmZg9KhKkZmCPczQlaMUgizpYp/9yNcQRZpY3lqVKFjQ/0R5fUyAx8xHO3PxMqG5WAcfslq0pY7MSqC9HR7S8XA0Uy3wxjdHAbGJ5kCYp8xoBZe1n+onEcAttsWH+MUK3gSI1ZejNdyH4KGdq7wAwhYmmCcdVSGCEYi9efUWsPv/JnuMU9EX8RsLawOV7ESGCtezsTYwdAmBEgwBQAMus8Z7+Yfgrsxj/cOg1Km3WASUZLOYAag9oUABLYi7cwp3olCs41EbdyYNsN4WW2xRxoIWbDVf3KVHaI5iUM0dLly5cWLFlxYxYsWLFjGLFiii6lK6HFH0sY9KncrUNsdWwSoIEBCDCVBmeViAqCxo9AhADoKu4bsrZ0jmDNo37YktII63f7imsX3iUvK2vHaFjZf+ZYuKlORg/PtO78f1G1rX4+4hSeu75GDMVWTn0xWWhaze1kYPZU0ptn59/pEJIKIYpy7DiLaGGjfISFzeEmnuRHath7v8g5C3g+RLPmUY7QJpGFQDDfMeoIpaa9zXpyz7OBjy+YoCCBDiBDNfzHC63L9csAjDD3Fafj9RjWwPYYSa9AQ6bHLDTfHuHGar+em4SgcUQWn/XFtv+xC1V1r7ucg6WNPa4LGVuj8wVdYmHhMG2byOJan1E0y5cuX0uLGLLjGMWLFixYsWKLF6j0tjv8AgmPRu82lQa6FLdSxBgBEdAmJgz0azKMjEAP2dnxKCQFtaEx8y0sMylku+8BSVir4ggsDvxKrAic8V2jiKUv4ZwNIyvNsygI6S8dyNACMWcZ5jqwU80af6RpFMm9vc9RdmZxa9U/SOKtGy+zmu/MTSNYVXsiqKV8L9eYRdQ5d9vkcS+DiPRUQkhmVHLBF1ntd3iV4KooDgg0eX4lJHY0IqitmKrvfqbxtvmHsAn27/ZXSc9J6JhoNaQXwlHrGugdyUxnzU+i6+4ChlRTzUKLWErP5hAAxERGo5N/OYIl8XLVxqF17B/8AIhVnMAgF0j+IMYi5ly5fVYsWLLlxjFixYsWPQoov8Rr/ABZj0W4cxl5h03DcuhOuthjS3pYeI1YKkRiBrFhe9rxC8vxmNAneMvIFZvtEWpej43EgTBztg1BnFoojSPLt4mPNrVfMxxYsH8koJQB+Mq+CX6uwAchkPF7Y/AT69RIRIbE48xBXxTy+TweSOIejDvKAq1hOI5M03xBpHhiglcF/zPQZUFjMcFGZblnA+C9pelQQOiHw6TAmDpO06jo95USotGc3+sf5BCKPUOIdS5lably0caeoyoxZoOcHxFKG4GDCXj3iMAxbX9IFRI404S/WpaM4wQurzUEKef8Aql62sa/Uae5NX0y+ty+ixixZcuLFjFixYsWLFGMYov4dxxYx6D0JKzB0Alz16RIjOIi+ISVIGYI0WGBDKIvVveADq8wpV1Ck1AUwrxAJgcd0LgijiBVkbKUVxHOJYmLlIMG1UCrNzrJCMoHlzde9u4ZV4WZO84D3uPSbqBgbMj47SpRSzZg3/st92I7RsZzr6fmJap3EAMkY/wDGMvonEo9AZQYwgJcRGp0wBWY40/PVS1+6fcFRAxDpOIJxDRQqe6lIcS6fiJgiZMtdXCKDF7gsveUzGzRqDK33+Dt+ISxV96/qVrN0o7z4p9rqK3x3hzXj/wAgPogYjL6XGMWMYsuLFixYsWLFxF6FixdCjijjijGMuEcCwWyDMvg1xBMfBLCYdRlC7qM8TFqGOpXxKddFa1GvUXoXBpkqELhIMcuKXJAHX4nAdo8r41Mp73iEau0YthUOedFRBHc8bKjEs93L4YBhFMMVAKlGTiL4pxrDHOOV69QBsLL+ZkgCnYC7+ZtwRTzf+S6uHvGYYMI0V58RyYkKfMuJgcMDQXfJmbFfMGpbCSSk8sQIB3iNtO7vA6KZQAfYOqH8JcsB4LL8yjPbMCiAJVRcEGwc7YVutKqBBqKiri835gbK6xiWWHOa/Uq5q1Le7CNjKUdsyqCrO3znMzBnkm5O0NRnP8GMYsXoWLFixYsWOosWLFixRRxRxxRjHoQq0SvRDg0zEGARSzL9VAxDgGYtSlqoBBlhD4R3iCvUSmSGOCMN1KsgVjppuo9ZVhwjeR9RBUzPbJKxdl9pdljluCQmSolVq2oObD/UUShNveYIL7Rw4GMMb/SBUckOfiLpg7d/cdooaCHyp44lXMyHtea+JmZCXSY8SlGKzUt54Q5kxUw0Cr3Mat8xLw/MqztGNsPQwm09mF3ab75Nl+4iOdlq+hBJZoPMFW+iTwYX6neKs+3L1wdL6F4/LUvg8SouJdzPyhSEG3bBFHFf3cUtO2vMUVIUXcA95x3jacP6Fy1J8J27/ZKlFP8AsTdrKYNZhIHA077y73D+IOIsIx6sehZcvEWLFixYsWbRYsWL0KKKOKKMY9AlcpBBiG6RxiAMkpgQkupc6dKlaPaikrhogGKI9mGEIuUz0gFqg7rA/ggDtMpdxqEGnnMsrxZFlVxLsC7qoIr3D2l0YXu4mHJkiOxrh3nYLtOUWufDwxM1boVywzfVC9Xysr9E2kwUa4lpUZ7RK8naDEYvmKGe4HQ4IWSZ5Y8pxX1GbuZYTAhUtgI2OCHCVmM9CET2B9X/AB4qI/RYAIDB5fcTiOiBUuTN9aguoy72PwzCudxu/MoKG/8AY3iZrPxAAwRT63KBXXL9QGF5EfUo/HNdz6lHa0zGl29F/gsYx6BixYsWLFixYsWLFiiiiji6GMeigEUGIYOkVJSKILJdiKMvRYRSoUYZ9KIYRcTKWJmbhRcxoKuBur9xCmA1Kpssb3cKqoN38QnJ2iADkI4WsT5eYjrNOs6hLQeHEpVliXb6aSU7NtzB6HBzy/GpjICM4l1UohDh1LwAJa3d3GhDLiW3dJChzE1MG4kbBguKhmHTOKH1lZTuiswSz5P4SwD2D9PVrJk6CiqAWwqXtjYOeYzczlIKbgxBEzcBBW8fCREtc8xmC83l57/gYW09A8Vv9S1Usv1URVDNH5q/zKYwRqnTz/pC7mIf1GMsIo+yO8y49GMWMelYOYsWLFixYsWLFixYsUcWI4sUYx6KpGYIdaBBKlDLy6DpSDpWcdy+hcRHuUqsDCyerZz7i2kVhdP5iCFVtrxV3KbYPPJLRFqNwoBuOXTLQsvxHVx3jZAZdMY+Ico23NxcFzPI3Pg1+YpypI4iEpNcS7Go0tBeoYKNQrW1cZ0F4qDSaYIMRkx4WR3BqBtaYYSCkwkuOmSX2YlPkfrp3hBMRoLhE5W4FItq+7KGIgsu34m8TTEdEbHEsCc8TYbDDX5mbDgb73iHVAlQgsU3hj5JtdYC6lZhxiUg0L+TcxvMHoxYvS49RcxYxixYsWLFixYsUUcUcUYxj0B4gICFISWgyyJ6wSow9ZYCcxNI75h3GYwwuWbgaQA3Qtr+alu4OIK7CCL/ADG2yA3BJmYcxzo4ljEp30JgQFLqnxmUWL1CguI2XV+YOsUxUlrtKGDcaHMR4Vo4f3AmWEW41Rigq8RlPeQApXaPlmBQfzFTg12Tx0EZoiygZOO/iISyUx1oG5SHE7cwqABFwk70dQ1Tt/US/FyxQyjplQjSQKXmIdysBo5hUK5X69Q9g5P0mcKxW48zZ9RS8WA/iWQZD4aZotoEzjiLFlme0QiEZdFV0YxYsWLGLFixRYo4oooxjHogdVjJ1EIDFJZASkpKRERACX3DO4K0MeRma5ZUNsIHREbEwjAC1mEfkm4IOUOU+mNQBSgoHs+IUaidiU53mO3eSpUpKYBhvGYap2zLJstb5Rqpda2P8gZwkUwbjYRLRLIOX3A47SXbBwcdFsJhTwwFBbBQFpVHaCk4mTDFRgRKqUYX5jeH7pTsToE8TYpbxp7y5nWOMs0xnzMH+4pY2z3Czhm0Mr7xp1FzDn4h5QKKhNTjMGvCU3F7xVaKb/7NTnOr/ZLxksp9RBOWGOuh7pdcBFd4rFYw+HQTFjGMYsYsWLFixRRxxRjGMeiouLi/5LqwXjnDpXzj5QzmMoYMwzULdSmqjpLzMRlglqmAkuFmkTOVd/UtVtrJ+SOMCatrKAqGbUr4g1xAVOSN3LI1n/JLUklG3h9lSgxs78SuBPMYj2EMWHg4IirqBCpCqbsBhBGyWWDzAogHELQaZjOTNvio2GiYBjEJsvNDCjWOYEoiKQ0ZymGu5Kgy60nMUNRzBZN5fqDMQwDBLHs/5KjUUiZhExKlZg1Nn30mP3KUDGNPx8xiTFX4JmeCYIriV3jFUbeliqYMUYxixYsWMWLFiijjijGMY9Fhom0ZJfqeBKnc8sAwkalGpWbmbcLxaCGMxaBE7ixFlkXeI13GIOoFT6lin6jLaqvLubJZ2lCPqNEw7rxBG6rsCAbmgvpmdASyPUAZQmCYmOYcrcsBKmgOYRtPIdodAUQYmOzSGmSoWIcJeXEHtLsMAFQg2TKxqu4P9QtiYYecRG5gQXXKvuG5WIYeWXGj39v56VpiYiY89VUpuHzFl34+IqtTRsOVOYKd2FvwwqPWCWsoiRGecaIxjDGICbj1FixYxixYooo44oxjGMWCECssZeZtvoOKONqMQ7FMQdSnBFjBuNRkWwgShllioIRkNXKEhHWIVUuQQdlrl9S1ajVzBKgAxrzLl2f9cTHMYGOdPGOxAgqaA2zLZlg8QcGIoZlVF5eJQYzWCF8gQEPMq55mxLYgyoMYn0MIVsiazKg3qI+6iS4hmIVitwGQjNpsgNsSLBxHUxPUTeIzUyByaiE2B9P+YFDFD4rFQogCPtHsIxjKYkVBiPQoxixYsY9C6HHFjGLGPRghLi1hnFMkLEcsiILOSpUaIvEhDUCCmUOInCNamaLFDcWmWXIzUCHMZXQBqKsrZdUIcdG4dWIkDeh7f+kz6MX5ND+4Q0z0iCXNQLIiBVARikp8DxFmmIHGXtTPDTcVVGQlrKxceuOZgg9plFRiXQ6HCRSrz+IkcOoISC7K+5aA3gPczYE0lF+4oA57RSNS7PcYsE6pATa/mLgvdIlDssuWkoigW3piorEuXGXZaIbY8BGEjwx6jGMWMYooo44osYxYsWLAsXHTEasKw1BLk7ku6AIhUPclfUM4mcICpUQaidILWO1SmohiMpVUuIFLKES4JGowx2KLjt2FbEBtLwxBErmyOg2inc0/uOaok7jAtiZXpDDTy93qK7By5Y0dRVxmAM8zRUt4lUG2nUxZhmNBNkw3DuS70MsS5X6grLzUNzIStu/8gO0owIGYkNx0CIURRxAbnhLuGIsRTeu8oZYWbxA4GlGvbEeb1TecCaUNcw84B5iHYj0hIxiMOI/wDGLFixRRxxxRjGMWLLiru5mgEtidsaCNwMpegQQ5dMRtDZV2SiuoBmCmahAXcKTCrLJAV0IhLx5Qi0emAFmUdyhDZd85wuax8wckodrV8UHzDEREg7BVm9jbwbLSHzA0BQIyK4l37MVT2Izmy6HiI37RXBLXtEOPTMd7nxKqFzE4gI817lOIGfUrUaGJeHJlDFrtM78SoOYqjxv1MszLESorUwCJn5jqL0LNx7b9RP8Au1TU4uoLRL5+q/2NoDDTGkpehIIkYcRY5/kDFjFjji6TixYxYsWLFnlm0MdwL6VREwFIEd1GuDUBcNlGBDExxTFI1thCrniXOorgAf4BZ0ufuDB6NoJvEIih4llq5gJOMvmZi7fjzCzJmPPLyZ3BVUAUHglIlw9txX1YVR3CiBE4cDK32YLABsqUkDEqWjfMAgWJRY7CBKGoiSsZIh+5UqF/ECk+ZYYse4RhBUbuseoUQ8QZJ3zGLjoI+IaJkuUcTaK3BuYdK4syD+Ii/wDuZYGjaE5vr0IgCczTFiRiRixs4go/kCixYs1ij6SixYsWLFiy4M5haI8zlhTUtBpzExmXXcAdzJuY8MResWuG5R37ksFtbjmHmd4KjOCDmItR0SmV9B0CVBbEpMTMvaYCA4/UIEmolUrrYnBDFnuHTtfBD7AUBgCAYuPbLBWWqsKD1D3RUi41V8QoX8QmuDUFRfhAcmo2lSAFx/7BXvP9TBcKESm4J3eYdCCvLBQVtfxADaxCJjoVfA8wWHSiYiZmnRcReecxYsW2Ob8TIjqXiLBxLK7TLp2SyMMB4G//AGVHscR3BjXQ9Q4Wa/yBRYsXocUUWMWLFixYsuWTOKiONQvmFVMRKmHe4UcRL3FnZmaAYBm8QLQxCnEAyi2I+q9LzGEeIrbFUeowFYy5YI1L6eZoSoMELyF1+ooZwwOrcB+2ORaZRaGrLo/aUouIiw3BtwcQPGFw1FCNHEECu76iDcGDpW1XeW6Sxnttl3AhG5Z6NzkXk/MpWBNY');

/*Table structure for table `ticket_event_access_code` */

DROP TABLE IF EXISTS `ticket_event_access_code`;

CREATE TABLE `ticket_event_access_code` (
  `id` int(10) unsigned NOT NULL AUTO_INCREMENT,
  `ticket_id` int(10) unsigned NOT NULL,
  `event_access_code_id` int(10) unsigned NOT NULL,
  `created_at` timestamp NULL DEFAULT NULL,
  `updated_at` timestamp NULL DEFAULT NULL,
  PRIMARY KEY (`id`),
  KEY `ticket_event_access_code_ticket_id_foreign` (`ticket_id`),
  KEY `ticket_event_access_code_event_access_code_id_foreign` (`event_access_code_id`),
  CONSTRAINT `ticket_event_access_code_event_access_code_id_foreign` FOREIGN KEY (`event_access_code_id`) REFERENCES `event_access_codes` (`id`),
  CONSTRAINT `ticket_event_access_code_ticket_id_foreign` FOREIGN KEY (`ticket_id`) REFERENCES `tickets` (`id`)
) ENGINE=InnoDB AUTO_INCREMENT=4 DEFAULT CHARSET=utf8 COLLATE=utf8_unicode_ci;

/*Data for the table `ticket_event_access_code` */

insert  into `ticket_event_access_code`(`id`,`ticket_id`,`event_access_code_id`,`created_at`,`updated_at`) values 
(2,13,2,'2020-05-15 22:58:15','2020-05-15 22:58:15'),
(3,9,1,'2020-05-21 03:29:20','2020-05-21 03:29:20');

/*Table structure for table `ticket_order` */

DROP TABLE IF EXISTS `ticket_order`;

CREATE TABLE `ticket_order` (
  `id` int(10) unsigned NOT NULL AUTO_INCREMENT,
  `order_id` int(10) unsigned NOT NULL,
  `ticket_id` int(10) unsigned NOT NULL,
  PRIMARY KEY (`id`),
  KEY `ticket_order_order_id_index` (`order_id`),
  KEY `ticket_order_ticket_id_index` (`ticket_id`),
  CONSTRAINT `ticket_order_order_id_foreign` FOREIGN KEY (`order_id`) REFERENCES `orders` (`id`) ON DELETE CASCADE,
  CONSTRAINT `ticket_order_ticket_id_foreign` FOREIGN KEY (`ticket_id`) REFERENCES `users` (`id`) ON DELETE CASCADE
) ENGINE=InnoDB DEFAULT CHARSET=utf8 COLLATE=utf8_unicode_ci;

/*Data for the table `ticket_order` */

/*Table structure for table `ticket_statuses` */

DROP TABLE IF EXISTS `ticket_statuses`;

CREATE TABLE `ticket_statuses` (
  `id` int(10) unsigned NOT NULL AUTO_INCREMENT,
  `name` text COLLATE utf8_unicode_ci NOT NULL,
  PRIMARY KEY (`id`)
) ENGINE=InnoDB AUTO_INCREMENT=6 DEFAULT CHARSET=utf8 COLLATE=utf8_unicode_ci;

/*Data for the table `ticket_statuses` */

insert  into `ticket_statuses`(`id`,`name`) values 
(1,'Sold Out'),
(2,'Sales Have Ended'),
(3,'Not On Sale Yet'),
(4,'On Sale'),
(5,'On Sale');

/*Table structure for table `tickets` */

DROP TABLE IF EXISTS `tickets`;

CREATE TABLE `tickets` (
  `id` int(10) unsigned NOT NULL AUTO_INCREMENT,
  `created_at` timestamp NULL DEFAULT NULL,
  `updated_at` timestamp NULL DEFAULT NULL,
  `deleted_at` timestamp NULL DEFAULT NULL,
  `edited_by_user_id` int(10) unsigned DEFAULT NULL,
  `account_id` int(10) unsigned NOT NULL,
  `order_id` int(10) unsigned DEFAULT NULL,
  `event_id` int(10) unsigned NOT NULL,
  `title` varchar(255) COLLATE utf8_unicode_ci NOT NULL,
  `description` text COLLATE utf8_unicode_ci NOT NULL,
  `price` decimal(13,2) NOT NULL,
  `max_per_person` int(11) DEFAULT NULL,
  `min_per_person` int(11) DEFAULT NULL,
  `quantity_available` int(11) DEFAULT NULL,
  `quantity_sold` int(11) unsigned NOT NULL DEFAULT '0',
  `start_sale_date` datetime DEFAULT NULL,
  `end_sale_date` datetime DEFAULT NULL,
  `sales_volume` decimal(13,2) NOT NULL DEFAULT '0.00',
  `organiser_fees_volume` decimal(13,2) NOT NULL DEFAULT '0.00',
  `is_paused` tinyint(4) NOT NULL DEFAULT '0',
  `public_id` int(10) unsigned DEFAULT NULL,
  `user_id` int(10) unsigned NOT NULL,
  `sort_order` int(11) NOT NULL DEFAULT '0',
  `is_hidden` tinyint(1) NOT NULL DEFAULT '2',
  `type` text COLLATE utf8_unicode_ci,
  `note` text COLLATE utf8_unicode_ci,
  `is_normal` tinyint(1) NOT NULL DEFAULT '1',
  `is_free_n` tinyint(1) NOT NULL DEFAULT '0',
  `is_suggested_donation` tinyint(1) NOT NULL DEFAULT '0',
  PRIMARY KEY (`id`),
  KEY `tickets_order_id_foreign` (`order_id`),
  KEY `tickets_edited_by_user_id_foreign` (`edited_by_user_id`),
  KEY `tickets_user_id_foreign` (`user_id`),
  KEY `tickets_account_id_index` (`account_id`),
  KEY `tickets_event_id_index` (`event_id`),
  KEY `tickets_public_id_index` (`public_id`),
  CONSTRAINT `tickets_account_id_foreign` FOREIGN KEY (`account_id`) REFERENCES `accounts` (`id`) ON DELETE CASCADE,
  CONSTRAINT `tickets_edited_by_user_id_foreign` FOREIGN KEY (`edited_by_user_id`) REFERENCES `users` (`id`),
  CONSTRAINT `tickets_event_id_foreign` FOREIGN KEY (`event_id`) REFERENCES `events` (`id`) ON DELETE CASCADE,
  CONSTRAINT `tickets_order_id_foreign` FOREIGN KEY (`order_id`) REFERENCES `orders` (`id`),
  CONSTRAINT `tickets_user_id_foreign` FOREIGN KEY (`user_id`) REFERENCES `users` (`id`)
) ENGINE=InnoDB AUTO_INCREMENT=59 DEFAULT CHARSET=utf8 COLLATE=utf8_unicode_ci;

/*Data for the table `tickets` */

insert  into `tickets`(`id`,`created_at`,`updated_at`,`deleted_at`,`edited_by_user_id`,`account_id`,`order_id`,`event_id`,`title`,`description`,`price`,`max_per_person`,`min_per_person`,`quantity_available`,`quantity_sold`,`start_sale_date`,`end_sale_date`,`sales_volume`,`organiser_fees_volume`,`is_paused`,`public_id`,`user_id`,`sort_order`,`is_hidden`,`type`,`note`,`is_normal`,`is_free_n`,`is_suggested_donation`) values 
(1,'2020-04-19 07:52:43','2020-05-18 19:47:58',NULL,NULL,1,NULL,1,'My girl club wevent','my description',30.00,30,1,100,1,'2020-04-18 03:52:00','2020-05-20 03:52:00',30.00,0.00,0,NULL,1,8,3,'Single Female','note',3,0,0),
(2,'2020-04-19 07:54:10','2020-05-18 19:47:58',NULL,NULL,1,NULL,1,'My club event ticket','club description',0.00,20,1,50,6,'2020-04-18 03:53:00','2020-05-22 03:53:00',20.00,0.00,0,NULL,1,7,2,'Single Female','note1',2,1,0),
(3,'2020-04-19 07:54:10','2020-05-16 02:40:54','2020-05-16 02:40:54',NULL,1,NULL,1,'door test','wevent description',20.00,20,1,50,0,'2020-04-21 03:53:00','2020-05-22 03:53:00',0.00,0.00,0,NULL,1,1,4,'Single Female','note2',4,0,0),
(4,'2020-04-19 15:43:09','2020-04-29 17:14:20',NULL,NULL,1,NULL,2,'My club ticket','My description',0.00,5,1,20,14,'2020-04-19 15:42:00','2020-06-19 15:42:00',0.00,0.00,0,NULL,1,0,2,'Single Female','note3',2,0,0),
(5,'2020-04-19 15:43:09','2020-04-29 17:56:15',NULL,NULL,1,NULL,2,'My new club ticket','My description',40.00,5,1,20,6,'2020-04-19 15:42:00','2020-06-19 15:42:00',240.00,0.00,0,NULL,1,0,1,'Single Female','note4',2,0,0),
(6,'2020-04-20 02:12:02','2020-05-26 07:48:18',NULL,NULL,1,NULL,1,'new wevent start','wevent description',100.00,30,1,NULL,1,'2020-04-18 22:11:00','2020-04-25 00:11:00',100.00,0.00,0,NULL,1,1,1,'Couples','Note on Ticket',4,0,0),
(7,'2020-04-20 02:44:28','2020-05-18 19:47:58',NULL,NULL,1,NULL,1,'New second Wevents start','new desc',40.00,30,1,20,1,'2020-04-18 22:44:00','2020-05-19 22:44:00',40.00,0.00,0,NULL,1,6,2,'Couples','',2,0,0),
(8,'2020-04-20 06:12:37','2020-04-29 17:12:39',NULL,NULL,1,NULL,2,'My hot girl club ticket','My hot girl club description.',60.00,30,1,20,0,'2020-04-18 06:12:00','2020-05-20 06:12:00',0.00,0.00,0,NULL,1,0,4,'Single Female','My hot girl club note',4,0,0),
(9,'2020-04-21 21:18:39','2020-05-21 03:29:20',NULL,NULL,1,NULL,1,'door','desc',60.00,30,1,NULL,2,'2020-04-21 21:18:00',NULL,0.00,0.00,0,NULL,1,2,1,'Couples','trrreessert',2,0,0),
(10,'2020-04-22 05:44:46','2020-04-29 22:38:11',NULL,NULL,1,NULL,3,'new girl ticket free','description',60.00,30,1,50,4,'2020-04-21 05:44:00','2020-05-22 05:44:00',240.00,0.00,0,NULL,1,0,3,'Couples','note',3,0,0),
(11,'2020-04-22 11:58:10','2020-04-29 22:40:37',NULL,NULL,1,NULL,3,'My donation ticekte','donation description',0.00,30,1,40,1,'2020-04-21 11:57:00','2020-04-28 11:57:00',0.00,0.00,0,NULL,1,0,4,'Single Female','donation note',4,0,0),
(12,'2020-04-22 22:51:00','2020-05-25 07:35:48',NULL,NULL,1,NULL,1,'test don','abc don',25.00,30,1,NULL,5,'2020-04-22 22:51:00',NULL,125.00,0.00,0,NULL,1,3,4,'Couples','note',4,0,0),
(13,'2020-04-24 12:47:42','2020-05-16 01:18:57','2020-05-16 01:18:57',NULL,1,NULL,4,'Booze Cruise','Admit one for open bar booze cruise',5.00,30,1,100,0,'2020-05-14 21:01:00','2020-06-04 08:45:00',0.00,0.00,0,NULL,1,0,1,'Ticket','guest of Eric',2,0,0),
(14,'2020-04-29 15:40:04','2020-04-29 15:40:04',NULL,NULL,1,NULL,2,'My Corbra ','desc',60.00,30,1,100,0,'2020-04-28 15:39:00','2020-05-29 15:39:00',0.00,0.00,0,NULL,1,0,1,'Single Female','note',2,0,0),
(15,'2020-04-29 15:58:22','2020-04-29 17:12:17',NULL,NULL,1,NULL,2,'My Diamond','dia description',25.00,30,1,50,0,'2020-04-28 15:52:00','2020-05-29 15:53:00',0.00,0.00,0,NULL,1,0,2,'Single Female','dia desc',2,0,0),
(16,'2020-04-30 03:22:44','2020-05-25 14:06:42','2020-05-25 14:06:42',NULL,1,NULL,1,'test new test','we test ticket',60.00,30,1,10,0,'2020-04-28 23:22:00','2020-05-01 23:22:00',0.00,0.00,0,NULL,1,4,1,'Couples','test note',2,0,0),
(17,'2020-04-30 03:41:30','2020-05-16 05:11:31',NULL,NULL,1,NULL,4,'wevents tickets','ed',80.00,30,1,NULL,1,'2020-05-14 21:03:00','2020-06-04 23:41:00',80.00,1.65,0,NULL,1,0,4,'Ticket','test note',4,0,0),
(18,'2020-04-30 05:34:33','2020-05-16 01:34:25','2020-05-16 01:34:25',NULL,1,NULL,2,'Eric Event','Eric description',150.00,30,1,200,0,'2020-04-29 05:34:00','2020-05-30 05:34:00',0.00,0.00,0,NULL,1,0,4,'Single Male','Eric note',4,0,0),
(19,'2020-04-30 05:42:47','2020-05-25 07:52:56',NULL,NULL,1,NULL,1,'Eric event','Eric desc',150.00,30,1,200,1,'2020-04-29 01:42:00','2020-05-30 01:42:00',150.00,0.00,0,NULL,1,5,2,'Couples','note',2,0,0),
(20,'2020-04-30 07:52:38','2020-04-30 07:52:38',NULL,NULL,1,NULL,2,'minami','minami desc',120.00,30,1,20,0,'2020-04-29 07:52:00','2020-06-30 07:52:00',0.00,0.00,0,NULL,1,0,4,'Single Male','minami note',4,0,0),
(21,'2020-04-30 08:01:49','2020-05-17 04:04:46','2020-05-17 04:04:46',NULL,1,NULL,1,'minami','minami desc',60.00,30,1,20,0,'2020-04-29 08:01:00','2020-05-30 08:01:00',0.00,0.00,0,NULL,1,0,4,'Couples','minami note',4,0,0),
(22,'2020-05-16 16:48:33','2020-05-16 16:48:33',NULL,NULL,1,NULL,5,'test_2.1','',25.00,30,1,NULL,0,'2020-05-16 16:48:33',NULL,0.00,0.00,0,NULL,1,0,1,'Couples','',2,0,0),
(23,'2020-05-20 23:41:52','2020-05-20 23:50:52',NULL,NULL,2,NULL,14,'couples','Suggested Donation Entry',60.00,30,1,NULL,0,'2020-05-20 19:41:00','2020-06-20 19:41:00',0.00,0.00,0,NULL,2,0,4,'Couples','',4,0,0),
(24,'2020-05-20 23:46:51','2020-05-20 23:50:24',NULL,NULL,2,NULL,14,'Single Female','Free',0.00,30,1,NULL,0,'2020-05-20 19:46:00','2020-06-20 19:46:00',0.00,0.00,0,NULL,2,0,3,'Single Female','',3,0,0),
(25,'2020-05-20 23:47:41','2020-05-21 14:58:22',NULL,NULL,2,NULL,14,'Male','Suggested Donation',100.00,5,1,NULL,1,'2020-05-20 19:47:00','2020-06-20 19:47:00',100.00,0.00,0,NULL,2,0,4,'Single Male','',4,0,0),
(26,'2020-05-24 15:18:59','2020-05-27 18:31:44',NULL,NULL,1,NULL,1,'hide ticekt','description1',50.00,30,1,20,2,'2020-05-23 23:18:00','2020-06-25 23:18:00',100.00,0.00,0,NULL,1,0,0,'Single Male','notes11',4,0,0),
(27,'2020-05-25 13:26:27','2020-05-25 13:26:27',NULL,NULL,1,NULL,35,'My girl club wevent','my description',30.00,30,1,100,0,'2020-04-18 03:52:00','2020-05-20 03:52:00',0.00,0.00,0,NULL,1,0,3,'Single Female','note',3,0,0),
(28,'2020-05-25 13:26:27','2020-05-25 13:26:27',NULL,NULL,1,NULL,35,'My club event ticket','club description',0.00,20,1,50,0,'2020-04-18 03:53:00','2020-05-22 03:53:00',0.00,0.00,0,NULL,1,0,2,'Single Female','note1',2,1,0),
(29,'2020-05-25 13:26:27','2020-05-25 13:26:27',NULL,NULL,1,NULL,35,'new wevent start','wevent description',100.00,30,1,NULL,0,'2020-04-18 22:11:00','2020-04-25 00:11:00',0.00,0.00,0,NULL,1,0,4,'Couples','Note on Ticket',4,0,0),
(30,'2020-05-25 13:26:27','2020-05-25 13:26:27',NULL,NULL,1,NULL,35,'New second Wevents start','new desc',40.00,30,1,20,0,'2020-04-18 22:44:00','2020-05-19 22:44:00',0.00,0.00,0,NULL,1,0,2,'Couples','',2,0,0),
(31,'2020-05-25 13:26:27','2020-05-25 13:26:27',NULL,NULL,1,NULL,35,'door','desc',60.00,30,1,NULL,0,'2020-04-21 21:18:00','1970-01-01 00:00:00',0.00,0.00,0,NULL,1,0,1,'Couples','trrreessert',2,0,0),
(32,'2020-05-25 13:26:27','2020-05-25 13:26:27',NULL,NULL,1,NULL,35,'test don','abc don',25.00,30,1,NULL,0,'2020-04-22 22:51:00','1970-01-01 00:00:00',0.00,0.00,0,NULL,1,0,4,'Couples','note',4,0,0),
(33,'2020-05-25 13:26:27','2020-05-25 13:26:27',NULL,NULL,1,NULL,35,'test new test','we test ticket',60.00,30,1,10,0,'2020-04-28 23:22:00','2020-05-01 23:22:00',0.00,0.00,0,NULL,1,0,1,'Couples','test note',2,0,0),
(34,'2020-05-25 13:26:27','2020-05-25 13:26:27',NULL,NULL,1,NULL,35,'Eric event','Eric desc',150.00,30,1,200,0,'2020-04-29 01:42:00','2020-05-30 01:42:00',0.00,0.00,0,NULL,1,0,2,'Couples','note',2,0,0),
(35,'2020-05-25 13:26:28','2020-05-25 13:26:28',NULL,NULL,1,NULL,35,'hide ticekt','description1',50.00,30,1,20,0,'2020-05-23 23:18:00','2020-06-25 23:18:00',0.00,0.00,0,NULL,1,0,0,'Single Male','notes11',4,0,0),
(36,'2020-05-27 14:40:02','2020-05-27 18:33:59',NULL,NULL,1,NULL,1,'walkin Ticket','walkin ticket description',0.00,1,1,NULL,1,'2020-05-27 14:40:00','2020-06-27 14:40:00',0.00,0.00,0,NULL,1,0,0,'Couples','walkin note',3,0,0),
(37,'2020-05-27 15:32:56','2020-05-27 15:32:56',NULL,NULL,1,NULL,1,'walkin Ticket','walkin ticket description',110.00,1,1,NULL,0,'2020-05-27 15:32:00','2020-05-27 15:32:00',0.00,0.00,0,NULL,1,0,0,'Single Male','walkin note',2,0,0),
(38,'2020-05-27 19:00:50','2020-05-30 07:50:47',NULL,NULL,1,NULL,1,'walkin Ticket','walkin ticket description',10.00,1,1,NULL,1,'2020-05-27 19:00:00','2020-05-27 19:00:00',-10.00,0.00,0,NULL,1,0,0,'Single Male','walkin note',2,0,0),
(39,'2020-05-28 02:51:45','2020-05-28 02:51:45',NULL,NULL,1,NULL,1,'Walkin Ticket','This is a walkin ticket.',10.00,1,1,NULL,0,'2020-05-28 02:51:00','2020-05-28 02:51:00',0.00,0.00,0,NULL,1,0,0,'Single Male','walkin note',5,0,0),
(40,'2020-05-28 13:24:20','2020-05-28 13:24:20',NULL,NULL,1,NULL,1,'Walkin Ticket','This is a walkin ticket.',10.00,1,1,NULL,0,'2020-05-28 13:24:00','2020-05-28 13:24:00',0.00,0.00,0,NULL,1,0,0,'','walkin note',2,0,0),
(41,'2020-05-28 13:28:05','2020-05-28 13:28:05',NULL,NULL,1,NULL,1,'Walkin Ticket','This is a walkin ticket.',10.00,1,1,NULL,0,'2020-05-28 13:28:00','2020-05-28 13:28:00',0.00,0.00,0,NULL,1,0,0,'Couples','walkin note',4,0,0),
(42,'2020-05-29 05:58:04','2020-05-29 05:58:55',NULL,NULL,1,NULL,36,'TTT','Desc',0.00,30,1,10,1,'2020-05-29 05:58:04',NULL,0.00,0.00,0,NULL,1,0,0,'Single Male','not',3,0,0),
(43,'2020-05-31 09:55:35','2020-05-31 09:55:35',NULL,NULL,1,NULL,1,'walkin Ticket','walkin ticket description',1000.00,1,1,1,1,'2020-05-31 09:55:00','2020-05-31 09:55:00',1000.00,0.00,0,NULL,1,0,0,'Single Male','walkin note',2,0,0),
(44,'2020-05-31 17:16:59','2020-05-31 17:18:16',NULL,NULL,1,NULL,1,'DDDOOO','DESC',50.00,30,1,10,1,'2020-05-31 01:16:00','2020-07-01 01:16:00',50.00,0.00,0,NULL,1,0,0,'Single Male','note',2,0,0),
(45,'2020-06-04 06:43:33','2020-06-04 06:43:33',NULL,NULL,1,NULL,1,'Walkin Ticket','This is a walkin ticket.',10.00,1,1,1,1,'2020-06-04 06:43:00','2020-06-04 06:43:00',10.00,0.00,0,NULL,1,0,0,'Single Male','walkin note',2,0,0),
(46,'2020-06-04 06:48:15','2020-06-04 06:48:15',NULL,NULL,1,NULL,1,'Walkin Ticket','This is a walkin ticket.',150.00,1,1,1,1,'2020-06-04 06:48:00','2020-06-04 06:48:00',150.00,0.00,0,NULL,1,0,0,'Single Female','walkin note',2,0,0),
(47,'2020-06-04 06:50:25','2020-06-04 06:50:25',NULL,NULL,1,NULL,1,'Walkin Ticket','This is a walkin ticket.',10.00,1,1,1,1,'2020-06-04 06:50:00','2020-06-04 06:50:00',10.00,0.00,0,NULL,1,0,0,'Single Male','walkin note',2,0,0),
(48,'2020-06-04 06:53:52','2020-06-04 06:53:52',NULL,NULL,1,NULL,1,'Walkin Ticket','This is a walkin ticket.',10.00,1,1,1,1,'2020-06-04 06:53:00','2020-06-04 06:53:00',10.00,0.00,0,NULL,1,0,0,'Single Female','walkin note',2,0,0),
(49,'2020-07-01 17:16:05','2020-07-01 17:16:05',NULL,NULL,1,NULL,38,'My girl club wevent','my description',30.00,30,1,100,0,'2020-04-18 03:52:00','2020-05-20 03:52:00',0.00,0.00,0,NULL,1,0,3,'Single Female','note',3,0,0),
(50,'2020-07-01 17:16:05','2020-07-01 17:16:05',NULL,NULL,1,NULL,38,'My club event ticket','club description',0.00,20,1,50,0,'2020-04-18 03:53:00','2020-05-22 03:53:00',0.00,0.00,0,NULL,1,0,2,'Single Female','note1',2,1,0),
(51,'2020-07-01 17:16:05','2020-07-01 17:16:05',NULL,NULL,1,NULL,38,'new wevent start','wevent description',100.00,30,1,NULL,0,'2020-04-18 22:11:00','2020-04-25 00:11:00',0.00,0.00,0,NULL,1,0,1,'Couples','Note on Ticket',4,0,0),
(52,'2020-07-01 17:16:05','2020-07-01 17:16:05',NULL,NULL,1,NULL,38,'New second Wevents start','new desc',40.00,30,1,20,0,'2020-04-18 22:44:00','2020-05-19 22:44:00',0.00,0.00,0,NULL,1,0,2,'Couples','',2,0,0),
(53,'2020-07-01 17:16:05','2020-07-01 17:16:05',NULL,NULL,1,NULL,38,'door','desc',60.00,30,1,NULL,0,'2020-04-21 21:18:00','1970-01-01 00:00:00',0.00,0.00,0,NULL,1,0,1,'Couples','trrreessert',2,0,0),
(54,'2020-07-01 17:16:05','2020-07-01 17:16:05',NULL,NULL,1,NULL,38,'test don','abc don',25.00,30,1,NULL,0,'2020-04-22 22:51:00','1970-01-01 00:00:00',0.00,0.00,0,NULL,1,0,4,'Couples','note',4,0,0),
(55,'2020-07-01 17:16:05','2020-07-01 17:16:05',NULL,NULL,1,NULL,38,'Eric event','Eric desc',150.00,30,1,200,0,'2020-04-29 01:42:00','2020-05-30 01:42:00',0.00,0.00,0,NULL,1,0,2,'Couples','note',2,0,0),
(56,'2020-07-01 17:16:05','2020-07-01 17:16:05',NULL,NULL,1,NULL,38,'hide ticekt','description1',50.00,30,1,20,0,'2020-05-23 23:18:00','2020-06-25 23:18:00',0.00,0.00,0,NULL,1,0,0,'Single Male','notes11',4,0,0),
(57,'2020-07-01 17:16:06','2020-07-01 17:16:06',NULL,NULL,1,NULL,38,'walkin Ticket','walkin ticket description',0.00,1,1,NULL,0,'2020-05-27 14:40:00','2020-06-27 14:40:00',0.00,0.00,0,NULL,1,0,0,'Couples','walkin note',3,0,0),
(58,'2020-07-01 17:16:06','2020-07-01 17:16:06',NULL,NULL,1,NULL,38,'walkin Ticket','walkin ticket description',110.00,1,1,NULL,0,'2020-05-27 15:32:00','2020-05-27 15:32:00',0.00,0.00,0,NULL,1,0,0,'Single Male','walkin note',2,0,0);

/*Table structure for table `timezones` */

DROP TABLE IF EXISTS `timezones`;

CREATE TABLE `timezones` (
  `id` int(10) unsigned NOT NULL AUTO_INCREMENT,
  `name` varchar(255) COLLATE utf8_unicode_ci NOT NULL,
  `location` varchar(255) COLLATE utf8_unicode_ci NOT NULL,
  PRIMARY KEY (`id`)
) ENGINE=InnoDB AUTO_INCREMENT=113 DEFAULT CHARSET=utf8 COLLATE=utf8_unicode_ci;

/*Data for the table `timezones` */

insert  into `timezones`(`id`,`name`,`location`) values 
(1,'Pacific/Midway','(GMT-11:00) Midway Island'),
(2,'US/Samoa','(GMT-11:00) Samoa'),
(3,'US/Hawaii','(GMT-10:00) Hawaii'),
(4,'US/Alaska','(GMT-09:00) Alaska'),
(5,'US/Pacific','(GMT-08:00) Pacific Time (US &amp; Canada)'),
(6,'America/Tijuana','(GMT-08:00) Tijuana'),
(7,'US/Arizona','(GMT-07:00) Arizona'),
(8,'US/Mountain','(GMT-07:00) Mountain Time (US &amp; Canada)'),
(9,'America/Chihuahua','(GMT-07:00) Chihuahua'),
(10,'America/Mazatlan','(GMT-07:00) Mazatlan'),
(11,'America/Mexico_City','(GMT-06:00) Mexico City'),
(12,'America/Monterrey','(GMT-06:00) Monterrey'),
(13,'Canada/Saskatchewan','(GMT-06:00) Saskatchewan'),
(14,'US/Central','(GMT-06:00) Central Time (US &amp; Canada)'),
(15,'US/Eastern','(GMT-05:00) Eastern Time (US &amp; Canada)'),
(16,'US/East-Indiana','(GMT-05:00) Indiana (East)'),
(17,'America/Bogota','(GMT-05:00) Bogota'),
(18,'America/Lima','(GMT-05:00) Lima'),
(19,'America/Caracas','(GMT-04:30) Caracas'),
(20,'Canada/Atlantic','(GMT-04:00) Atlantic Time (Canada)'),
(21,'America/La_Paz','(GMT-04:00) La Paz'),
(22,'America/Santiago','(GMT-04:00) Santiago'),
(23,'Canada/Newfoundland','(GMT-03:30) Newfoundland'),
(24,'America/Buenos_Aires','(GMT-03:00) Buenos Aires'),
(25,'Greenland','(GMT-03:00) Greenland'),
(26,'Atlantic/Stanley','(GMT-02:00) Stanley'),
(27,'Atlantic/Azores','(GMT-01:00) Azores'),
(28,'Atlantic/Cape_Verde','(GMT-01:00) Cape Verde Is.'),
(29,'Africa/Casablanca','(GMT) Casablanca'),
(30,'Europe/Dublin','(GMT) Dublin'),
(31,'Europe/Lisbon','(GMT) Lisbon'),
(32,'Europe/London','(GMT) London'),
(33,'Africa/Monrovia','(GMT) Monrovia'),
(34,'Europe/Amsterdam','(GMT+01:00) Amsterdam'),
(35,'Europe/Belgrade','(GMT+01:00) Belgrade'),
(36,'Europe/Berlin','(GMT+01:00) Berlin'),
(37,'Europe/Bratislava','(GMT+01:00) Bratislava'),
(38,'Europe/Brussels','(GMT+01:00) Brussels'),
(39,'Europe/Budapest','(GMT+01:00) Budapest'),
(40,'Europe/Copenhagen','(GMT+01:00) Copenhagen'),
(41,'Europe/Ljubljana','(GMT+01:00) Ljubljana'),
(42,'Europe/Madrid','(GMT+01:00) Madrid'),
(43,'Europe/Paris','(GMT+01:00) Paris'),
(44,'Europe/Prague','(GMT+01:00) Prague'),
(45,'Europe/Rome','(GMT+01:00) Rome'),
(46,'Europe/Sarajevo','(GMT+01:00) Sarajevo'),
(47,'Europe/Skopje','(GMT+01:00) Skopje'),
(48,'Europe/Stockholm','(GMT+01:00) Stockholm'),
(49,'Europe/Vienna','(GMT+01:00) Vienna'),
(50,'Europe/Warsaw','(GMT+01:00) Warsaw'),
(51,'Europe/Zagreb','(GMT+01:00) Zagreb'),
(52,'Europe/Athens','(GMT+02:00) Athens'),
(53,'Europe/Bucharest','(GMT+02:00) Bucharest'),
(54,'Africa/Cairo','(GMT+02:00) Cairo'),
(55,'Africa/Harare','(GMT+02:00) Harare'),
(56,'Europe/Helsinki','(GMT+02:00) Helsinki'),
(57,'Europe/Istanbul','(GMT+02:00) Istanbul'),
(58,'Asia/Jerusalem','(GMT+02:00) Jerusalem'),
(59,'Europe/Kiev','(GMT+02:00) Kyiv'),
(60,'Europe/Minsk','(GMT+02:00) Minsk'),
(61,'Europe/Riga','(GMT+02:00) Riga'),
(62,'Europe/Sofia','(GMT+02:00) Sofia'),
(63,'Europe/Tallinn','(GMT+02:00) Tallinn'),
(64,'Europe/Vilnius','(GMT+02:00) Vilnius'),
(65,'Asia/Baghdad','(GMT+03:00) Baghdad'),
(66,'Asia/Kuwait','(GMT+03:00) Kuwait'),
(67,'Africa/Nairobi','(GMT+03:00) Nairobi'),
(68,'Asia/Riyadh','(GMT+03:00) Riyadh'),
(69,'Asia/Tehran','(GMT+03:30) Tehran'),
(70,'Europe/Moscow','(GMT+04:00) Moscow'),
(71,'Asia/Baku','(GMT+04:00) Baku'),
(72,'Europe/Volgograd','(GMT+04:00) Volgograd'),
(73,'Asia/Muscat','(GMT+04:00) Muscat'),
(74,'Asia/Tbilisi','(GMT+04:00) Tbilisi'),
(75,'Asia/Yerevan','(GMT+04:00) Yerevan'),
(76,'Asia/Kabul','(GMT+04:30) Kabul'),
(77,'Asia/Karachi','(GMT+05:00) Karachi'),
(78,'Asia/Tashkent','(GMT+05:00) Tashkent'),
(79,'Asia/Kolkata','(GMT+05:30) Kolkata'),
(80,'Asia/Kathmandu','(GMT+05:45) Kathmandu'),
(81,'Asia/Yekaterinburg','(GMT+06:00) Ekaterinburg'),
(82,'Asia/Almaty','(GMT+06:00) Almaty'),
(83,'Asia/Dhaka','(GMT+06:00) Dhaka'),
(84,'Asia/Novosibirsk','(GMT+07:00) Novosibirsk'),
(85,'Asia/Bangkok','(GMT+07:00) Bangkok'),
(86,'Asia/Jakarta','(GMT+07:00) Jakarta'),
(87,'Asia/Krasnoyarsk','(GMT+08:00) Krasnoyarsk'),
(88,'Asia/Chongqing','(GMT+08:00) Chongqing'),
(89,'Asia/Hong_Kong','(GMT+08:00) Hong Kong'),
(90,'Asia/Kuala_Lumpur','(GMT+08:00) Kuala Lumpur'),
(91,'Australia/Perth','(GMT+08:00) Perth'),
(92,'Asia/Singapore','(GMT+08:00) Singapore'),
(93,'Asia/Taipei','(GMT+08:00) Taipei'),
(94,'Asia/Ulaanbaatar','(GMT+08:00) Ulaan Bataar'),
(95,'Asia/Urumqi','(GMT+08:00) Urumqi'),
(96,'Asia/Irkutsk','(GMT+09:00) Irkutsk'),
(97,'Asia/Seoul','(GMT+09:00) Seoul'),
(98,'Asia/Tokyo','(GMT+09:00) Tokyo'),
(99,'Australia/Adelaide','(GMT+09:30) Adelaide'),
(100,'Australia/Darwin','(GMT+09:30) Darwin'),
(101,'Asia/Yakutsk','(GMT+10:00) Yakutsk'),
(102,'Australia/Brisbane','(GMT+10:00) Brisbane'),
(103,'Australia/Canberra','(GMT+10:00) Canberra'),
(104,'Pacific/Guam','(GMT+10:00) Guam'),
(105,'Australia/Hobart','(GMT+10:00) Hobart'),
(106,'Australia/Melbourne','(GMT+10:00) Melbourne'),
(107,'Pacific/Port_Moresby','(GMT+10:00) Port Moresby'),
(108,'Australia/Sydney','(GMT+10:00) Sydney'),
(109,'Asia/Vladivostok','(GMT+11:00) Vladivostok'),
(110,'Asia/Magadan','(GMT+12:00) Magadan'),
(111,'Pacific/Auckland','(GMT+12:00) Auckland'),
(112,'Pacific/Fiji','(GMT+12:00) Fiji');

/*Table structure for table `users` */

DROP TABLE IF EXISTS `users`;

CREATE TABLE `users` (
  `id` int(10) unsigned NOT NULL AUTO_INCREMENT,
  `account_id` int(10) unsigned NOT NULL,
  `created_at` timestamp NULL DEFAULT NULL,
  `updated_at` timestamp NULL DEFAULT NULL,
  `deleted_at` timestamp NULL DEFAULT NULL,
  `first_name` varchar(255) COLLATE utf8_unicode_ci DEFAULT NULL,
  `last_name` varchar(255) COLLATE utf8_unicode_ci DEFAULT NULL,
  `phone` varchar(255) COLLATE utf8_unicode_ci DEFAULT NULL,
  `email` varchar(255) COLLATE utf8_unicode_ci NOT NULL,
  `password` varchar(255) COLLATE utf8_unicode_ci NOT NULL,
  `confirmation_code` varchar(255) COLLATE utf8_unicode_ci NOT NULL,
  `is_registered` tinyint(1) NOT NULL DEFAULT '0',
  `is_confirmed` tinyint(1) NOT NULL DEFAULT '0',
  `is_parent` tinyint(1) NOT NULL DEFAULT '0',
  `remember_token` varchar(100) COLLATE utf8_unicode_ci DEFAULT NULL,
  `api_token` varchar(60) COLLATE utf8_unicode_ci DEFAULT NULL,
  `pass_code` varchar(4) COLLATE utf8_unicode_ci NOT NULL,
  PRIMARY KEY (`id`),
  UNIQUE KEY `users_api_token_unique` (`api_token`),
  KEY `users_account_id_index` (`account_id`),
  CONSTRAINT `users_account_id_foreign` FOREIGN KEY (`account_id`) REFERENCES `accounts` (`id`) ON DELETE CASCADE
) ENGINE=InnoDB AUTO_INCREMENT=6 DEFAULT CHARSET=utf8 COLLATE=utf8_unicode_ci;

/*Data for the table `users` */

insert  into `users`(`id`,`account_id`,`created_at`,`updated_at`,`deleted_at`,`first_name`,`last_name`,`phone`,`email`,`password`,`confirmation_code`,`is_registered`,`is_confirmed`,`is_parent`,`remember_token`,`api_token`,`pass_code`) values 
(1,1,'2020-04-06 20:54:26','2020-05-21 07:20:16',NULL,'Eric','Jamie',NULL,'funcpl@yahoo.com','$2y$10$jCU1V1Ljy.mYRN3FR/6N2.fJ5gr/Kh1HS/x5wLVzqwx.N3u6HM1eS','XTgb47A1GEtPldT6',1,0,1,'JhpwG2ugVmBoO8nDK5BWvjYyyEF4pScX1juZswEVZ8LMwIdbQfpDhMntvZSC','98xocF7Q5ZGBpPhNfzHTkPGrqIQe9fC2pPH6SXQGsXDXBK8utIn8PjyHmpg3','1234'),
(2,2,'2020-04-25 07:25:53','2020-05-21 19:12:52',NULL,'Jamie','Jamie',NULL,'e@eca1.net','$2y$10$x1Q2nF0HgzE.F/ijPlUM7OttFxPl7U36lh1fGHN5.JxRGDLOFLwRW','cearLxH1QDE1H2bI',1,0,1,'cexBqnfvGtYChHT1sKObOjvSH9QYxwiEV5NMhA34S7ljO5j0pBsBk2klYGAY','nLiLjJyYITJiVH0H6qSFCr6jDCmCVikWIilxnfFmK2TcxIUOJNBmV93FghVk','3334'),
(3,3,'2020-05-17 21:12:02','2020-05-17 21:12:02',NULL,'minamidaro111','',NULL,'minamidaro@hotmail.com','$2y$10$fNn0DcdPNygnz6n6MAdR5u3XfvB/eXWEaNn6Mn9kpcdL4oOihmRLC','rKA53n6wBstnFk2k',1,0,1,'fyISYR6n2K22UbBHOsgHRBfPGo4RLF7jMEwEmhX6oYYboW1Szezbm4d5a5Nu','LP6cTYzh6joJkg4BIvqC09uf0xvEjenvVoQ6KobEEczT6epKAEK4ZG6V3hWI',''),
(5,4,'2020-05-22 09:39:27','2020-05-22 09:39:27',NULL,'sexyduo','duo',NULL,'iwhisprr@clubwhisprrz.com','$2y$10$wfqHfXQATBQoF8ZIQ2iAV.IbYr1svW36SMwbc5yJo1iFBCWShZ0Oi','mSx3rejE8UKPlJIL',1,0,1,'d12OLtxJhCdJsPL5wNmo9RYyyje49qGknCKwexXv4kW6h8XelnUkjzae3r5P','K7YNNEOUZuBUMOgWbmauSTVYzEbckJSwT0XrOTosAA8NwWMJIwk9CFop8ztV','');

/*!40101 SET SQL_MODE=@OLD_SQL_MODE */;
/*!40014 SET FOREIGN_KEY_CHECKS=@OLD_FOREIGN_KEY_CHECKS */;
/*!40014 SET UNIQUE_CHECKS=@OLD_UNIQUE_CHECKS */;
/*!40111 SET SQL_NOTES=@OLD_SQL_NOTES */;
